cost_function, budget_percentage, budget, algorithm, seed_count, seed_cost, baseline_influenced_nodes, baseline_influence_percentage, edge_removal_percentage, repetition, removed_edges, perturbed_influenced_nodes, perturbed_influence_percentage, delta_influence, retention_percentage, perturbed_rounds
Random       ,               1.0,    220, CSG-f1   ,        146,       220,                       293,             7.254270859123546,                     1.0,          0,           882,                        305,             7.551374102500619 , 12             ,  104.09556313993174 ,                5
Random       ,               1.0,    220, CSG-f2   ,        140,       219,                       224,             5.545927209705372,                     1.0,          0,           882,                        228,             5.644961624164397 , 4              ,  101.78571428571428 ,                2
Random       ,               1.0,    220, CGG      ,        120,       220,                       588,            14.558058925476603,                     1.0,          0,           882,                        587,            14.533300321861848 , -1             ,   99.82993197278913 ,               11
Random       ,               2.0,    440, CSG-f1   ,        252,       440,                       409,            10.126268878435257,                     1.0,          0,           882,                        418,            10.349096310968061 , 9              ,  102.200488997555   ,                5
Random       ,               2.0,    440, CSG-f2   ,        244,       438,                       366,             9.061648923000742,                     1.0,          0,           882,                        377,             9.33399356276306  , 11             ,  103.00546448087431 ,                5
Random       ,               2.0,    440, CGG      ,        285,       440,                       882,            21.837088388214905,                     1.0,          0,           882,                        877,            21.713295370141125 , -5             ,   99.43310657596372 ,               10
Random       ,               5.0,   1100, CSG-f1   ,        487,      1099,                      1354,            33.52314929437979 ,                     1.0,          0,           882,                       1383,            34.24114879920773  , 29             ,  102.14180206794683 ,               17
Random       ,               5.0,   1100, CSG-f2   ,        533,      1099,                      1553,            38.450111413716265,                     1.0,          0,           882,                       1555,            38.49962862094578  , 2              ,  100.12878300064392 ,               23
Random       ,               5.0,   1100, CGG      ,        619,      1099,                      2519,            62.366922505570685,                     1.0,          0,           882,                       2226,            55.11265164644714  , -293           ,   88.36840015879316 ,               49
Random       ,              10.0,   2201, CSG-f1   ,        869,      2196,                      2883,            71.37905422134192 ,                     1.0,          0,           882,                       2958,            73.23594949244863  , 75             ,  102.60145681581685 ,               19
Random       ,              10.0,   2201, CSG-f2   ,        979,      2201,                      3095,            76.62787818767022 ,                     1.0,          0,           882,                       3095,            76.62787818767022  , 0              ,  100.0              ,               18
Random       ,              10.0,   2201, CGG      ,        926,      2011,                      4039,           100.0              ,                     1.0,          0,           882,                       3618,            89.57662787818768  , -421           ,   89.57662787818768 ,               40
Random       ,              20.0,   4402, CSG-f1   ,       1495,      4399,                      4012,            99.33151770240158 ,                     1.0,          0,           882,                       4017,            99.45531072047537  , 5              ,  100.12462612163509 ,                5
Random       ,              20.0,   4402, CSG-f2   ,       1620,      4399,                      3963,            98.11834612527853 ,                     1.0,          0,           882,                       3963,            98.11834612527853  , 0              ,  100.0              ,                5
Random       ,              20.0,   4402, CGG      ,        926,      2011,                      4039,           100.0              ,                     1.0,          0,           882,                       3618,            89.57662787818768  , -421           ,   89.57662787818768 ,               40
Degree       ,               1.0,    892, CSG-f1   ,        117,       888,                       158,             3.911859371131468,                     1.0,          0,           882,                        164,             4.060410992820005 , 6              ,  103.79746835443038 ,                6
Degree       ,               1.0,    892, CSG-f2   ,        209,       888,                       211,             5.224065362713543,                     1.0,          0,           882,                        212,             5.248823966328299 , 1              ,  100.4739336492891  ,                1
Degree       ,               1.0,    892, CGG      ,        442,       891,                       555,            13.74102500618965 ,                     1.0,          0,           882,                        552,            13.666749195345382 , -3             ,   99.45945945945947 ,               14
Degree       ,               2.0,   1784, CSG-f1   ,        177,      1766,                       368,             9.111166130230256,                     1.0,          0,           882,                        369,             9.13592473384501  , 1              ,  100.2717391304348  ,                6
Degree       ,               2.0,   1784, CSG-f2   ,        261,      1781,                       264,             6.536271354295618,                     1.0,          0,           882,                        265,             6.561029957910374 , 1              ,  100.37878787878789 ,                1
Degree       ,               2.0,   1784, CGG      ,        668,      1783,                       899,            22.25798464966576 ,                     1.0,          0,           882,                        898,            22.233226046051    , -1             ,   99.88876529477196 ,               14
Degree       ,               5.0,   4462, CSG-f1   ,        287,      4462,                       480,            11.884129735082942,                     1.0,          0,           882,                        481,            11.908888338697697 , 1              ,  100.20833333333334 ,                6
Degree       ,               5.0,   4462, CSG-f2   ,        408,      4426,                       412,            10.200544689279525,                     1.0,          0,           882,                        411,            10.175786085664768 , -1             ,   99.75728155339806 ,                1
Degree       ,               5.0,   4462, CGG      ,       1100,      4456,                      1411,            34.9343897004209  ,                     1.0,          0,           882,                       1411,            34.9343897004209   , 0              ,  100.0              ,               14
Degree       ,              10.0,   8924, CSG-f1   ,        448,      8910,                       650,            16.093092349591483,                     1.0,          0,           882,                        651,            16.11785095320624  , 1              ,  100.15384615384615 ,                6
Degree       ,              10.0,   8924, CSG-f2   ,        613,      8915,                       617,            15.276058430304532,                     1.0,          0,           882,                        616,            15.251299826689774 , -1             ,   99.83792544570503 ,                1
Degree       ,              10.0,   8924, CGG      ,       1539,      8919,                      2405,            59.544441693488494,                     1.0,          0,           882,                       2297,            56.87051250309483  , -108           ,   95.50935550935552 ,               30
Degree       ,              20.0,  17848, CSG-f1   ,        849,     17836,                      1853,            45.877692498143105,                     1.0,          0,           882,                       1854,            45.90245110175786  , 1              ,  100.05396654074474 ,                7
Degree       ,              20.0,  17848, CSG-f2   ,       1075,     17802,                      1081,            26.764050507551374,                     1.0,          0,           882,                       1081,            26.764050507551374 , 0              ,  100.0              ,                1
Degree       ,              20.0,  17848, CGG      ,       1982,     17817,                      3467,            85.83807873235949 ,                     1.0,          0,           882,                       3413,            84.50111413716267  , -54            ,   98.44245745601384 ,               37
Random       ,               1.0,    220, CSG-f1   ,        146,       220,                       293,             7.254270859123546,                     1.0,          1,           882,                        295,             7.303788066353058 , 2              ,  100.6825938566553  ,                2
Random       ,               1.0,    220, CSG-f2   ,        140,       219,                       224,             5.545927209705372,                     1.0,          1,           882,                        224,             5.545927209705372 , 0              ,  100.0              ,                2
Random       ,               1.0,    220, CGG      ,        120,       220,                       588,            14.558058925476603,                     1.0,          1,           882,                        557,            13.790542213419164 , -31            ,   94.72789115646259 ,               13
Random       ,               2.0,    440, CSG-f1   ,        252,       440,                       409,            10.126268878435257,                     1.0,          1,           882,                        410,            10.151027482050011 , 1              ,  100.24449877750612 ,                3
Random       ,               2.0,    440, CSG-f2   ,        244,       438,                       366,             9.061648923000742,                     1.0,          1,           882,                        366,             9.061648923000742 , 0              ,  100.0              ,                2
Random       ,               2.0,    440, CGG      ,        285,       440,                       882,            21.837088388214905,                     1.0,          1,           882,                        856,            21.193364694231246 , -26            ,   97.05215419501134 ,               13
Random       ,               5.0,   1100, CSG-f1   ,        487,      1099,                      1354,            33.52314929437979 ,                     1.0,          1,           882,                       1351,            33.44887348353553  , -3             ,   99.77843426883308 ,               15
Random       ,               5.0,   1100, CSG-f2   ,        533,      1099,                      1553,            38.450111413716265,                     1.0,          1,           882,                       1552,            38.42535281010151  , -1             ,   99.93560849967804 ,               28
Random       ,               5.0,   1100, CGG      ,        619,      1099,                      2519,            62.366922505570685,                     1.0,          1,           882,                       2236,            55.3602376825947   , -283           ,   88.76538308852719 ,               55
Random       ,              10.0,   2201, CSG-f1   ,        869,      2196,                      2883,            71.37905422134192 ,                     1.0,          1,           882,                       2883,            71.37905422134192  , 0              ,  100.0              ,               14
Random       ,              10.0,   2201, CSG-f2   ,        979,      2201,                      3095,            76.62787818767022 ,                     1.0,          1,           882,                       3094,            76.60311958405546  , -1             ,   99.96768982229402 ,               18
Random       ,              10.0,   2201, CGG      ,        926,      2011,                      4039,           100.0              ,                     1.0,          1,           882,                       3711,            91.87917801435998  , -328           ,   91.87917801435998 ,               40
Random       ,              20.0,   4402, CSG-f1   ,       1495,      4399,                      4012,            99.33151770240158 ,                     1.0,          1,           882,                       4012,            99.33151770240158  , 0              ,  100.0              ,                6
Random       ,              20.0,   4402, CSG-f2   ,       1620,      4399,                      3963,            98.11834612527853 ,                     1.0,          1,           882,                       3963,            98.11834612527853  , 0              ,  100.0              ,                5
Random       ,              20.0,   4402, CGG      ,        926,      2011,                      4039,           100.0              ,                     1.0,          1,           882,                       3711,            91.87917801435998  , -328           ,   91.87917801435998 ,               40
Degree       ,               1.0,    892, CSG-f1   ,        117,       888,                       158,             3.911859371131468,                     1.0,          1,           882,                        158,             3.911859371131468 , 0              ,  100.0              ,                6
Degree       ,               1.0,    892, CSG-f2   ,        209,       888,                       211,             5.224065362713543,                     1.0,          1,           882,                        212,             5.248823966328299 , 1              ,  100.4739336492891  ,                1
Degree       ,               1.0,    892, CGG      ,        442,       891,                       555,            13.74102500618965 ,                     1.0,          1,           882,                        555,            13.74102500618965  , 0              ,  100.0              ,               15
Degree       ,               2.0,   1784, CSG-f1   ,        177,      1766,                       368,             9.111166130230256,                     1.0,          1,           882,                        368,             9.111166130230256 , 0              ,  100.0              ,                6
Degree       ,               2.0,   1784, CSG-f2   ,        261,      1781,                       264,             6.536271354295618,                     1.0,          1,           882,                        265,             6.561029957910374 , 1              ,  100.37878787878789 ,                1
Degree       ,               2.0,   1784, CGG      ,        668,      1783,                       899,            22.25798464966576 ,                     1.0,          1,           882,                        899,            22.25798464966576  , 0              ,  100.0              ,               15
Degree       ,               5.0,   4462, CSG-f1   ,        287,      4462,                       480,            11.884129735082942,                     1.0,          1,           882,                        480,            11.884129735082942 , 0              ,  100.0              ,                6
Degree       ,               5.0,   4462, CSG-f2   ,        408,      4426,                       412,            10.200544689279525,                     1.0,          1,           882,                        413,            10.22530329289428  , 1              ,  100.24271844660196 ,                2
Degree       ,               5.0,   4462, CGG      ,       1100,      4456,                      1411,            34.9343897004209  ,                     1.0,          1,           882,                       1411,            34.9343897004209   , 0              ,  100.0              ,               15
Degree       ,              10.0,   8924, CSG-f1   ,        448,      8910,                       650,            16.093092349591483,                     1.0,          1,           882,                        651,            16.11785095320624  , 1              ,  100.15384615384615 ,                6
Degree       ,              10.0,   8924, CSG-f2   ,        613,      8915,                       617,            15.276058430304532,                     1.0,          1,           882,                        617,            15.276058430304532 , 0              ,  100.0              ,                2
Degree       ,              10.0,   8924, CGG      ,       1539,      8919,                      2405,            59.544441693488494,                     1.0,          1,           882,                       2212,            54.76603119584056  , -193           ,   91.97505197505198 ,               18
Degree       ,              20.0,  17848, CSG-f1   ,        849,     17836,                      1853,            45.877692498143105,                     1.0,          1,           882,                       1853,            45.877692498143105 , 0              ,  100.0              ,                7
Degree       ,              20.0,  17848, CSG-f2   ,       1075,     17802,                      1081,            26.764050507551374,                     1.0,          1,           882,                       1081,            26.764050507551374 , 0              ,  100.0              ,                2
Degree       ,              20.0,  17848, CGG      ,       1982,     17817,                      3467,            85.83807873235949 ,                     1.0,          1,           882,                       3176,            78.63332508046547  , -291           ,   91.60657629074127 ,               38
Random       ,               1.0,    220, CSG-f1   ,        146,       220,                       293,             7.254270859123546,                     1.0,          2,           882,                        296,             7.328546669967814 , 3              ,  101.02389078498292 ,                3
Random       ,               1.0,    220, CSG-f2   ,        140,       219,                       224,             5.545927209705372,                     1.0,          2,           882,                        227,             5.620203020549641 , 3              ,  101.33928571428572 ,                3
Random       ,               1.0,    220, CGG      ,        120,       220,                       588,            14.558058925476603,                     1.0,          2,           882,                        587,            14.533300321861848 , -1             ,   99.82993197278913 ,               14
Random       ,               2.0,    440, CSG-f1   ,        252,       440,                       409,            10.126268878435257,                     1.0,          2,           882,                        413,            10.22530329289428  , 4              ,  100.97799511002445 ,                3
Random       ,               2.0,    440, CSG-f2   ,        244,       438,                       366,             9.061648923000742,                     1.0,          2,           882,                        369,             9.13592473384501  , 3              ,  100.81967213114753 ,                3
Random       ,               2.0,    440, CGG      ,        285,       440,                       882,            21.837088388214905,                     1.0,          2,           882,                        878,            21.738053973755882 , -4             ,   99.54648526077098 ,               14
Random       ,               5.0,   1100, CSG-f1   ,        487,      1099,                      1354,            33.52314929437979 ,                     1.0,          2,           882,                       1357,            33.59742510522407  , 3              ,  100.22156573116692 ,               13
Random       ,               5.0,   1100, CSG-f2   ,        533,      1099,                      1553,            38.450111413716265,                     1.0,          2,           882,                       1560,            38.62342163901956  , 7              ,  100.45074050225371 ,               27
Random       ,               5.0,   1100, CGG      ,        619,      1099,                      2519,            62.366922505570685,                     1.0,          2,           882,                       2380,            58.925476603119584 , -139           ,   94.48193727669711 ,               58
Random       ,              10.0,   2201, CSG-f1   ,        869,      2196,                      2883,            71.37905422134192 ,                     1.0,          2,           882,                       2967,            73.45877692498142  , 84             ,  102.91363163371487 ,               19
Random       ,              10.0,   2201, CSG-f2   ,        979,      2201,                      3095,            76.62787818767022 ,                     1.0,          2,           882,                       3105,            76.87546422381779  , 10             ,  100.32310177705976 ,               18
Random       ,              10.0,   2201, CGG      ,        926,      2011,                      4039,           100.0              ,                     1.0,          2,           882,                       3719,            92.07724684327803  , -320           ,   92.07724684327803 ,               50
Random       ,              20.0,   4402, CSG-f1   ,       1495,      4399,                      4012,            99.33151770240158 ,                     1.0,          2,           882,                       4012,            99.33151770240158  , 0              ,  100.0              ,                6
Random       ,              20.0,   4402, CSG-f2   ,       1620,      4399,                      3963,            98.11834612527853 ,                     1.0,          2,           882,                       3963,            98.11834612527853  , 0              ,  100.0              ,                5
Random       ,              20.0,   4402, CGG      ,        926,      2011,                      4039,           100.0              ,                     1.0,          2,           882,                       3719,            92.07724684327803  , -320           ,   92.07724684327803 ,               50
Degree       ,               1.0,    892, CSG-f1   ,        117,       888,                       158,             3.911859371131468,                     1.0,          2,           882,                        158,             3.911859371131468 , 0              ,  100.0              ,                5
Degree       ,               1.0,    892, CSG-f2   ,        209,       888,                       211,             5.224065362713543,                     1.0,          2,           882,                        211,             5.224065362713543 , 0              ,  100.0              ,                1
Degree       ,               1.0,    892, CGG      ,        442,       891,                       555,            13.74102500618965 ,                     1.0,          2,           882,                        555,            13.74102500618965  , 0              ,  100.0              ,               14
Degree       ,               2.0,   1784, CSG-f1   ,        177,      1766,                       368,             9.111166130230256,                     1.0,          2,           882,                        374,             9.259717751918792 , 6              ,  101.63043478260869 ,                6
Degree       ,               2.0,   1784, CSG-f2   ,        261,      1781,                       264,             6.536271354295618,                     1.0,          2,           882,                        264,             6.536271354295618 , 0              ,  100.0              ,                1
Degree       ,               2.0,   1784, CGG      ,        668,      1783,                       899,            22.25798464966576 ,                     1.0,          2,           882,                        895,            22.158950235206735 , -4             ,   99.55506117908787 ,               14
Degree       ,               5.0,   4462, CSG-f1   ,        287,      4462,                       480,            11.884129735082942,                     1.0,          2,           882,                        486,            12.032681356771478 , 6              ,  101.25             ,                6
Degree       ,               5.0,   4462, CSG-f2   ,        408,      4426,                       412,            10.200544689279525,                     1.0,          2,           882,                        412,            10.200544689279525 , 0              ,  100.0              ,                2
Degree       ,               5.0,   4462, CGG      ,       1100,      4456,                      1411,            34.9343897004209  ,                     1.0,          2,           882,                       1411,            34.9343897004209   , 0              ,  100.0              ,               14
Degree       ,              10.0,   8924, CSG-f1   ,        448,      8910,                       650,            16.093092349591483,                     1.0,          2,           882,                        658,            16.291161178509533 , 8              ,  101.23076923076924 ,                6
Degree       ,              10.0,   8924, CSG-f2   ,        613,      8915,                       617,            15.276058430304532,                     1.0,          2,           882,                        617,            15.276058430304532 , 0              ,  100.0              ,                2
Degree       ,              10.0,   8924, CGG      ,       1539,      8919,                      2405,            59.544441693488494,                     1.0,          2,           882,                       2328,            57.638029215152265 , -77            ,   96.7983367983368  ,               19
Degree       ,              20.0,  17848, CSG-f1   ,        849,     17836,                      1853,            45.877692498143105,                     1.0,          2,           882,                       1859,            46.026244119831645 , 6              ,  100.32379924446843 ,                7
Degree       ,              20.0,  17848, CSG-f2   ,       1075,     17802,                      1081,            26.764050507551374,                     1.0,          2,           882,                       1081,            26.764050507551374 , 0              ,  100.0              ,                2
Degree       ,              20.0,  17848, CGG      ,       1982,     17817,                      3467,            85.83807873235949 ,                     1.0,          2,           882,                       3331,            82.47090864075265  , -136           ,   96.07730025959043 ,               24
Random       ,               1.0,    220, CSG-f1   ,        146,       220,                       293,             7.254270859123546,                     1.0,          3,           882,                        296,             7.328546669967814 , 3              ,  101.02389078498292 ,                2
Random       ,               1.0,    220, CSG-f2   ,        140,       219,                       224,             5.545927209705372,                     1.0,          3,           882,                        224,             5.545927209705372 , 0              ,  100.0              ,                2
Random       ,               1.0,    220, CGG      ,        120,       220,                       588,            14.558058925476603,                     1.0,          3,           882,                        559,            13.840059420648675 , -29            ,   95.06802721088435 ,               13
Random       ,               2.0,    440, CSG-f1   ,        252,       440,                       409,            10.126268878435257,                     1.0,          3,           882,                        412,            10.200544689279525 , 3              ,  100.73349633251834 ,                3
Random       ,               2.0,    440, CSG-f2   ,        244,       438,                       366,             9.061648923000742,                     1.0,          3,           882,                        365,             9.036890319385988 , -1             ,   99.72677595628416 ,                2
Random       ,               2.0,    440, CGG      ,        285,       440,                       882,            21.837088388214905,                     1.0,          3,           882,                        853,            21.119088883386976 , -29            ,   96.71201814058958 ,               13
Random       ,               5.0,   1100, CSG-f1   ,        487,      1099,                      1354,            33.52314929437979 ,                     1.0,          3,           882,                       1363,            33.7459767269126   , 9              ,  100.66469719350073 ,               14
Random       ,               5.0,   1100, CSG-f2   ,        533,      1099,                      1553,            38.450111413716265,                     1.0,          3,           882,                       1371,            33.94404555583065  , -182           ,   88.28074694140373 ,               26
Random       ,               5.0,   1100, CGG      ,        619,      1099,                      2519,            62.366922505570685,                     1.0,          3,           882,                       2059,            50.97796484278286  , -460           ,   81.73878523223502 ,               51
Random       ,              10.0,   2201, CSG-f1   ,        869,      2196,                      2883,            71.37905422134192 ,                     1.0,          3,           882,                       2890,            71.55236444664521  , 7              ,  100.24280263614291 ,               13
Random       ,              10.0,   2201, CSG-f2   ,        979,      2201,                      3095,            76.62787818767022 ,                     1.0,          3,           882,                       3098,            76.70215399851449  , 3              ,  100.09693053311793 ,               18
Random       ,              10.0,   2201, CGG      ,        926,      2011,                      4039,           100.0              ,                     1.0,          3,           882,                       3444,            85.2686308492201   , -595           ,   85.2686308492201  ,               40
Random       ,              20.0,   4402, CSG-f1   ,       1495,      4399,                      4012,            99.33151770240158 ,                     1.0,          3,           882,                       4012,            99.33151770240158  , 0              ,  100.0              ,                6
Random       ,              20.0,   4402, CSG-f2   ,       1620,      4399,                      3963,            98.11834612527853 ,                     1.0,          3,           882,                       3963,            98.11834612527853  , 0              ,  100.0              ,                4
Random       ,              20.0,   4402, CGG      ,        926,      2011,                      4039,           100.0              ,                     1.0,          3,           882,                       3444,            85.2686308492201   , -595           ,   85.2686308492201  ,               40
Degree       ,               1.0,    892, CSG-f1   ,        117,       888,                       158,             3.911859371131468,                     1.0,          3,           882,                        159,             3.9366179747462247, 1              ,  100.63291139240506 ,                7
Degree       ,               1.0,    892, CSG-f2   ,        209,       888,                       211,             5.224065362713543,                     1.0,          3,           882,                        211,             5.224065362713543 , 0              ,  100.0              ,                1
Degree       ,               1.0,    892, CGG      ,        442,       891,                       555,            13.74102500618965 ,                     1.0,          3,           882,                        555,            13.74102500618965  , 0              ,  100.0              ,               13
Degree       ,               2.0,   1784, CSG-f1   ,        177,      1766,                       368,             9.111166130230256,                     1.0,          3,           882,                        369,             9.13592473384501  , 1              ,  100.2717391304348  ,                6
Degree       ,               2.0,   1784, CSG-f2   ,        261,      1781,                       264,             6.536271354295618,                     1.0,          3,           882,                        264,             6.536271354295618 , 0              ,  100.0              ,                1
Degree       ,               2.0,   1784, CGG      ,        668,      1783,                       899,            22.25798464966576 ,                     1.0,          3,           882,                        885,            21.91136419905917  , -14            ,   98.44271412680756 ,               13
Degree       ,               5.0,   4462, CSG-f1   ,        287,      4462,                       480,            11.884129735082942,                     1.0,          3,           882,                        481,            11.908888338697697 , 1              ,  100.20833333333334 ,                6
Degree       ,               5.0,   4462, CSG-f2   ,        408,      4426,                       412,            10.200544689279525,                     1.0,          3,           882,                        412,            10.200544689279525 , 0              ,  100.0              ,                2
Degree       ,               5.0,   4462, CGG      ,       1100,      4456,                      1411,            34.9343897004209  ,                     1.0,          3,           882,                       1398,            34.612527853429064 , -13            ,   99.07866761162296 ,               13
Degree       ,              10.0,   8924, CSG-f1   ,        448,      8910,                       650,            16.093092349591483,                     1.0,          3,           882,                        651,            16.11785095320624  , 1              ,  100.15384615384615 ,                6
Degree       ,              10.0,   8924, CSG-f2   ,        613,      8915,                       617,            15.276058430304532,                     1.0,          3,           882,                        617,            15.276058430304532 , 0              ,  100.0              ,                2
Degree       ,              10.0,   8924, CGG      ,       1539,      8919,                      2405,            59.544441693488494,                     1.0,          3,           882,                       2241,            55.484030700668484 , -164           ,   93.18087318087318 ,               19
Degree       ,              20.0,  17848, CSG-f1   ,        849,     17836,                      1853,            45.877692498143105,                     1.0,          3,           882,                       1854,            45.90245110175786  , 1              ,  100.05396654074474 ,                7
Degree       ,              20.0,  17848, CSG-f2   ,       1075,     17802,                      1081,            26.764050507551374,                     1.0,          3,           882,                       1082,            26.788809111166128 , 1              ,  100.09250693802034 ,                2
Degree       ,              20.0,  17848, CGG      ,       1982,     17817,                      3467,            85.83807873235949 ,                     1.0,          3,           882,                       3353,            83.0155979202773   , -114           ,   96.71185462936256 ,               46
Random       ,               1.0,    220, CSG-f1   ,        146,       220,                       293,             7.254270859123546,                     1.0,          4,           882,                        293,             7.254270859123546 , 0              ,  100.0              ,                2
Random       ,               1.0,    220, CSG-f2   ,        140,       219,                       224,             5.545927209705372,                     1.0,          4,           882,                        225,             5.570685813320129 , 1              ,  100.44642857142858 ,                2
Random       ,               1.0,    220, CGG      ,        120,       220,                       588,            14.558058925476603,                     1.0,          4,           882,                        587,            14.533300321861848 , -1             ,   99.82993197278913 ,               11
Random       ,               2.0,    440, CSG-f1   ,        252,       440,                       409,            10.126268878435257,                     1.0,          4,           882,                        409,            10.126268878435257 , 0              ,  100.0              ,                3
Random       ,               2.0,    440, CSG-f2   ,        244,       438,                       366,             9.061648923000742,                     1.0,          4,           882,                        367,             9.086407526615499 , 1              ,  100.27322404371584 ,                2
Random       ,               2.0,    440, CGG      ,        285,       440,                       882,            21.837088388214905,                     1.0,          4,           882,                        875,            21.663778162911612 , -7             ,   99.20634920634922 ,               10
Random       ,               5.0,   1100, CSG-f1   ,        487,      1099,                      1354,            33.52314929437979 ,                     1.0,          4,           882,                       1353,            33.49839069076504  , -1             ,   99.9261447562777  ,               13
Random       ,               5.0,   1100, CSG-f2   ,        533,      1099,                      1553,            38.450111413716265,                     1.0,          4,           882,                       1553,            38.450111413716265 , 0              ,  100.0              ,               28
Random       ,               5.0,   1100, CGG      ,        619,      1099,                      2519,            62.366922505570685,                     1.0,          4,           882,                       1714,            42.436246595692    , -805           ,   68.04287415641127 ,               21
Random       ,              10.0,   2201, CSG-f1   ,        869,      2196,                      2883,            71.37905422134192 ,                     1.0,          4,           882,                       2880,            71.30477841049765  , -3             ,   99.89594172736732 ,               14
Random       ,              10.0,   2201, CSG-f2   ,        979,      2201,                      3095,            76.62787818767022 ,                     1.0,          4,           882,                       3095,            76.62787818767022  , 0              ,  100.0              ,               18
Random       ,              10.0,   2201, CGG      ,        926,      2011,                      4039,           100.0              ,                     1.0,          4,           882,                       3275,            81.08442683832632  , -764           ,   81.08442683832632 ,               48
Random       ,              20.0,   4402, CSG-f1   ,       1495,      4399,                      4012,            99.33151770240158 ,                     1.0,          4,           882,                       4012,            99.33151770240158  , 0              ,  100.0              ,                6
Random       ,              20.0,   4402, CSG-f2   ,       1620,      4399,                      3963,            98.11834612527853 ,                     1.0,          4,           882,                       3963,            98.11834612527853  , 0              ,  100.0              ,                5
Random       ,              20.0,   4402, CGG      ,        926,      2011,                      4039,           100.0              ,                     1.0,          4,           882,                       3275,            81.08442683832632  , -764           ,   81.08442683832632 ,               48
Degree       ,               1.0,    892, CSG-f1   ,        117,       888,                       158,             3.911859371131468,                     1.0,          4,           882,                        160,             3.9613765783609804, 2              ,  101.26582278481013 ,                5
Degree       ,               1.0,    892, CSG-f2   ,        209,       888,                       211,             5.224065362713543,                     1.0,          4,           882,                        211,             5.224065362713543 , 0              ,  100.0              ,                1
Degree       ,               1.0,    892, CGG      ,        442,       891,                       555,            13.74102500618965 ,                     1.0,          4,           882,                        555,            13.74102500618965  , 0              ,  100.0              ,               14
Degree       ,               2.0,   1784, CSG-f1   ,        177,      1766,                       368,             9.111166130230256,                     1.0,          4,           882,                        369,             9.13592473384501  , 1              ,  100.2717391304348  ,                6
Degree       ,               2.0,   1784, CSG-f2   ,        261,      1781,                       264,             6.536271354295618,                     1.0,          4,           882,                        264,             6.536271354295618 , 0              ,  100.0              ,                1
Degree       ,               2.0,   1784, CGG      ,        668,      1783,                       899,            22.25798464966576 ,                     1.0,          4,           882,                        895,            22.158950235206735 , -4             ,   99.55506117908787 ,               14
Degree       ,               5.0,   4462, CSG-f1   ,        287,      4462,                       480,            11.884129735082942,                     1.0,          4,           882,                        481,            11.908888338697697 , 1              ,  100.20833333333334 ,                6
Degree       ,               5.0,   4462, CSG-f2   ,        408,      4426,                       412,            10.200544689279525,                     1.0,          4,           882,                        412,            10.200544689279525 , 0              ,  100.0              ,                2
Degree       ,               5.0,   4462, CGG      ,       1100,      4456,                      1411,            34.9343897004209  ,                     1.0,          4,           882,                       1398,            34.612527853429064 , -13            ,   99.07866761162296 ,               14
Degree       ,              10.0,   8924, CSG-f1   ,        448,      8910,                       650,            16.093092349591483,                     1.0,          4,           882,                        653,            16.167368160435753 , 3              ,  100.46153846153847 ,                6
Degree       ,              10.0,   8924, CSG-f2   ,        613,      8915,                       617,            15.276058430304532,                     1.0,          4,           882,                        617,            15.276058430304532 , 0              ,  100.0              ,                2
Degree       ,              10.0,   8924, CGG      ,       1539,      8919,                      2405,            59.544441693488494,                     1.0,          4,           882,                       2280,            56.44961624164397  , -125           ,   94.8024948024948  ,               29
Degree       ,              20.0,  17848, CSG-f1   ,        849,     17836,                      1853,            45.877692498143105,                     1.0,          4,           882,                       1855,            45.92720970537262  , 2              ,  100.10793308148949 ,                7
Degree       ,              20.0,  17848, CSG-f2   ,       1075,     17802,                      1081,            26.764050507551374,                     1.0,          4,           882,                       1081,            26.764050507551374 , 0              ,  100.0              ,                2
Degree       ,              20.0,  17848, CGG      ,       1982,     17817,                      3467,            85.83807873235949 ,                     1.0,          4,           882,                       3359,            83.16414954196584  , -108           ,   96.88491491202768 ,               34
Random       ,               1.0,    220, CSG-f1   ,        146,       220,                       293,             7.254270859123546,                     1.0,          5,           882,                        293,             7.254270859123546 , 0              ,  100.0              ,                2
Random       ,               1.0,    220, CSG-f2   ,        140,       219,                       224,             5.545927209705372,                     1.0,          5,           882,                        226,             5.5954444169348845, 2              ,  100.89285714285714 ,                2
Random       ,               1.0,    220, CGG      ,        120,       220,                       588,            14.558058925476603,                     1.0,          5,           882,                        562,            13.914335231492943 , -26            ,   95.578231292517   ,               11
Random       ,               2.0,    440, CSG-f1   ,        252,       440,                       409,            10.126268878435257,                     1.0,          5,           882,                        406,            10.051993067590988 , -3             ,   99.26650366748166 ,                3
Random       ,               2.0,    440, CSG-f2   ,        244,       438,                       366,             9.061648923000742,                     1.0,          5,           882,                        365,             9.036890319385988 , -1             ,   99.72677595628416 ,                2
Random       ,               2.0,    440, CGG      ,        285,       440,                       882,            21.837088388214905,                     1.0,          5,           882,                        857,            21.218123297846    , -25            ,   97.1655328798186  ,               11
Random       ,               5.0,   1100, CSG-f1   ,        487,      1099,                      1354,            33.52314929437979 ,                     1.0,          5,           882,                       1354,            33.52314929437979  , 0              ,  100.0              ,               14
Random       ,               5.0,   1100, CSG-f2   ,        533,      1099,                      1553,            38.450111413716265,                     1.0,          5,           882,                       1554,            38.47487001733102  , 1              ,  100.06439150032196 ,               28
Random       ,               5.0,   1100, CGG      ,        619,      1099,                      2519,            62.366922505570685,                     1.0,          5,           882,                       2124,            52.587274077742016 , -395           ,   84.31917427550614 ,               41
Random       ,              10.0,   2201, CSG-f1   ,        869,      2196,                      2883,            71.37905422134192 ,                     1.0,          5,           882,                       2880,            71.30477841049765  , -3             ,   99.89594172736732 ,               13
Random       ,              10.0,   2201, CSG-f2   ,        979,      2201,                      3095,            76.62787818767022 ,                     1.0,          5,           882,                       3094,            76.60311958405546  , -1             ,   99.96768982229402 ,               18
Random       ,              10.0,   2201, CGG      ,        926,      2011,                      4039,           100.0              ,                     1.0,          5,           882,                       3684,            91.21069571676156  , -355           ,   91.21069571676156 ,               40
Random       ,              20.0,   4402, CSG-f1   ,       1495,      4399,                      4012,            99.33151770240158 ,                     1.0,          5,           882,                       4012,            99.33151770240158  , 0              ,  100.0              ,                5
Random       ,              20.0,   4402, CSG-f2   ,       1620,      4399,                      3963,            98.11834612527853 ,                     1.0,          5,           882,                       3955,            97.92027729636048  , -8             ,   99.79813272773151 ,                4
Random       ,              20.0,   4402, CGG      ,        926,      2011,                      4039,           100.0              ,                     1.0,          5,           882,                       3684,            91.21069571676156  , -355           ,   91.21069571676156 ,               40
Degree       ,               1.0,    892, CSG-f1   ,        117,       888,                       158,             3.911859371131468,                     1.0,          5,           882,                        159,             3.9366179747462247, 1              ,  100.63291139240506 ,                7
Degree       ,               1.0,    892, CSG-f2   ,        209,       888,                       211,             5.224065362713543,                     1.0,          5,           882,                        211,             5.224065362713543 , 0              ,  100.0              ,                1
Degree       ,               1.0,    892, CGG      ,        442,       891,                       555,            13.74102500618965 ,                     1.0,          5,           882,                        553,            13.69150779896014  , -2             ,   99.63963963963964 ,               15
Degree       ,               2.0,   1784, CSG-f1   ,        177,      1766,                       368,             9.111166130230256,                     1.0,          5,           882,                        370,             9.160683337459767 , 2              ,  100.54347826086956 ,                6
Degree       ,               2.0,   1784, CSG-f2   ,        261,      1781,                       264,             6.536271354295618,                     1.0,          5,           882,                        264,             6.536271354295618 , 0              ,  100.0              ,                1
Degree       ,               2.0,   1784, CGG      ,        668,      1783,                       899,            22.25798464966576 ,                     1.0,          5,           882,                        895,            22.158950235206735 , -4             ,   99.55506117908787 ,               15
Degree       ,               5.0,   4462, CSG-f1   ,        287,      4462,                       480,            11.884129735082942,                     1.0,          5,           882,                        482,            11.933646942312453 , 2              ,  100.41666666666667 ,                6
Degree       ,               5.0,   4462, CSG-f2   ,        408,      4426,                       412,            10.200544689279525,                     1.0,          5,           882,                        412,            10.200544689279525 , 0              ,  100.0              ,                2
Degree       ,               5.0,   4462, CGG      ,       1100,      4456,                      1411,            34.9343897004209  ,                     1.0,          5,           882,                       1399,            34.63728645704383  , -12            ,   99.14953933380582 ,               15
Degree       ,              10.0,   8924, CSG-f1   ,        448,      8910,                       650,            16.093092349591483,                     1.0,          5,           882,                        654,            16.192126764050506 , 4              ,  100.61538461538461 ,                6
Degree       ,              10.0,   8924, CSG-f2   ,        613,      8915,                       617,            15.276058430304532,                     1.0,          5,           882,                        617,            15.276058430304532 , 0              ,  100.0              ,                2
Degree       ,              10.0,   8924, CGG      ,       1539,      8919,                      2405,            59.544441693488494,                     1.0,          5,           882,                       2211,            54.7412725922258   , -194           ,   91.93347193347194 ,               17
Degree       ,              20.0,  17848, CSG-f1   ,        849,     17836,                      1853,            45.877692498143105,                     1.0,          5,           882,                       1857,            45.97672691260213  , 4              ,  100.21586616297895 ,                7
Degree       ,              20.0,  17848, CSG-f2   ,       1075,     17802,                      1081,            26.764050507551374,                     1.0,          5,           882,                       1081,            26.764050507551374 , 0              ,  100.0              ,                2
Degree       ,              20.0,  17848, CGG      ,       1982,     17817,                      3467,            85.83807873235949 ,                     1.0,          5,           882,                       3329,            82.42139143352316  , -138           ,   96.01961349870206 ,               37
Random       ,               1.0,    220, CSG-f1   ,        146,       220,                       293,             7.254270859123546,                     1.0,          6,           882,                        300,             7.427581084426839 , 7              ,  102.3890784982935  ,                3
Random       ,               1.0,    220, CSG-f2   ,        140,       219,                       224,             5.545927209705372,                     1.0,          6,           882,                        228,             5.644961624164397 , 4              ,  101.78571428571428 ,                3
Random       ,               1.0,    220, CGG      ,        120,       220,                       588,            14.558058925476603,                     1.0,          6,           882,                        579,            14.335231492943798 , -9             ,   98.46938775510205 ,               11
Random       ,               2.0,    440, CSG-f1   ,        252,       440,                       409,            10.126268878435257,                     1.0,          6,           882,                        416,            10.299579103738548 , 7              ,  101.7114914425428  ,                3
Random       ,               2.0,    440, CSG-f2   ,        244,       438,                       366,             9.061648923000742,                     1.0,          6,           882,                        370,             9.160683337459767 , 4              ,  101.09289617486338 ,                3
Random       ,               2.0,    440, CGG      ,        285,       440,                       882,            21.837088388214905,                     1.0,          6,           882,                        869,            21.515226541223075 , -13            ,   98.52607709750568 ,               10
Random       ,               5.0,   1100, CSG-f1   ,        487,      1099,                      1354,            33.52314929437979 ,                     1.0,          6,           882,                       1354,            33.52314929437979  , 0              ,  100.0              ,               24
Random       ,               5.0,   1100, CSG-f2   ,        533,      1099,                      1553,            38.450111413716265,                     1.0,          6,           882,                       1557,            38.54914582817529  , 4              ,  100.25756600128784 ,               32
Random       ,               5.0,   1100, CGG      ,        619,      1099,                      2519,            62.366922505570685,                     1.0,          6,           882,                       1990,            49.26962119336469  , -529           ,   78.99960301707026 ,               29
Random       ,              10.0,   2201, CSG-f1   ,        869,      2196,                      2883,            71.37905422134192 ,                     1.0,          6,           882,                       2954,            73.13691507798961  , 71             ,  102.46271245230662 ,               19
Random       ,              10.0,   2201, CSG-f2   ,        979,      2201,                      3095,            76.62787818767022 ,                     1.0,          6,           882,                       3093,            76.5783609804407   , -2             ,   99.93537964458804 ,               18
Random       ,              10.0,   2201, CGG      ,        926,      2011,                      4039,           100.0              ,                     1.0,          6,           882,                       3310,            81.95097796484279  , -729           ,   81.95097796484279 ,               46
Random       ,              20.0,   4402, CSG-f1   ,       1495,      4399,                      4012,            99.33151770240158 ,                     1.0,          6,           882,                       4012,            99.33151770240158  , 0              ,  100.0              ,                6
Random       ,              20.0,   4402, CSG-f2   ,       1620,      4399,                      3963,            98.11834612527853 ,                     1.0,          6,           882,                       3963,            98.11834612527853  , 0              ,  100.0              ,                5
Random       ,              20.0,   4402, CGG      ,        926,      2011,                      4039,           100.0              ,                     1.0,          6,           882,                       3310,            81.95097796484279  , -729           ,   81.95097796484279 ,               46
Degree       ,               1.0,    892, CSG-f1   ,        117,       888,                       158,             3.911859371131468,                     1.0,          6,           882,                        159,             3.9366179747462247, 1              ,  100.63291139240506 ,                7
Degree       ,               1.0,    892, CSG-f2   ,        209,       888,                       211,             5.224065362713543,                     1.0,          6,           882,                        211,             5.224065362713543 , 0              ,  100.0              ,                1
Degree       ,               1.0,    892, CGG      ,        442,       891,                       555,            13.74102500618965 ,                     1.0,          6,           882,                        554,            13.716266402574895 , -1             ,   99.81981981981983 ,               14
Degree       ,               2.0,   1784, CSG-f1   ,        177,      1766,                       368,             9.111166130230256,                     1.0,          6,           882,                        368,             9.111166130230256 , 0              ,  100.0              ,                6
Degree       ,               2.0,   1784, CSG-f2   ,        261,      1781,                       264,             6.536271354295618,                     1.0,          6,           882,                        265,             6.561029957910374 , 1              ,  100.37878787878789 ,                1
Degree       ,               2.0,   1784, CGG      ,        668,      1783,                       899,            22.25798464966576 ,                     1.0,          6,           882,                        898,            22.233226046051    , -1             ,   99.88876529477196 ,               14
Degree       ,               5.0,   4462, CSG-f1   ,        287,      4462,                       480,            11.884129735082942,                     1.0,          6,           882,                        480,            11.884129735082942 , 0              ,  100.0              ,                6
Degree       ,               5.0,   4462, CSG-f2   ,        408,      4426,                       412,            10.200544689279525,                     1.0,          6,           882,                        413,            10.22530329289428  , 1              ,  100.24271844660196 ,                2
Degree       ,               5.0,   4462, CGG      ,       1100,      4456,                      1411,            34.9343897004209  ,                     1.0,          6,           882,                       1410,            34.90963109680614  , -1             ,   99.92912827781714 ,               14
Degree       ,              10.0,   8924, CSG-f1   ,        448,      8910,                       650,            16.093092349591483,                     1.0,          6,           882,                        650,            16.093092349591483 , 0              ,  100.0              ,                6
Degree       ,              10.0,   8924, CSG-f2   ,        613,      8915,                       617,            15.276058430304532,                     1.0,          6,           882,                        618,            15.300817033919287 , 1              ,  100.16207455429497 ,                2
Degree       ,              10.0,   8924, CGG      ,       1539,      8919,                      2405,            59.544441693488494,                     1.0,          6,           882,                       2380,            58.925476603119584 , -25            ,   98.96049896049897 ,               26
Degree       ,              20.0,  17848, CSG-f1   ,        849,     17836,                      1853,            45.877692498143105,                     1.0,          6,           882,                       1853,            45.877692498143105 , 0              ,  100.0              ,                7
Degree       ,              20.0,  17848, CSG-f2   ,       1075,     17802,                      1081,            26.764050507551374,                     1.0,          6,           882,                       1081,            26.764050507551374 , 0              ,  100.0              ,                2
Degree       ,              20.0,  17848, CGG      ,       1982,     17817,                      3467,            85.83807873235949 ,                     1.0,          6,           882,                       3413,            84.50111413716267  , -54            ,   98.44245745601384 ,               36
Random       ,               1.0,    220, CSG-f1   ,        146,       220,                       293,             7.254270859123546,                     1.0,          7,           882,                        294,             7.279029462738301 , 1              ,  100.34129692832765 ,                2
Random       ,               1.0,    220, CSG-f2   ,        140,       219,                       224,             5.545927209705372,                     1.0,          7,           882,                        226,             5.5954444169348845, 2              ,  100.89285714285714 ,                2
Random       ,               1.0,    220, CGG      ,        120,       220,                       588,            14.558058925476603,                     1.0,          7,           882,                        584,            14.45902451101758  , -4             ,   99.31972789115646 ,               13
Random       ,               2.0,    440, CSG-f1   ,        252,       440,                       409,            10.126268878435257,                     1.0,          7,           882,                        410,            10.151027482050011 , 1              ,  100.24449877750612 ,                3
Random       ,               2.0,    440, CSG-f2   ,        244,       438,                       366,             9.061648923000742,                     1.0,          7,           882,                        369,             9.13592473384501  , 3              ,  100.81967213114753 ,                2
Random       ,               2.0,    440, CGG      ,        285,       440,                       882,            21.837088388214905,                     1.0,          7,           882,                        881,            21.81232978460015  , -1             ,   99.88662131519274 ,               13
Random       ,               5.0,   1100, CSG-f1   ,        487,      1099,                      1354,            33.52314929437979 ,                     1.0,          7,           882,                       1354,            33.52314929437979  , 0              ,  100.0              ,               15
Random       ,               5.0,   1100, CSG-f2   ,        533,      1099,                      1553,            38.450111413716265,                     1.0,          7,           882,                       1556,            38.524387224560535 , 3              ,  100.19317450096588 ,               28
Random       ,               5.0,   1100, CGG      ,        619,      1099,                      2519,            62.366922505570685,                     1.0,          7,           882,                       2024,            50.111413716266405 , -495           ,   80.34934497816593 ,               44
Random       ,              10.0,   2201, CSG-f1   ,        869,      2196,                      2883,            71.37905422134192 ,                     1.0,          7,           882,                       2880,            71.30477841049765  , -3             ,   99.89594172736732 ,               14
Random       ,              10.0,   2201, CSG-f2   ,        979,      2201,                      3095,            76.62787818767022 ,                     1.0,          7,           882,                       3098,            76.70215399851449  , 3              ,  100.09693053311793 ,               19
Random       ,              10.0,   2201, CGG      ,        926,      2011,                      4039,           100.0              ,                     1.0,          7,           882,                       3648,            90.31938598663035  , -391           ,   90.31938598663035 ,               47
Random       ,              20.0,   4402, CSG-f1   ,       1495,      4399,                      4012,            99.33151770240158 ,                     1.0,          7,           882,                       4012,            99.33151770240158  , 0              ,  100.0              ,                6
Random       ,              20.0,   4402, CSG-f2   ,       1620,      4399,                      3963,            98.11834612527853 ,                     1.0,          7,           882,                       3963,            98.11834612527853  , 0              ,  100.0              ,                5
Random       ,              20.0,   4402, CGG      ,        926,      2011,                      4039,           100.0              ,                     1.0,          7,           882,                       3648,            90.31938598663035  , -391           ,   90.31938598663035 ,               47
Degree       ,               1.0,    892, CSG-f1   ,        117,       888,                       158,             3.911859371131468,                     1.0,          7,           882,                        160,             3.9613765783609804, 2              ,  101.26582278481013 ,                6
Degree       ,               1.0,    892, CSG-f2   ,        209,       888,                       211,             5.224065362713543,                     1.0,          7,           882,                        212,             5.248823966328299 , 1              ,  100.4739336492891  ,                1
Degree       ,               1.0,    892, CGG      ,        442,       891,                       555,            13.74102500618965 ,                     1.0,          7,           882,                        554,            13.716266402574895 , -1             ,   99.81981981981983 ,               14
Degree       ,               2.0,   1784, CSG-f1   ,        177,      1766,                       368,             9.111166130230256,                     1.0,          7,           882,                        368,             9.111166130230256 , 0              ,  100.0              ,                6
Degree       ,               2.0,   1784, CSG-f2   ,        261,      1781,                       264,             6.536271354295618,                     1.0,          7,           882,                        265,             6.561029957910374 , 1              ,  100.37878787878789 ,                1
Degree       ,               2.0,   1784, CGG      ,        668,      1783,                       899,            22.25798464966576 ,                     1.0,          7,           882,                        875,            21.663778162911612 , -24            ,   97.33036707452726 ,               14
Degree       ,               5.0,   4462, CSG-f1   ,        287,      4462,                       480,            11.884129735082942,                     1.0,          7,           882,                        480,            11.884129735082942 , 0              ,  100.0              ,                6
Degree       ,               5.0,   4462, CSG-f2   ,        408,      4426,                       412,            10.200544689279525,                     1.0,          7,           882,                        412,            10.200544689279525 , 0              ,  100.0              ,                2
Degree       ,               5.0,   4462, CGG      ,       1100,      4456,                      1411,            34.9343897004209  ,                     1.0,          7,           882,                       1401,            34.686803664273334 , -10            ,   99.2912827781715  ,               14
Degree       ,              10.0,   8924, CSG-f1   ,        448,      8910,                       650,            16.093092349591483,                     1.0,          7,           882,                        652,            16.142609556820993 , 2              ,  100.30769230769229 ,                6
Degree       ,              10.0,   8924, CSG-f2   ,        613,      8915,                       617,            15.276058430304532,                     1.0,          7,           882,                        617,            15.276058430304532 , 0              ,  100.0              ,                2
Degree       ,              10.0,   8924, CGG      ,       1539,      8919,                      2405,            59.544441693488494,                     1.0,          7,           882,                       2404,            59.51968308987373  , -1             ,   99.95841995841997 ,               29
Degree       ,              20.0,  17848, CSG-f1   ,        849,     17836,                      1853,            45.877692498143105,                     1.0,          7,           882,                       1854,            45.90245110175786  , 1              ,  100.05396654074474 ,                6
Degree       ,              20.0,  17848, CSG-f2   ,       1075,     17802,                      1081,            26.764050507551374,                     1.0,          7,           882,                       1081,            26.764050507551374 , 0              ,  100.0              ,                2
Degree       ,              20.0,  17848, CGG      ,       1982,     17817,                      3467,            85.83807873235949 ,                     1.0,          7,           882,                       3313,            82.02525377568705  , -154           ,   95.55811941159504 ,               25
Random       ,               1.0,    220, CSG-f1   ,        146,       220,                       293,             7.254270859123546,                     1.0,          8,           882,                        296,             7.328546669967814 , 3              ,  101.02389078498292 ,                2
Random       ,               1.0,    220, CSG-f2   ,        140,       219,                       224,             5.545927209705372,                     1.0,          8,           882,                        224,             5.545927209705372 , 0              ,  100.0              ,                2
Random       ,               1.0,    220, CGG      ,        120,       220,                       588,            14.558058925476603,                     1.0,          8,           882,                        578,            14.310472889329043 , -10            ,   98.29931972789116 ,               13
Random       ,               2.0,    440, CSG-f1   ,        252,       440,                       409,            10.126268878435257,                     1.0,          8,           882,                        412,            10.200544689279525 , 3              ,  100.73349633251834 ,                3
Random       ,               2.0,    440, CSG-f2   ,        244,       438,                       366,             9.061648923000742,                     1.0,          8,           882,                        369,             9.13592473384501  , 3              ,  100.81967213114753 ,                2
Random       ,               2.0,    440, CGG      ,        285,       440,                       882,            21.837088388214905,                     1.0,          8,           882,                        860,            21.29239910869027  , -22            ,   97.50566893424036 ,               13
Random       ,               5.0,   1100, CSG-f1   ,        487,      1099,                      1354,            33.52314929437979 ,                     1.0,          8,           882,                       1500,            37.137905422134196 , 146            ,  110.78286558345643 ,               29
Random       ,               5.0,   1100, CSG-f2   ,        533,      1099,                      1553,            38.450111413716265,                     1.0,          8,           882,                       1554,            38.47487001733102  , 1              ,  100.06439150032196 ,               25
Random       ,               5.0,   1100, CGG      ,        619,      1099,                      2519,            62.366922505570685,                     1.0,          8,           882,                       1862,            46.10051993067591  , -657           ,   73.91822151647479 ,               28
Random       ,              10.0,   2201, CSG-f1   ,        869,      2196,                      2883,            71.37905422134192 ,                     1.0,          8,           882,                       2822,            69.8687794008418   , -61            ,   97.88414845646895 ,                8
Random       ,              10.0,   2201, CSG-f2   ,        979,      2201,                      3095,            76.62787818767022 ,                     1.0,          8,           882,                       2955,            73.16167368160436  , -140           ,   95.47657512116317 ,               17
Random       ,              10.0,   2201, CGG      ,        926,      2011,                      4039,           100.0              ,                     1.0,          8,           882,                       2876,            71.20574399603863  , -1163          ,   71.20574399603863 ,               44
Random       ,              20.0,   4402, CSG-f1   ,       1495,      4399,                      4012,            99.33151770240158 ,                     1.0,          8,           882,                       4012,            99.33151770240158  , 0              ,  100.0              ,                6
Random       ,              20.0,   4402, CSG-f2   ,       1620,      4399,                      3963,            98.11834612527853 ,                     1.0,          8,           882,                       3963,            98.11834612527853  , 0              ,  100.0              ,                6
Random       ,              20.0,   4402, CGG      ,        926,      2011,                      4039,           100.0              ,                     1.0,          8,           882,                       2876,            71.20574399603863  , -1163          ,   71.20574399603863 ,               44
Degree       ,               1.0,    892, CSG-f1   ,        117,       888,                       158,             3.911859371131468,                     1.0,          8,           882,                        159,             3.9366179747462247, 1              ,  100.63291139240506 ,                6
Degree       ,               1.0,    892, CSG-f2   ,        209,       888,                       211,             5.224065362713543,                     1.0,          8,           882,                        212,             5.248823966328299 , 1              ,  100.4739336492891  ,                1
Degree       ,               1.0,    892, CGG      ,        442,       891,                       555,            13.74102500618965 ,                     1.0,          8,           882,                        554,            13.716266402574895 , -1             ,   99.81981981981983 ,               14
Degree       ,               2.0,   1784, CSG-f1   ,        177,      1766,                       368,             9.111166130230256,                     1.0,          8,           882,                        368,             9.111166130230256 , 0              ,  100.0              ,                5
Degree       ,               2.0,   1784, CSG-f2   ,        261,      1781,                       264,             6.536271354295618,                     1.0,          8,           882,                        265,             6.561029957910374 , 1              ,  100.37878787878789 ,                1
Degree       ,               2.0,   1784, CGG      ,        668,      1783,                       899,            22.25798464966576 ,                     1.0,          8,           882,                        890,            22.03515721713295  , -9             ,   98.99888765294772 ,               14
Degree       ,               5.0,   4462, CSG-f1   ,        287,      4462,                       480,            11.884129735082942,                     1.0,          8,           882,                        480,            11.884129735082942 , 0              ,  100.0              ,                5
Degree       ,               5.0,   4462, CSG-f2   ,        408,      4426,                       412,            10.200544689279525,                     1.0,          8,           882,                        413,            10.22530329289428  , 1              ,  100.24271844660196 ,                2
Degree       ,               5.0,   4462, CGG      ,       1100,      4456,                      1411,            34.9343897004209  ,                     1.0,          8,           882,                       1406,            34.81059668234712  , -5             ,   99.64564138908575 ,               14
Degree       ,              10.0,   8924, CSG-f1   ,        448,      8910,                       650,            16.093092349591483,                     1.0,          8,           882,                        650,            16.093092349591483 , 0              ,  100.0              ,                5
Degree       ,              10.0,   8924, CSG-f2   ,        613,      8915,                       617,            15.276058430304532,                     1.0,          8,           882,                        618,            15.300817033919287 , 1              ,  100.16207455429497 ,                2
Degree       ,              10.0,   8924, CGG      ,       1539,      8919,                      2405,            59.544441693488494,                     1.0,          8,           882,                       2368,            58.62837335974251  , -37            ,   98.46153846153847 ,               30
Degree       ,              20.0,  17848, CSG-f1   ,        849,     17836,                      1853,            45.877692498143105,                     1.0,          8,           882,                       1853,            45.877692498143105 , 0              ,  100.0              ,                7
Degree       ,              20.0,  17848, CSG-f2   ,       1075,     17802,                      1081,            26.764050507551374,                     1.0,          8,           882,                       1082,            26.788809111166128 , 1              ,  100.09250693802034 ,                2
Degree       ,              20.0,  17848, CGG      ,       1982,     17817,                      3467,            85.83807873235949 ,                     1.0,          8,           882,                       3173,            78.5590492696212   , -294           ,   91.52004614940871 ,               39
Random       ,               1.0,    220, CSG-f1   ,        146,       220,                       293,             7.254270859123546,                     1.0,          9,           882,                        295,             7.303788066353058 , 2              ,  100.6825938566553  ,                2
Random       ,               1.0,    220, CSG-f2   ,        140,       219,                       224,             5.545927209705372,                     1.0,          9,           882,                        224,             5.545927209705372 , 0              ,  100.0              ,                2
Random       ,               1.0,    220, CGG      ,        120,       220,                       588,            14.558058925476603,                     1.0,          9,           882,                        564,            13.963852438722457 , -24            ,   95.91836734693877 ,               11
Random       ,               2.0,    440, CSG-f1   ,        252,       440,                       409,            10.126268878435257,                     1.0,          9,           882,                        412,            10.200544689279525 , 3              ,  100.73349633251834 ,                3
Random       ,               2.0,    440, CSG-f2   ,        244,       438,                       366,             9.061648923000742,                     1.0,          9,           882,                        368,             9.111166130230256 , 2              ,  100.5464480874317  ,                2
Random       ,               2.0,    440, CGG      ,        285,       440,                       882,            21.837088388214905,                     1.0,          9,           882,                        858,            21.24288190146076  , -24            ,   97.27891156462584 ,               11
Random       ,               5.0,   1100, CSG-f1   ,        487,      1099,                      1354,            33.52314929437979 ,                     1.0,          9,           882,                       1381,            34.19163159197821  , 27             ,  101.99409158050221 ,               21
Random       ,               5.0,   1100, CSG-f2   ,        533,      1099,                      1553,            38.450111413716265,                     1.0,          9,           882,                       1559,            38.5986630354048   , 6              ,  100.38634900193175 ,               29
Random       ,               5.0,   1100, CGG      ,        619,      1099,                      2519,            62.366922505570685,                     1.0,          9,           882,                       1885,            46.6699678138153   , -634           ,   74.83128225486304 ,               25
Random       ,              10.0,   2201, CSG-f1   ,        869,      2196,                      2883,            71.37905422134192 ,                     1.0,          9,           882,                       2955,            73.16167368160436  , 72             ,  102.49739854318418 ,               22
Random       ,              10.0,   2201, CSG-f2   ,        979,      2201,                      3095,            76.62787818767022 ,                     1.0,          9,           882,                       3096,            76.65263679128496  , 1              ,  100.03231017770598 ,               18
Random       ,              10.0,   2201, CGG      ,        926,      2011,                      4039,           100.0              ,                     1.0,          9,           882,                       3543,            87.71973260708096  , -496           ,   87.71973260708096 ,               43
Random       ,              20.0,   4402, CSG-f1   ,       1495,      4399,                      4012,            99.33151770240158 ,                     1.0,          9,           882,                       4012,            99.33151770240158  , 0              ,  100.0              ,                5
Random       ,              20.0,   4402, CSG-f2   ,       1620,      4399,                      3963,            98.11834612527853 ,                     1.0,          9,           882,                       3963,            98.11834612527853  , 0              ,  100.0              ,                5
Random       ,              20.0,   4402, CGG      ,        926,      2011,                      4039,           100.0              ,                     1.0,          9,           882,                       3543,            87.71973260708096  , -496           ,   87.71973260708096 ,               43
Degree       ,               1.0,    892, CSG-f1   ,        117,       888,                       158,             3.911859371131468,                     1.0,          9,           882,                        158,             3.911859371131468 , 0              ,  100.0              ,                6
Degree       ,               1.0,    892, CSG-f2   ,        209,       888,                       211,             5.224065362713543,                     1.0,          9,           882,                        211,             5.224065362713543 , 0              ,  100.0              ,                1
Degree       ,               1.0,    892, CGG      ,        442,       891,                       555,            13.74102500618965 ,                     1.0,          9,           882,                        555,            13.74102500618965  , 0              ,  100.0              ,               14
Degree       ,               2.0,   1784, CSG-f1   ,        177,      1766,                       368,             9.111166130230256,                     1.0,          9,           882,                        368,             9.111166130230256 , 0              ,  100.0              ,                6
Degree       ,               2.0,   1784, CSG-f2   ,        261,      1781,                       264,             6.536271354295618,                     1.0,          9,           882,                        265,             6.561029957910374 , 1              ,  100.37878787878789 ,                1
Degree       ,               2.0,   1784, CGG      ,        668,      1783,                       899,            22.25798464966576 ,                     1.0,          9,           882,                        899,            22.25798464966576  , 0              ,  100.0              ,               14
Degree       ,               5.0,   4462, CSG-f1   ,        287,      4462,                       480,            11.884129735082942,                     1.0,          9,           882,                        481,            11.908888338697697 , 1              ,  100.20833333333334 ,                6
Degree       ,               5.0,   4462, CSG-f2   ,        408,      4426,                       412,            10.200544689279525,                     1.0,          9,           882,                        413,            10.22530329289428  , 1              ,  100.24271844660196 ,                2
Degree       ,               5.0,   4462, CGG      ,       1100,      4456,                      1411,            34.9343897004209  ,                     1.0,          9,           882,                       1411,            34.9343897004209   , 0              ,  100.0              ,               14
Degree       ,              10.0,   8924, CSG-f1   ,        448,      8910,                       650,            16.093092349591483,                     1.0,          9,           882,                        650,            16.093092349591483 , 0              ,  100.0              ,                6
Degree       ,              10.0,   8924, CSG-f2   ,        613,      8915,                       617,            15.276058430304532,                     1.0,          9,           882,                        618,            15.300817033919287 , 1              ,  100.16207455429497 ,                2
Degree       ,              10.0,   8924, CGG      ,       1539,      8919,                      2405,            59.544441693488494,                     1.0,          9,           882,                       2381,            58.950235206734334 , -24            ,   99.002079002079   ,               30
Degree       ,              20.0,  17848, CSG-f1   ,        849,     17836,                      1853,            45.877692498143105,                     1.0,          9,           882,                       1855,            45.92720970537262  , 2              ,  100.10793308148949 ,                7
Degree       ,              20.0,  17848, CSG-f2   ,       1075,     17802,                      1081,            26.764050507551374,                     1.0,          9,           882,                       1082,            26.788809111166128 , 1              ,  100.09250693802034 ,                2
Degree       ,              20.0,  17848, CGG      ,       1982,     17817,                      3467,            85.83807873235949 ,                     1.0,          9,           882,                       3272,            81.01015102748205  , -195           ,   94.37554081338332 ,               24
Random       ,               1.0,    220, CSG-f1   ,        146,       220,                       293,             7.254270859123546,                     1.0,         10,           882,                        296,             7.328546669967814 , 3              ,  101.02389078498292 ,                2
Random       ,               1.0,    220, CSG-f2   ,        140,       219,                       224,             5.545927209705372,                     1.0,         10,           882,                        225,             5.570685813320129 , 1              ,  100.44642857142858 ,                2
Random       ,               1.0,    220, CGG      ,        120,       220,                       588,            14.558058925476603,                     1.0,         10,           882,                        590,            14.607576132706116 , 2              ,  100.34013605442176 ,               13
Random       ,               2.0,    440, CSG-f1   ,        252,       440,                       409,            10.126268878435257,                     1.0,         10,           882,                        412,            10.200544689279525 , 3              ,  100.73349633251834 ,                3
Random       ,               2.0,    440, CSG-f2   ,        244,       438,                       366,             9.061648923000742,                     1.0,         10,           882,                        368,             9.111166130230256 , 2              ,  100.5464480874317  ,                2
Random       ,               2.0,    440, CGG      ,        285,       440,                       882,            21.837088388214905,                     1.0,         10,           882,                        872,            21.589502352067345 , -10            ,   98.86621315192744 ,               13
Random       ,               5.0,   1100, CSG-f1   ,        487,      1099,                      1354,            33.52314929437979 ,                     1.0,         10,           882,                       1360,            33.67170091606833  , 6              ,  100.44313146233384 ,               14
Random       ,               5.0,   1100, CSG-f2   ,        533,      1099,                      1553,            38.450111413716265,                     1.0,         10,           882,                       1560,            38.62342163901956  , 7              ,  100.45074050225371 ,               27
Random       ,               5.0,   1100, CGG      ,        619,      1099,                      2519,            62.366922505570685,                     1.0,         10,           882,                       2019,            49.98762069819262  , -500           ,   80.15085351329893 ,               37
Random       ,              10.0,   2201, CSG-f1   ,        869,      2196,                      2883,            71.37905422134192 ,                     1.0,         10,           882,                       2822,            69.8687794008418   , -61            ,   97.88414845646895 ,                9
Random       ,              10.0,   2201, CSG-f2   ,        979,      2201,                      3095,            76.62787818767022 ,                     1.0,         10,           882,                       3095,            76.62787818767022  , 0              ,  100.0              ,               17
Random       ,              10.0,   2201, CGG      ,        926,      2011,                      4039,           100.0              ,                     1.0,         10,           882,                       3797,            94.00841792522901  , -242           ,   94.00841792522901 ,               53
Random       ,              20.0,   4402, CSG-f1   ,       1495,      4399,                      4012,            99.33151770240158 ,                     1.0,         10,           882,                       4012,            99.33151770240158  , 0              ,  100.0              ,                6
Random       ,              20.0,   4402, CSG-f2   ,       1620,      4399,                      3963,            98.11834612527853 ,                     1.0,         10,           882,                       3963,            98.11834612527853  , 0              ,  100.0              ,                5
Random       ,              20.0,   4402, CGG      ,        926,      2011,                      4039,           100.0              ,                     1.0,         10,           882,                       3797,            94.00841792522901  , -242           ,   94.00841792522901 ,               53
Degree       ,               1.0,    892, CSG-f1   ,        117,       888,                       158,             3.911859371131468,                     1.0,         10,           882,                        143,             3.5404803169101258, -15            ,   90.50632911392405 ,                3
Degree       ,               1.0,    892, CSG-f2   ,        209,       888,                       211,             5.224065362713543,                     1.0,         10,           882,                        211,             5.224065362713543 , 0              ,  100.0              ,                1
Degree       ,               1.0,    892, CGG      ,        442,       891,                       555,            13.74102500618965 ,                     1.0,         10,           882,                        554,            13.716266402574895 , -1             ,   99.81981981981983 ,               14
Degree       ,               2.0,   1784, CSG-f1   ,        177,      1766,                       368,             9.111166130230256,                     1.0,         10,           882,                        369,             9.13592473384501  , 1              ,  100.2717391304348  ,                6
Degree       ,               2.0,   1784, CSG-f2   ,        261,      1781,                       264,             6.536271354295618,                     1.0,         10,           882,                        264,             6.536271354295618 , 0              ,  100.0              ,                1
Degree       ,               2.0,   1784, CGG      ,        668,      1783,                       899,            22.25798464966576 ,                     1.0,         10,           882,                        887,            21.960881406288685 , -12            ,   98.66518353726363 ,               14
Degree       ,               5.0,   4462, CSG-f1   ,        287,      4462,                       480,            11.884129735082942,                     1.0,         10,           882,                        481,            11.908888338697697 , 1              ,  100.20833333333334 ,                6
Degree       ,               5.0,   4462, CSG-f2   ,        408,      4426,                       412,            10.200544689279525,                     1.0,         10,           882,                        412,            10.200544689279525 , 0              ,  100.0              ,                2
Degree       ,               5.0,   4462, CGG      ,       1100,      4456,                      1411,            34.9343897004209  ,                     1.0,         10,           882,                       1393,            34.48873483535528  , -18            ,   98.72430900070871 ,               14
Degree       ,              10.0,   8924, CSG-f1   ,        448,      8910,                       650,            16.093092349591483,                     1.0,         10,           882,                        652,            16.142609556820993 , 2              ,  100.30769230769229 ,                6
Degree       ,              10.0,   8924, CSG-f2   ,        613,      8915,                       617,            15.276058430304532,                     1.0,         10,           882,                        617,            15.276058430304532 , 0              ,  100.0              ,                2
Degree       ,              10.0,   8924, CGG      ,       1539,      8919,                      2405,            59.544441693488494,                     1.0,         10,           882,                       2235,            55.335479078979944 , -170           ,   92.93139293139293 ,               19
Degree       ,              20.0,  17848, CSG-f1   ,        849,     17836,                      1853,            45.877692498143105,                     1.0,         10,           882,                       1854,            45.90245110175786  , 1              ,  100.05396654074474 ,                7
Degree       ,              20.0,  17848, CSG-f2   ,       1075,     17802,                      1081,            26.764050507551374,                     1.0,         10,           882,                       1081,            26.764050507551374 , 0              ,  100.0              ,                2
Degree       ,              20.0,  17848, CGG      ,       1982,     17817,                      3467,            85.83807873235949 ,                     1.0,         10,           882,                       3171,            78.50953206239168  , -296           ,   91.46235938852033 ,               37
Random       ,               1.0,    220, CSG-f1   ,        146,       220,                       293,             7.254270859123546,                     1.0,         11,           882,                        293,             7.254270859123546 , 0              ,  100.0              ,                2
Random       ,               1.0,    220, CSG-f2   ,        140,       219,                       224,             5.545927209705372,                     1.0,         11,           882,                        223,             5.521168606090616 , -1             ,   99.55357142857143 ,                2
Random       ,               1.0,    220, CGG      ,        120,       220,                       588,            14.558058925476603,                     1.0,         11,           882,                        588,            14.558058925476603 , 0              ,  100.0              ,               14
Random       ,               2.0,    440, CSG-f1   ,        252,       440,                       409,            10.126268878435257,                     1.0,         11,           882,                        410,            10.151027482050011 , 1              ,  100.24449877750612 ,                3
Random       ,               2.0,    440, CSG-f2   ,        244,       438,                       366,             9.061648923000742,                     1.0,         11,           882,                        366,             9.061648923000742 , 0              ,  100.0              ,                2
Random       ,               2.0,    440, CGG      ,        285,       440,                       882,            21.837088388214905,                     1.0,         11,           882,                        880,            21.787571180985392 , -2             ,   99.77324263038548 ,               14
Random       ,               5.0,   1100, CSG-f1   ,        487,      1099,                      1354,            33.52314929437979 ,                     1.0,         11,           882,                       1355,            33.547907897994556 , 1              ,  100.07385524372229 ,               14
Random       ,               5.0,   1100, CSG-f2   ,        533,      1099,                      1553,            38.450111413716265,                     1.0,         11,           882,                       1553,            38.450111413716265 , 0              ,  100.0              ,               27
Random       ,               5.0,   1100, CGG      ,        619,      1099,                      2519,            62.366922505570685,                     1.0,         11,           882,                       1694,            41.94107452339688  , -825           ,   67.24890829694323 ,               18
Random       ,              10.0,   2201, CSG-f1   ,        869,      2196,                      2883,            71.37905422134192 ,                     1.0,         11,           882,                       2884,            71.40381282495667  , 1              ,  100.03468609087756 ,               12
Random       ,              10.0,   2201, CSG-f2   ,        979,      2201,                      3095,            76.62787818767022 ,                     1.0,         11,           882,                       3094,            76.60311958405546  , -1             ,   99.96768982229402 ,               18
Random       ,              10.0,   2201, CGG      ,        926,      2011,                      4039,           100.0              ,                     1.0,         11,           882,                       3852,            95.37014112404061  , -187           ,   95.37014112404061 ,               42
Random       ,              20.0,   4402, CSG-f1   ,       1495,      4399,                      4012,            99.33151770240158 ,                     1.0,         11,           882,                       4005,            99.15820747709829  , -7             ,   99.82552342971087 ,                6
Random       ,              20.0,   4402, CSG-f2   ,       1620,      4399,                      3963,            98.11834612527853 ,                     1.0,         11,           882,                       3963,            98.11834612527853  , 0              ,  100.0              ,                5
Random       ,              20.0,   4402, CGG      ,        926,      2011,                      4039,           100.0              ,                     1.0,         11,           882,                       3852,            95.37014112404061  , -187           ,   95.37014112404061 ,               42
Degree       ,               1.0,    892, CSG-f1   ,        117,       888,                       158,             3.911859371131468,                     1.0,         11,           882,                        142,             3.51572171329537  , -16            ,   89.87341772151899 ,                3
Degree       ,               1.0,    892, CSG-f2   ,        209,       888,                       211,             5.224065362713543,                     1.0,         11,           882,                        211,             5.224065362713543 , 0              ,  100.0              ,                1
Degree       ,               1.0,    892, CGG      ,        442,       891,                       555,            13.74102500618965 ,                     1.0,         11,           882,                        555,            13.74102500618965  , 0              ,  100.0              ,               14
Degree       ,               2.0,   1784, CSG-f1   ,        177,      1766,                       368,             9.111166130230256,                     1.0,         11,           882,                        368,             9.111166130230256 , 0              ,  100.0              ,                6
Degree       ,               2.0,   1784, CSG-f2   ,        261,      1781,                       264,             6.536271354295618,                     1.0,         11,           882,                        264,             6.536271354295618 , 0              ,  100.0              ,                1
Degree       ,               2.0,   1784, CGG      ,        668,      1783,                       899,            22.25798464966576 ,                     1.0,         11,           882,                        899,            22.25798464966576  , 0              ,  100.0              ,               14
Degree       ,               5.0,   4462, CSG-f1   ,        287,      4462,                       480,            11.884129735082942,                     1.0,         11,           882,                        481,            11.908888338697697 , 1              ,  100.20833333333334 ,                6
Degree       ,               5.0,   4462, CSG-f2   ,        408,      4426,                       412,            10.200544689279525,                     1.0,         11,           882,                        412,            10.200544689279525 , 0              ,  100.0              ,                2
Degree       ,               5.0,   4462, CGG      ,       1100,      4456,                      1411,            34.9343897004209  ,                     1.0,         11,           882,                       1410,            34.90963109680614  , -1             ,   99.92912827781714 ,               14
Degree       ,              10.0,   8924, CSG-f1   ,        448,      8910,                       650,            16.093092349591483,                     1.0,         11,           882,                        651,            16.11785095320624  , 1              ,  100.15384615384615 ,                6
Degree       ,              10.0,   8924, CSG-f2   ,        613,      8915,                       617,            15.276058430304532,                     1.0,         11,           882,                        617,            15.276058430304532 , 0              ,  100.0              ,                2
Degree       ,              10.0,   8924, CGG      ,       1539,      8919,                      2405,            59.544441693488494,                     1.0,         11,           882,                       2323,            57.51423619707848  , -82            ,   96.5904365904366  ,               25
Degree       ,              20.0,  17848, CSG-f1   ,        849,     17836,                      1853,            45.877692498143105,                     1.0,         11,           882,                       1856,            45.951968308987375 , 3              ,  100.1618996222342  ,                8
Degree       ,              20.0,  17848, CSG-f2   ,       1075,     17802,                      1081,            26.764050507551374,                     1.0,         11,           882,                       1081,            26.764050507551374 , 0              ,  100.0              ,                2
Degree       ,              20.0,  17848, CGG      ,       1982,     17817,                      3467,            85.83807873235949 ,                     1.0,         11,           882,                       3214,            79.5741520178262   , -253           ,   92.70262474762042 ,               37
Random       ,               1.0,    220, CSG-f1   ,        146,       220,                       293,             7.254270859123546,                     1.0,         12,           882,                        296,             7.328546669967814 , 3              ,  101.02389078498292 ,                2
Random       ,               1.0,    220, CSG-f2   ,        140,       219,                       224,             5.545927209705372,                     1.0,         12,           882,                        224,             5.545927209705372 , 0              ,  100.0              ,                2
Random       ,               1.0,    220, CGG      ,        120,       220,                       588,            14.558058925476603,                     1.0,         12,           882,                        575,            14.236197078484775 , -13            ,   97.78911564625851 ,               13
Random       ,               2.0,    440, CSG-f1   ,        252,       440,                       409,            10.126268878435257,                     1.0,         12,           882,                        412,            10.200544689279525 , 3              ,  100.73349633251834 ,                3
Random       ,               2.0,    440, CSG-f2   ,        244,       438,                       366,             9.061648923000742,                     1.0,         12,           882,                        369,             9.13592473384501  , 3              ,  100.81967213114753 ,                2
Random       ,               2.0,    440, CGG      ,        285,       440,                       882,            21.837088388214905,                     1.0,         12,           882,                        868,            21.49046793760832  , -14            ,   98.4126984126984  ,               13
Random       ,               5.0,   1100, CSG-f1   ,        487,      1099,                      1354,            33.52314929437979 ,                     1.0,         12,           882,                       1358,            33.62218370883882  , 4              ,  100.29542097488921 ,               13
Random       ,               5.0,   1100, CSG-f2   ,        533,      1099,                      1553,            38.450111413716265,                     1.0,         12,           882,                       1561,            38.64818024263432  , 8              ,  100.51513200257567 ,               26
Random       ,               5.0,   1100, CGG      ,        619,      1099,                      2519,            62.366922505570685,                     1.0,         12,           882,                       1999,            49.4924486258975   , -520           ,   79.35688765383088 ,               49
Random       ,              10.0,   2201, CSG-f1   ,        869,      2196,                      2883,            71.37905422134192 ,                     1.0,         12,           882,                       2886,            71.45333003218617  , 3              ,  100.10405827263267 ,               13
Random       ,              10.0,   2201, CSG-f2   ,        979,      2201,                      3095,            76.62787818767022 ,                     1.0,         12,           882,                       3105,            76.87546422381779  , 10             ,  100.32310177705976 ,               18
Random       ,              10.0,   2201, CGG      ,        926,      2011,                      4039,           100.0              ,                     1.0,         12,           882,                       3433,            84.99628620945778  , -606           ,   84.99628620945778 ,               50
Random       ,              20.0,   4402, CSG-f1   ,       1495,      4399,                      4012,            99.33151770240158 ,                     1.0,         12,           882,                       4015,            99.40579351324585  , 3              ,  100.07477567298106 ,                6
Random       ,              20.0,   4402, CSG-f2   ,       1620,      4399,                      3963,            98.11834612527853 ,                     1.0,         12,           882,                       3963,            98.11834612527853  , 0              ,  100.0              ,                5
Random       ,              20.0,   4402, CGG      ,        926,      2011,                      4039,           100.0              ,                     1.0,         12,           882,                       3433,            84.99628620945778  , -606           ,   84.99628620945778 ,               50
Degree       ,               1.0,    892, CSG-f1   ,        117,       888,                       158,             3.911859371131468,                     1.0,         12,           882,                        158,             3.911859371131468 , 0              ,  100.0              ,                5
Degree       ,               1.0,    892, CSG-f2   ,        209,       888,                       211,             5.224065362713543,                     1.0,         12,           882,                        211,             5.224065362713543 , 0              ,  100.0              ,                1
Degree       ,               1.0,    892, CGG      ,        442,       891,                       555,            13.74102500618965 ,                     1.0,         12,           882,                        555,            13.74102500618965  , 0              ,  100.0              ,               16
Degree       ,               2.0,   1784, CSG-f1   ,        177,      1766,                       368,             9.111166130230256,                     1.0,         12,           882,                        368,             9.111166130230256 , 0              ,  100.0              ,                6
Degree       ,               2.0,   1784, CSG-f2   ,        261,      1781,                       264,             6.536271354295618,                     1.0,         12,           882,                        264,             6.536271354295618 , 0              ,  100.0              ,                1
Degree       ,               2.0,   1784, CGG      ,        668,      1783,                       899,            22.25798464966576 ,                     1.0,         12,           882,                        882,            21.837088388214905 , -17            ,   98.10901001112346 ,               16
Degree       ,               5.0,   4462, CSG-f1   ,        287,      4462,                       480,            11.884129735082942,                     1.0,         12,           882,                        480,            11.884129735082942 , 0              ,  100.0              ,                6
Degree       ,               5.0,   4462, CSG-f2   ,        408,      4426,                       412,            10.200544689279525,                     1.0,         12,           882,                        412,            10.200544689279525 , 0              ,  100.0              ,                2
Degree       ,               5.0,   4462, CGG      ,       1100,      4456,                      1411,            34.9343897004209  ,                     1.0,         12,           882,                       1410,            34.90963109680614  , -1             ,   99.92912827781714 ,               16
Degree       ,              10.0,   8924, CSG-f1   ,        448,      8910,                       650,            16.093092349591483,                     1.0,         12,           882,                        651,            16.11785095320624  , 1              ,  100.15384615384615 ,                6
Degree       ,              10.0,   8924, CSG-f2   ,        613,      8915,                       617,            15.276058430304532,                     1.0,         12,           882,                        617,            15.276058430304532 , 0              ,  100.0              ,                2
Degree       ,              10.0,   8924, CGG      ,       1539,      8919,                      2405,            59.544441693488494,                     1.0,         12,           882,                       2384,            59.024511017578604 , -21            ,   99.12681912681913 ,               27
Degree       ,              20.0,  17848, CSG-f1   ,        849,     17836,                      1853,            45.877692498143105,                     1.0,         12,           882,                       1856,            45.951968308987375 , 3              ,  100.1618996222342  ,                9
Degree       ,              20.0,  17848, CSG-f2   ,       1075,     17802,                      1081,            26.764050507551374,                     1.0,         12,           882,                       1081,            26.764050507551374 , 0              ,  100.0              ,                2
Degree       ,              20.0,  17848, CGG      ,       1982,     17817,                      3467,            85.83807873235949 ,                     1.0,         12,           882,                       3264,            80.812082198564    , -203           ,   94.14479376982983 ,               35
Random       ,               1.0,    220, CSG-f1   ,        146,       220,                       293,             7.254270859123546,                     1.0,         13,           882,                        292,             7.22951225550879  , -1             ,   99.65870307167235 ,                3
Random       ,               1.0,    220, CSG-f2   ,        140,       219,                       224,             5.545927209705372,                     1.0,         13,           882,                        223,             5.521168606090616 , -1             ,   99.55357142857143 ,                3
Random       ,               1.0,    220, CGG      ,        120,       220,                       588,            14.558058925476603,                     1.0,         13,           882,                        559,            13.840059420648675 , -29            ,   95.06802721088435 ,               12
Random       ,               2.0,    440, CSG-f1   ,        252,       440,                       409,            10.126268878435257,                     1.0,         13,           882,                        408,            10.1015102748205   , -1             ,   99.75550122249389 ,                3
Random       ,               2.0,    440, CSG-f2   ,        244,       438,                       366,             9.061648923000742,                     1.0,         13,           882,                        366,             9.061648923000742 , 0              ,  100.0              ,                3
Random       ,               2.0,    440, CGG      ,        285,       440,                       882,            21.837088388214905,                     1.0,         13,           882,                        836,            20.698192621936123 , -46            ,   94.7845804988662  ,               10
Random       ,               5.0,   1100, CSG-f1   ,        487,      1099,                      1354,            33.52314929437979 ,                     1.0,         13,           882,                       1352,            33.473632087150285 , -2             ,   99.85228951255539 ,               14
Random       ,               5.0,   1100, CSG-f2   ,        533,      1099,                      1553,            38.450111413716265,                     1.0,         13,           882,                       1549,            38.351076999257245 , -4             ,   99.74243399871216 ,               28
Random       ,               5.0,   1100, CGG      ,        619,      1099,                      2519,            62.366922505570685,                     1.0,         13,           882,                       1675,            41.470661054716516 , -844           ,   66.4946407304486  ,               21
Random       ,              10.0,   2201, CSG-f1   ,        869,      2196,                      2883,            71.37905422134192 ,                     1.0,         13,           882,                       2872,            71.1067095815796   , -11            ,   99.61845300034686 ,               12
Random       ,              10.0,   2201, CSG-f2   ,        979,      2201,                      3095,            76.62787818767022 ,                     1.0,         13,           882,                       3096,            76.65263679128496  , 1              ,  100.03231017770598 ,               18
Random       ,              10.0,   2201, CGG      ,        926,      2011,                      4039,           100.0              ,                     1.0,         13,           882,                       3140,            77.74201535033424  , -899           ,   77.74201535033424 ,               46
Random       ,              20.0,   4402, CSG-f1   ,       1495,      4399,                      4012,            99.33151770240158 ,                     1.0,         13,           882,                       4013,            99.35627630601634  , 1              ,  100.02492522432702 ,                6
Random       ,              20.0,   4402, CSG-f2   ,       1620,      4399,                      3963,            98.11834612527853 ,                     1.0,         13,           882,                       3963,            98.11834612527853  , 0              ,  100.0              ,                4
Random       ,              20.0,   4402, CGG      ,        926,      2011,                      4039,           100.0              ,                     1.0,         13,           882,                       3140,            77.74201535033424  , -899           ,   77.74201535033424 ,               46
Degree       ,               1.0,    892, CSG-f1   ,        117,       888,                       158,             3.911859371131468,                     1.0,         13,           882,                        160,             3.9613765783609804, 2              ,  101.26582278481013 ,                6
Degree       ,               1.0,    892, CSG-f2   ,        209,       888,                       211,             5.224065362713543,                     1.0,         13,           882,                        211,             5.224065362713543 , 0              ,  100.0              ,                1
Degree       ,               1.0,    892, CGG      ,        442,       891,                       555,            13.74102500618965 ,                     1.0,         13,           882,                        555,            13.74102500618965  , 0              ,  100.0              ,               14
Degree       ,               2.0,   1784, CSG-f1   ,        177,      1766,                       368,             9.111166130230256,                     1.0,         13,           882,                        369,             9.13592473384501  , 1              ,  100.2717391304348  ,                6
Degree       ,               2.0,   1784, CSG-f2   ,        261,      1781,                       264,             6.536271354295618,                     1.0,         13,           882,                        264,             6.536271354295618 , 0              ,  100.0              ,                1
Degree       ,               2.0,   1784, CGG      ,        668,      1783,                       899,            22.25798464966576 ,                     1.0,         13,           882,                        884,            21.886605595444415 , -15            ,   98.33147942157953 ,               14
Degree       ,               5.0,   4462, CSG-f1   ,        287,      4462,                       480,            11.884129735082942,                     1.0,         13,           882,                        481,            11.908888338697697 , 1              ,  100.20833333333334 ,                6
Degree       ,               5.0,   4462, CSG-f2   ,        408,      4426,                       412,            10.200544689279525,                     1.0,         13,           882,                        412,            10.200544689279525 , 0              ,  100.0              ,                2
Degree       ,               5.0,   4462, CGG      ,       1100,      4456,                      1411,            34.9343897004209  ,                     1.0,         13,           882,                       1411,            34.9343897004209   , 0              ,  100.0              ,               14
Degree       ,              10.0,   8924, CSG-f1   ,        448,      8910,                       650,            16.093092349591483,                     1.0,         13,           882,                        651,            16.11785095320624  , 1              ,  100.15384615384615 ,                6
Degree       ,              10.0,   8924, CSG-f2   ,        613,      8915,                       617,            15.276058430304532,                     1.0,         13,           882,                        617,            15.276058430304532 , 0              ,  100.0              ,                2
Degree       ,              10.0,   8924, CGG      ,       1539,      8919,                      2405,            59.544441693488494,                     1.0,         13,           882,                       2272,            56.25154741272592  , -133           ,   94.46985446985448 ,               19
Degree       ,              20.0,  17848, CSG-f1   ,        849,     17836,                      1853,            45.877692498143105,                     1.0,         13,           882,                       1857,            45.97672691260213  , 4              ,  100.21586616297895 ,                9
Degree       ,              20.0,  17848, CSG-f2   ,       1075,     17802,                      1081,            26.764050507551374,                     1.0,         13,           882,                       1081,            26.764050507551374 , 0              ,  100.0              ,                2
Degree       ,              20.0,  17848, CGG      ,       1982,     17817,                      3467,            85.83807873235949 ,                     1.0,         13,           882,                       3211,            79.49987620698192  , -256           ,   92.61609460628786 ,               35
Random       ,               1.0,    220, CSG-f1   ,        146,       220,                       293,             7.254270859123546,                     1.0,         14,           882,                        293,             7.254270859123546 , 0              ,  100.0              ,                3
Random       ,               1.0,    220, CSG-f2   ,        140,       219,                       224,             5.545927209705372,                     1.0,         14,           882,                        226,             5.5954444169348845, 2              ,  100.89285714285714 ,                3
Random       ,               1.0,    220, CGG      ,        120,       220,                       588,            14.558058925476603,                     1.0,         14,           882,                        533,            13.196335726665016 , -55            ,   90.64625850340136 ,                9
Random       ,               2.0,    440, CSG-f1   ,        252,       440,                       409,            10.126268878435257,                     1.0,         14,           882,                        409,            10.126268878435257 , 0              ,  100.0              ,                3
Random       ,               2.0,    440, CSG-f2   ,        244,       438,                       366,             9.061648923000742,                     1.0,         14,           882,                        366,             9.061648923000742 , 0              ,  100.0              ,                3
Random       ,               2.0,    440, CGG      ,        285,       440,                       882,            21.837088388214905,                     1.0,         14,           882,                        826,            20.45060658578856  , -56            ,   93.65079365079364 ,               10
Random       ,               5.0,   1100, CSG-f1   ,        487,      1099,                      1354,            33.52314929437979 ,                     1.0,         14,           882,                       1352,            33.473632087150285 , -2             ,   99.85228951255539 ,               14
Random       ,               5.0,   1100, CSG-f2   ,        533,      1099,                      1553,            38.450111413716265,                     1.0,         14,           882,                       1361,            33.69645951968309  , -192           ,   87.63683193818416 ,               29
Random       ,               5.0,   1100, CGG      ,        619,      1099,                      2519,            62.366922505570685,                     1.0,         14,           882,                       2139,            52.95865313196336  , -380           ,   84.91464867010718 ,               53
Random       ,              10.0,   2201, CSG-f1   ,        869,      2196,                      2883,            71.37905422134192 ,                     1.0,         14,           882,                       2879,            71.28001980688289  , -4             ,   99.86125563648976 ,               14
Random       ,              10.0,   2201, CSG-f2   ,        979,      2201,                      3095,            76.62787818767022 ,                     1.0,         14,           882,                       3094,            76.60311958405546  , -1             ,   99.96768982229402 ,               19
Random       ,              10.0,   2201, CGG      ,        926,      2011,                      4039,           100.0              ,                     1.0,         14,           882,                       3491,            86.43228521911365  , -548           ,   86.43228521911365 ,               42
Random       ,              20.0,   4402, CSG-f1   ,       1495,      4399,                      4012,            99.33151770240158 ,                     1.0,         14,           882,                       4017,            99.45531072047537  , 5              ,  100.12462612163509 ,                6
Random       ,              20.0,   4402, CSG-f2   ,       1620,      4399,                      3963,            98.11834612527853 ,                     1.0,         14,           882,                       3963,            98.11834612527853  , 0              ,  100.0              ,                5
Random       ,              20.0,   4402, CGG      ,        926,      2011,                      4039,           100.0              ,                     1.0,         14,           882,                       3491,            86.43228521911365  , -548           ,   86.43228521911365 ,               42
Degree       ,               1.0,    892, CSG-f1   ,        117,       888,                       158,             3.911859371131468,                     1.0,         14,           882,                        159,             3.9366179747462247, 1              ,  100.63291139240506 ,                6
Degree       ,               1.0,    892, CSG-f2   ,        209,       888,                       211,             5.224065362713543,                     1.0,         14,           882,                        211,             5.224065362713543 , 0              ,  100.0              ,                1
Degree       ,               1.0,    892, CGG      ,        442,       891,                       555,            13.74102500618965 ,                     1.0,         14,           882,                        554,            13.716266402574895 , -1             ,   99.81981981981983 ,               13
Degree       ,               2.0,   1784, CSG-f1   ,        177,      1766,                       368,             9.111166130230256,                     1.0,         14,           882,                        367,             9.086407526615499 , -1             ,   99.72826086956522 ,                6
Degree       ,               2.0,   1784, CSG-f2   ,        261,      1781,                       264,             6.536271354295618,                     1.0,         14,           882,                        265,             6.561029957910374 , 1              ,  100.37878787878789 ,                1
Degree       ,               2.0,   1784, CGG      ,        668,      1783,                       899,            22.25798464966576 ,                     1.0,         14,           882,                        882,            21.837088388214905 , -17            ,   98.10901001112346 ,               13
Degree       ,               5.0,   4462, CSG-f1   ,        287,      4462,                       480,            11.884129735082942,                     1.0,         14,           882,                        479,            11.859371131468185 , -1             ,   99.79166666666667 ,                6
Degree       ,               5.0,   4462, CSG-f2   ,        408,      4426,                       412,            10.200544689279525,                     1.0,         14,           882,                        413,            10.22530329289428  , 1              ,  100.24271844660196 ,                2
Degree       ,               5.0,   4462, CGG      ,       1100,      4456,                      1411,            34.9343897004209  ,                     1.0,         14,           882,                       1411,            34.9343897004209   , 0              ,  100.0              ,               13
Degree       ,              10.0,   8924, CSG-f1   ,        448,      8910,                       650,            16.093092349591483,                     1.0,         14,           882,                        650,            16.093092349591483 , 0              ,  100.0              ,                6
Degree       ,              10.0,   8924, CSG-f2   ,        613,      8915,                       617,            15.276058430304532,                     1.0,         14,           882,                        619,            15.325575637534042 , 2              ,  100.32414910858995 ,                2
Degree       ,              10.0,   8924, CGG      ,       1539,      8919,                      2405,            59.544441693488494,                     1.0,         14,           882,                       2298,            56.89527110670958  , -107           ,   95.55093555093556 ,               18
Degree       ,              20.0,  17848, CSG-f1   ,        849,     17836,                      1853,            45.877692498143105,                     1.0,         14,           882,                       1856,            45.951968308987375 , 3              ,  100.1618996222342  ,               10
Degree       ,              20.0,  17848, CSG-f2   ,       1075,     17802,                      1081,            26.764050507551374,                     1.0,         14,           882,                       1082,            26.788809111166128 , 1              ,  100.09250693802034 ,                2
Degree       ,              20.0,  17848, CGG      ,       1982,     17817,                      3467,            85.83807873235949 ,                     1.0,         14,           882,                       3298,            81.65387472146571  , -169           ,   95.12546870493222 ,               31
Random       ,               1.0,    220, CSG-f1   ,        146,       220,                       293,             7.254270859123546,                     1.0,         15,           882,                        298,             7.3780638771973255, 5              ,  101.70648464163823 ,                2
Random       ,               1.0,    220, CSG-f2   ,        140,       219,                       224,             5.545927209705372,                     1.0,         15,           882,                        225,             5.570685813320129 , 1              ,  100.44642857142858 ,                2
Random       ,               1.0,    220, CGG      ,        120,       220,                       588,            14.558058925476603,                     1.0,         15,           882,                        579,            14.335231492943798 , -9             ,   98.46938775510205 ,               13
Random       ,               2.0,    440, CSG-f1   ,        252,       440,                       409,            10.126268878435257,                     1.0,         15,           882,                        414,            10.250061896509036 , 5              ,  101.22249388753055 ,                3
Random       ,               2.0,    440, CSG-f2   ,        244,       438,                       366,             9.061648923000742,                     1.0,         15,           882,                        371,             9.185441941074524 , 5              ,  101.36612021857923 ,                2
Random       ,               2.0,    440, CGG      ,        285,       440,                       882,            21.837088388214905,                     1.0,         15,           882,                        861,            21.317157712305026 , -21            ,   97.61904761904762 ,               13
Random       ,               5.0,   1100, CSG-f1   ,        487,      1099,                      1354,            33.52314929437979 ,                     1.0,         15,           882,                       1358,            33.62218370883882  , 4              ,  100.29542097488921 ,               14
Random       ,               5.0,   1100, CSG-f2   ,        533,      1099,                      1553,            38.450111413716265,                     1.0,         15,           882,                       1560,            38.62342163901956  , 7              ,  100.45074050225371 ,               27
Random       ,               5.0,   1100, CGG      ,        619,      1099,                      2519,            62.366922505570685,                     1.0,         15,           882,                       2150,            53.230997771725676 , -369           ,   85.3513298928146  ,               46
Random       ,              10.0,   2201, CSG-f1   ,        869,      2196,                      2883,            71.37905422134192 ,                     1.0,         15,           882,                       2823,            69.89353800445654  , -60            ,   97.9188345473465  ,               10
Random       ,              10.0,   2201, CSG-f2   ,        979,      2201,                      3095,            76.62787818767022 ,                     1.0,         15,           882,                       3102,            76.8011884129735   , 7              ,  100.22617124394185 ,               19
Random       ,              10.0,   2201, CGG      ,        926,      2011,                      4039,           100.0              ,                     1.0,         15,           882,                       3853,            95.39489972765536  , -186           ,   95.39489972765536 ,               46
Random       ,              20.0,   4402, CSG-f1   ,       1495,      4399,                      4012,            99.33151770240158 ,                     1.0,         15,           882,                       4015,            99.40579351324585  , 3              ,  100.07477567298106 ,                6
Random       ,              20.0,   4402, CSG-f2   ,       1620,      4399,                      3963,            98.11834612527853 ,                     1.0,         15,           882,                       3963,            98.11834612527853  , 0              ,  100.0              ,                4
Random       ,              20.0,   4402, CGG      ,        926,      2011,                      4039,           100.0              ,                     1.0,         15,           882,                       3853,            95.39489972765536  , -186           ,   95.39489972765536 ,               46
Degree       ,               1.0,    892, CSG-f1   ,        117,       888,                       158,             3.911859371131468,                     1.0,         15,           882,                        164,             4.060410992820005 , 6              ,  103.79746835443038 ,                6
Degree       ,               1.0,    892, CSG-f2   ,        209,       888,                       211,             5.224065362713543,                     1.0,         15,           882,                        212,             5.248823966328299 , 1              ,  100.4739336492891  ,                1
Degree       ,               1.0,    892, CGG      ,        442,       891,                       555,            13.74102500618965 ,                     1.0,         15,           882,                        554,            13.716266402574895 , -1             ,   99.81981981981983 ,               15
Degree       ,               2.0,   1784, CSG-f1   ,        177,      1766,                       368,             9.111166130230256,                     1.0,         15,           882,                        369,             9.13592473384501  , 1              ,  100.2717391304348  ,                6
Degree       ,               2.0,   1784, CSG-f2   ,        261,      1781,                       264,             6.536271354295618,                     1.0,         15,           882,                        265,             6.561029957910374 , 1              ,  100.37878787878789 ,                1
Degree       ,               2.0,   1784, CGG      ,        668,      1783,                       899,            22.25798464966576 ,                     1.0,         15,           882,                        880,            21.787571180985392 , -19            ,   97.8865406006674  ,               15
Degree       ,               5.0,   4462, CSG-f1   ,        287,      4462,                       480,            11.884129735082942,                     1.0,         15,           882,                        481,            11.908888338697697 , 1              ,  100.20833333333334 ,                6
Degree       ,               5.0,   4462, CSG-f2   ,        408,      4426,                       412,            10.200544689279525,                     1.0,         15,           882,                        413,            10.22530329289428  , 1              ,  100.24271844660196 ,                2
Degree       ,               5.0,   4462, CGG      ,       1100,      4456,                      1411,            34.9343897004209  ,                     1.0,         15,           882,                       1411,            34.9343897004209   , 0              ,  100.0              ,               15
Degree       ,              10.0,   8924, CSG-f1   ,        448,      8910,                       650,            16.093092349591483,                     1.0,         15,           882,                        651,            16.11785095320624  , 1              ,  100.15384615384615 ,                6
Degree       ,              10.0,   8924, CSG-f2   ,        613,      8915,                       617,            15.276058430304532,                     1.0,         15,           882,                        618,            15.300817033919287 , 1              ,  100.16207455429497 ,                2
Degree       ,              10.0,   8924, CGG      ,       1539,      8919,                      2405,            59.544441693488494,                     1.0,         15,           882,                       2276,            56.35058182718494  , -129           ,   94.63617463617464 ,               28
Degree       ,              20.0,  17848, CSG-f1   ,        849,     17836,                      1853,            45.877692498143105,                     1.0,         15,           882,                       1854,            45.90245110175786  , 1              ,  100.05396654074474 ,                7
Degree       ,              20.0,  17848, CSG-f2   ,       1075,     17802,                      1081,            26.764050507551374,                     1.0,         15,           882,                       1083,            26.813567714780884 , 2              ,  100.18501387604071 ,                2
Degree       ,              20.0,  17848, CGG      ,       1982,     17817,                      3467,            85.83807873235949 ,                     1.0,         15,           882,                       3204,            79.32656598167863  , -263           ,   92.41419094317854 ,               27
Random       ,               1.0,    220, CSG-f1   ,        146,       220,                       293,             7.254270859123546,                     1.0,         16,           882,                        293,             7.254270859123546 , 0              ,  100.0              ,                2
Random       ,               1.0,    220, CSG-f2   ,        140,       219,                       224,             5.545927209705372,                     1.0,         16,           882,                        225,             5.570685813320129 , 1              ,  100.44642857142858 ,                2
Random       ,               1.0,    220, CGG      ,        120,       220,                       588,            14.558058925476603,                     1.0,         16,           882,                        550,            13.617231988115872 , -38            ,   93.5374149659864  ,               13
Random       ,               2.0,    440, CSG-f1   ,        252,       440,                       409,            10.126268878435257,                     1.0,         16,           882,                        409,            10.126268878435257 , 0              ,  100.0              ,                3
Random       ,               2.0,    440, CSG-f2   ,        244,       438,                       366,             9.061648923000742,                     1.0,         16,           882,                        368,             9.111166130230256 , 2              ,  100.5464480874317  ,                2
Random       ,               2.0,    440, CGG      ,        285,       440,                       882,            21.837088388214905,                     1.0,         16,           882,                        825,            20.425847982173806 , -57            ,   93.5374149659864  ,               13
Random       ,               5.0,   1100, CSG-f1   ,        487,      1099,                      1354,            33.52314929437979 ,                     1.0,         16,           882,                       1356,            33.57266650160931  , 2              ,  100.14771048744461 ,               14
Random       ,               5.0,   1100, CSG-f2   ,        533,      1099,                      1553,            38.450111413716265,                     1.0,         16,           882,                       1556,            38.524387224560535 , 3              ,  100.19317450096588 ,               27
Random       ,               5.0,   1100, CGG      ,        619,      1099,                      2519,            62.366922505570685,                     1.0,         16,           882,                       2000,            49.51720722951226  , -519           ,   79.3965859468043  ,               39
Random       ,              10.0,   2201, CSG-f1   ,        869,      2196,                      2883,            71.37905422134192 ,                     1.0,         16,           882,                       2872,            71.1067095815796   , -11            ,   99.61845300034686 ,               14
Random       ,              10.0,   2201, CSG-f2   ,        979,      2201,                      3095,            76.62787818767022 ,                     1.0,         16,           882,                       3076,            76.15746471898986  , -19            ,   99.38610662358643 ,               18
Random       ,              10.0,   2201, CGG      ,        926,      2011,                      4039,           100.0              ,                     1.0,         16,           882,                       3426,            84.8229759841545   , -613           ,   84.8229759841545  ,               38
Random       ,              20.0,   4402, CSG-f1   ,       1495,      4399,                      4012,            99.33151770240158 ,                     1.0,         16,           882,                       4012,            99.33151770240158  , 0              ,  100.0              ,                6
Random       ,              20.0,   4402, CSG-f2   ,       1620,      4399,                      3963,            98.11834612527853 ,                     1.0,         16,           882,                       3963,            98.11834612527853  , 0              ,  100.0              ,                5
Random       ,              20.0,   4402, CGG      ,        926,      2011,                      4039,           100.0              ,                     1.0,         16,           882,                       3426,            84.8229759841545   , -613           ,   84.8229759841545  ,               38
Degree       ,               1.0,    892, CSG-f1   ,        117,       888,                       158,             3.911859371131468,                     1.0,         16,           882,                        165,             4.085169596434761 , 7              ,  104.43037974683544 ,                5
Degree       ,               1.0,    892, CSG-f2   ,        209,       888,                       211,             5.224065362713543,                     1.0,         16,           882,                        211,             5.224065362713543 , 0              ,  100.0              ,                1
Degree       ,               1.0,    892, CGG      ,        442,       891,                       555,            13.74102500618965 ,                     1.0,         16,           882,                        555,            13.74102500618965  , 0              ,  100.0              ,               14
Degree       ,               2.0,   1784, CSG-f1   ,        177,      1766,                       368,             9.111166130230256,                     1.0,         16,           882,                        368,             9.111166130230256 , 0              ,  100.0              ,                6
Degree       ,               2.0,   1784, CSG-f2   ,        261,      1781,                       264,             6.536271354295618,                     1.0,         16,           882,                        264,             6.536271354295618 , 0              ,  100.0              ,                1
Degree       ,               2.0,   1784, CGG      ,        668,      1783,                       899,            22.25798464966576 ,                     1.0,         16,           882,                        893,            22.10943302797722  , -6             ,   99.33259176863181 ,               14
Degree       ,               5.0,   4462, CSG-f1   ,        287,      4462,                       480,            11.884129735082942,                     1.0,         16,           882,                        480,            11.884129735082942 , 0              ,  100.0              ,                6
Degree       ,               5.0,   4462, CSG-f2   ,        408,      4426,                       412,            10.200544689279525,                     1.0,         16,           882,                        412,            10.200544689279525 , 0              ,  100.0              ,                2
Degree       ,               5.0,   4462, CGG      ,       1100,      4456,                      1411,            34.9343897004209  ,                     1.0,         16,           882,                       1396,            34.56301064619956  , -15            ,   98.93692416725727 ,               14
Degree       ,              10.0,   8924, CSG-f1   ,        448,      8910,                       650,            16.093092349591483,                     1.0,         16,           882,                        653,            16.167368160435753 , 3              ,  100.46153846153847 ,                6
Degree       ,              10.0,   8924, CSG-f2   ,        613,      8915,                       617,            15.276058430304532,                     1.0,         16,           882,                        618,            15.300817033919287 , 1              ,  100.16207455429497 ,                2
Degree       ,              10.0,   8924, CGG      ,       1539,      8919,                      2405,            59.544441693488494,                     1.0,         16,           882,                       2371,            58.702649170586774 , -34            ,   98.58627858627858 ,               27
Degree       ,              20.0,  17848, CSG-f1   ,        849,     17836,                      1853,            45.877692498143105,                     1.0,         16,           882,                       1854,            45.90245110175786  , 1              ,  100.05396654074474 ,                7
Degree       ,              20.0,  17848, CSG-f2   ,       1075,     17802,                      1081,            26.764050507551374,                     1.0,         16,           882,                       1082,            26.788809111166128 , 1              ,  100.09250693802034 ,                2
Degree       ,              20.0,  17848, CGG      ,       1982,     17817,                      3467,            85.83807873235949 ,                     1.0,         16,           882,                       3467,            85.83807873235949  , 0              ,  100.0              ,               35
Random       ,               1.0,    220, CSG-f1   ,        146,       220,                       293,             7.254270859123546,                     1.0,         17,           882,                        304,             7.526615498885862 , 11             ,  103.75426621160409 ,                4
Random       ,               1.0,    220, CSG-f2   ,        140,       219,                       224,             5.545927209705372,                     1.0,         17,           882,                        231,             5.719237435008666 , 7              ,  103.125            ,                4
Random       ,               1.0,    220, CGG      ,        120,       220,                       588,            14.558058925476603,                     1.0,         17,           882,                        587,            14.533300321861848 , -1             ,   99.82993197278913 ,               13
Random       ,               2.0,    440, CSG-f1   ,        252,       440,                       409,            10.126268878435257,                     1.0,         17,           882,                        421,            10.42337212181233  , 12             ,  102.93398533007334 ,                4
Random       ,               2.0,    440, CSG-f2   ,        244,       438,                       366,             9.061648923000742,                     1.0,         17,           882,                        377,             9.33399356276306  , 11             ,  103.00546448087431 ,                4
Random       ,               2.0,    440, CGG      ,        285,       440,                       882,            21.837088388214905,                     1.0,         17,           882,                        869,            21.515226541223075 , -13            ,   98.52607709750568 ,               13
Random       ,               5.0,   1100, CSG-f1   ,        487,      1099,                      1354,            33.52314929437979 ,                     1.0,         17,           882,                       1369,            33.89452834860114  , 15             ,  101.10782865583457 ,               14
Random       ,               5.0,   1100, CSG-f2   ,        533,      1099,                      1553,            38.450111413716265,                     1.0,         17,           882,                       1561,            38.64818024263432  , 8              ,  100.51513200257567 ,               28
Random       ,               5.0,   1100, CGG      ,        619,      1099,                      2519,            62.366922505570685,                     1.0,         17,           882,                       2054,            50.854171824709084 , -465           ,   81.540293767368   ,               55
Random       ,              10.0,   2201, CSG-f1   ,        869,      2196,                      2883,            71.37905422134192 ,                     1.0,         17,           882,                       2969,            73.50829413221093  , 86             ,  102.98300381546998 ,               17
Random       ,              10.0,   2201, CSG-f2   ,        979,      2201,                      3095,            76.62787818767022 ,                     1.0,         17,           882,                       3104,            76.85070562020302  , 9              ,  100.2907915993538  ,               17
Random       ,              10.0,   2201, CGG      ,        926,      2011,                      4039,           100.0              ,                     1.0,         17,           882,                       3015,            74.64718989848973  , -1024          ,   74.64718989848973 ,               38
Random       ,              20.0,   4402, CSG-f1   ,       1495,      4399,                      4012,            99.33151770240158 ,                     1.0,         17,           882,                       4012,            99.33151770240158  , 0              ,  100.0              ,                6
Random       ,              20.0,   4402, CSG-f2   ,       1620,      4399,                      3963,            98.11834612527853 ,                     1.0,         17,           882,                       3963,            98.11834612527853  , 0              ,  100.0              ,                5
Random       ,              20.0,   4402, CGG      ,        926,      2011,                      4039,           100.0              ,                     1.0,         17,           882,                       3015,            74.64718989848973  , -1024          ,   74.64718989848973 ,               38
Degree       ,               1.0,    892, CSG-f1   ,        117,       888,                       158,             3.911859371131468,                     1.0,         17,           882,                        158,             3.911859371131468 , 0              ,  100.0              ,                6
Degree       ,               1.0,    892, CSG-f2   ,        209,       888,                       211,             5.224065362713543,                     1.0,         17,           882,                        211,             5.224065362713543 , 0              ,  100.0              ,                1
Degree       ,               1.0,    892, CGG      ,        442,       891,                       555,            13.74102500618965 ,                     1.0,         17,           882,                        553,            13.69150779896014  , -2             ,   99.63963963963964 ,               14
Degree       ,               2.0,   1784, CSG-f1   ,        177,      1766,                       368,             9.111166130230256,                     1.0,         17,           882,                        368,             9.111166130230256 , 0              ,  100.0              ,                6
Degree       ,               2.0,   1784, CSG-f2   ,        261,      1781,                       264,             6.536271354295618,                     1.0,         17,           882,                        264,             6.536271354295618 , 0              ,  100.0              ,                1
Degree       ,               2.0,   1784, CGG      ,        668,      1783,                       899,            22.25798464966576 ,                     1.0,         17,           882,                        898,            22.233226046051    , -1             ,   99.88876529477196 ,               14
Degree       ,               5.0,   4462, CSG-f1   ,        287,      4462,                       480,            11.884129735082942,                     1.0,         17,           882,                        480,            11.884129735082942 , 0              ,  100.0              ,                6
Degree       ,               5.0,   4462, CSG-f2   ,        408,      4426,                       412,            10.200544689279525,                     1.0,         17,           882,                        412,            10.200544689279525 , 0              ,  100.0              ,                2
Degree       ,               5.0,   4462, CGG      ,       1100,      4456,                      1411,            34.9343897004209  ,                     1.0,         17,           882,                       1410,            34.90963109680614  , -1             ,   99.92912827781714 ,               14
Degree       ,              10.0,   8924, CSG-f1   ,        448,      8910,                       650,            16.093092349591483,                     1.0,         17,           882,                        650,            16.093092349591483 , 0              ,  100.0              ,                6
Degree       ,              10.0,   8924, CSG-f2   ,        613,      8915,                       617,            15.276058430304532,                     1.0,         17,           882,                        617,            15.276058430304532 , 0              ,  100.0              ,                2
Degree       ,              10.0,   8924, CGG      ,       1539,      8919,                      2405,            59.544441693488494,                     1.0,         17,           882,                       2314,            57.29140876454568  , -91            ,   96.21621621621622 ,               27
Degree       ,              20.0,  17848, CSG-f1   ,        849,     17836,                      1853,            45.877692498143105,                     1.0,         17,           882,                       1853,            45.877692498143105 , 0              ,  100.0              ,                7
Degree       ,              20.0,  17848, CSG-f2   ,       1075,     17802,                      1081,            26.764050507551374,                     1.0,         17,           882,                       1081,            26.764050507551374 , 0              ,  100.0              ,                2
Degree       ,              20.0,  17848, CGG      ,       1982,     17817,                      3467,            85.83807873235949 ,                     1.0,         17,           882,                       3196,            79.12849715276057  , -271           ,   92.18344389962503 ,               35
Random       ,               1.0,    220, CSG-f1   ,        146,       220,                       293,             7.254270859123546,                     1.0,         18,           882,                        291,             7.204753651894033 , -2             ,   99.31740614334471 ,                2
Random       ,               1.0,    220, CSG-f2   ,        140,       219,                       224,             5.545927209705372,                     1.0,         18,           882,                        224,             5.545927209705372 , 0              ,  100.0              ,                2
Random       ,               1.0,    220, CGG      ,        120,       220,                       588,            14.558058925476603,                     1.0,         18,           882,                        582,            14.409507303788066 , -6             ,   98.9795918367347  ,               13
Random       ,               2.0,    440, CSG-f1   ,        252,       440,                       409,            10.126268878435257,                     1.0,         18,           882,                        407,            10.076751671205745 , -2             ,   99.51100244498777 ,                3
Random       ,               2.0,    440, CSG-f2   ,        244,       438,                       366,             9.061648923000742,                     1.0,         18,           882,                        365,             9.036890319385988 , -1             ,   99.72677595628416 ,                2
Random       ,               2.0,    440, CGG      ,        285,       440,                       882,            21.837088388214905,                     1.0,         18,           882,                        879,            21.762812577370635 , -3             ,   99.65986394557824 ,               13
Random       ,               5.0,   1100, CSG-f1   ,        487,      1099,                      1354,            33.52314929437979 ,                     1.0,         18,           882,                       1353,            33.49839069076504  , -1             ,   99.9261447562777  ,               14
Random       ,               5.0,   1100, CSG-f2   ,        533,      1099,                      1553,            38.450111413716265,                     1.0,         18,           882,                       1526,            37.78162911611785  , -27            ,   98.26142949130715 ,               24
Random       ,               5.0,   1100, CGG      ,        619,      1099,                      2519,            62.366922505570685,                     1.0,         18,           882,                       2004,            49.61624164397128  , -515           ,   79.5553791186979  ,               42
Random       ,              10.0,   2201, CSG-f1   ,        869,      2196,                      2883,            71.37905422134192 ,                     1.0,         18,           882,                       2877,            71.23050259965338  , -6             ,   99.79188345473466 ,               12
Random       ,              10.0,   2201, CSG-f2   ,        979,      2201,                      3095,            76.62787818767022 ,                     1.0,         18,           882,                       3094,            76.60311958405546  , -1             ,   99.96768982229402 ,               18
Random       ,              10.0,   2201, CGG      ,        926,      2011,                      4039,           100.0              ,                     1.0,         18,           882,                       3125,            77.3706362961129   , -914           ,   77.3706362961129  ,               40
Random       ,              20.0,   4402, CSG-f1   ,       1495,      4399,                      4012,            99.33151770240158 ,                     1.0,         18,           882,                       4004,            99.13344887348353  , -8             ,   99.80059820538385 ,                6
Random       ,              20.0,   4402, CSG-f2   ,       1620,      4399,                      3963,            98.11834612527853 ,                     1.0,         18,           882,                       3955,            97.92027729636048  , -8             ,   99.79813272773151 ,                5
Random       ,              20.0,   4402, CGG      ,        926,      2011,                      4039,           100.0              ,                     1.0,         18,           882,                       3125,            77.3706362961129   , -914           ,   77.3706362961129  ,               40
Degree       ,               1.0,    892, CSG-f1   ,        117,       888,                       158,             3.911859371131468,                     1.0,         18,           882,                        160,             3.9613765783609804, 2              ,  101.26582278481013 ,                6
Degree       ,               1.0,    892, CSG-f2   ,        209,       888,                       211,             5.224065362713543,                     1.0,         18,           882,                        212,             5.248823966328299 , 1              ,  100.4739336492891  ,                1
Degree       ,               1.0,    892, CGG      ,        442,       891,                       555,            13.74102500618965 ,                     1.0,         18,           882,                        554,            13.716266402574895 , -1             ,   99.81981981981983 ,               13
Degree       ,               2.0,   1784, CSG-f1   ,        177,      1766,                       368,             9.111166130230256,                     1.0,         18,           882,                        370,             9.160683337459767 , 2              ,  100.54347826086956 ,                6
Degree       ,               2.0,   1784, CSG-f2   ,        261,      1781,                       264,             6.536271354295618,                     1.0,         18,           882,                        265,             6.561029957910374 , 1              ,  100.37878787878789 ,                1
Degree       ,               2.0,   1784, CGG      ,        668,      1783,                       899,            22.25798464966576 ,                     1.0,         18,           882,                        898,            22.233226046051    , -1             ,   99.88876529477196 ,               13
Degree       ,               5.0,   4462, CSG-f1   ,        287,      4462,                       480,            11.884129735082942,                     1.0,         18,           882,                        484,            11.983164149541965 , 4              ,  100.83333333333333 ,                6
Degree       ,               5.0,   4462, CSG-f2   ,        408,      4426,                       412,            10.200544689279525,                     1.0,         18,           882,                        412,            10.200544689279525 , 0              ,  100.0              ,                2
Degree       ,               5.0,   4462, CGG      ,       1100,      4456,                      1411,            34.9343897004209  ,                     1.0,         18,           882,                       1410,            34.90963109680614  , -1             ,   99.92912827781714 ,               13
Degree       ,              10.0,   8924, CSG-f1   ,        448,      8910,                       650,            16.093092349591483,                     1.0,         18,           882,                        655,            16.216885367665263 , 5              ,  100.76923076923077 ,                6
Degree       ,              10.0,   8924, CSG-f2   ,        613,      8915,                       617,            15.276058430304532,                     1.0,         18,           882,                        617,            15.276058430304532 , 0              ,  100.0              ,                2
Degree       ,              10.0,   8924, CGG      ,       1539,      8919,                      2405,            59.544441693488494,                     1.0,         18,           882,                       2403,            59.494924486258974 , -2             ,   99.91683991683992 ,               29
Degree       ,              20.0,  17848, CSG-f1   ,        849,     17836,                      1853,            45.877692498143105,                     1.0,         18,           882,                       1855,            45.92720970537262  , 2              ,  100.10793308148949 ,                7
Degree       ,              20.0,  17848, CSG-f2   ,       1075,     17802,                      1081,            26.764050507551374,                     1.0,         18,           882,                       1081,            26.764050507551374 , 0              ,  100.0              ,                2
Degree       ,              20.0,  17848, CGG      ,       1982,     17817,                      3467,            85.83807873235949 ,                     1.0,         18,           882,                       3364,            83.28794256003962  , -103           ,   97.02913181424863 ,               23
Random       ,               1.0,    220, CSG-f1   ,        146,       220,                       293,             7.254270859123546,                     1.0,         19,           882,                        295,             7.303788066353058 , 2              ,  100.6825938566553  ,                2
Random       ,               1.0,    220, CSG-f2   ,        140,       219,                       224,             5.545927209705372,                     1.0,         19,           882,                        225,             5.570685813320129 , 1              ,  100.44642857142858 ,                2
Random       ,               1.0,    220, CGG      ,        120,       220,                       588,            14.558058925476603,                     1.0,         19,           882,                        585,            14.483783114632335 , -3             ,   99.48979591836735 ,               11
Random       ,               2.0,    440, CSG-f1   ,        252,       440,                       409,            10.126268878435257,                     1.0,         19,           882,                        409,            10.126268878435257 , 0              ,  100.0              ,                3
Random       ,               2.0,    440, CSG-f2   ,        244,       438,                       366,             9.061648923000742,                     1.0,         19,           882,                        366,             9.061648923000742 , 0              ,  100.0              ,                2
Random       ,               2.0,    440, CGG      ,        285,       440,                       882,            21.837088388214905,                     1.0,         19,           882,                        860,            21.29239910869027  , -22            ,   97.50566893424036 ,               11
Random       ,               5.0,   1100, CSG-f1   ,        487,      1099,                      1354,            33.52314929437979 ,                     1.0,         19,           882,                       1354,            33.52314929437979  , 0              ,  100.0              ,               14
Random       ,               5.0,   1100, CSG-f2   ,        533,      1099,                      1553,            38.450111413716265,                     1.0,         19,           882,                       1555,            38.49962862094578  , 2              ,  100.12878300064392 ,               27
Random       ,               5.0,   1100, CGG      ,        619,      1099,                      2519,            62.366922505570685,                     1.0,         19,           882,                       2359,            58.4055459272097   , -160           ,   93.64827312425565 ,               51
Random       ,              10.0,   2201, CSG-f1   ,        869,      2196,                      2883,            71.37905422134192 ,                     1.0,         19,           882,                       2956,            73.18643228521911  , 73             ,  102.53208463406173 ,               18
Random       ,              10.0,   2201, CSG-f2   ,        979,      2201,                      3095,            76.62787818767022 ,                     1.0,         19,           882,                       3088,            76.45456796236692  , -7             ,   99.77382875605815 ,               16
Random       ,              10.0,   2201, CGG      ,        926,      2011,                      4039,           100.0              ,                     1.0,         19,           882,                       3917,            96.97945035899976  , -122           ,   96.97945035899976 ,               42
Random       ,              20.0,   4402, CSG-f1   ,       1495,      4399,                      4012,            99.33151770240158 ,                     1.0,         19,           882,                       4012,            99.33151770240158  , 0              ,  100.0              ,                6
Random       ,              20.0,   4402, CSG-f2   ,       1620,      4399,                      3963,            98.11834612527853 ,                     1.0,         19,           882,                       3963,            98.11834612527853  , 0              ,  100.0              ,                5
Random       ,              20.0,   4402, CGG      ,        926,      2011,                      4039,           100.0              ,                     1.0,         19,           882,                       3917,            96.97945035899976  , -122           ,   96.97945035899976 ,               42
Degree       ,               1.0,    892, CSG-f1   ,        117,       888,                       158,             3.911859371131468,                     1.0,         19,           882,                        169,             4.184204010893786 , 11             ,  106.9620253164557  ,                6
Degree       ,               1.0,    892, CSG-f2   ,        209,       888,                       211,             5.224065362713543,                     1.0,         19,           882,                        212,             5.248823966328299 , 1              ,  100.4739336492891  ,                1
Degree       ,               1.0,    892, CGG      ,        442,       891,                       555,            13.74102500618965 ,                     1.0,         19,           882,                        555,            13.74102500618965  , 0              ,  100.0              ,               14
Degree       ,               2.0,   1784, CSG-f1   ,        177,      1766,                       368,             9.111166130230256,                     1.0,         19,           882,                        369,             9.13592473384501  , 1              ,  100.2717391304348  ,                6
Degree       ,               2.0,   1784, CSG-f2   ,        261,      1781,                       264,             6.536271354295618,                     1.0,         19,           882,                        265,             6.561029957910374 , 1              ,  100.37878787878789 ,                1
Degree       ,               2.0,   1784, CGG      ,        668,      1783,                       899,            22.25798464966576 ,                     1.0,         19,           882,                        899,            22.25798464966576  , 0              ,  100.0              ,               14
Degree       ,               5.0,   4462, CSG-f1   ,        287,      4462,                       480,            11.884129735082942,                     1.0,         19,           882,                        481,            11.908888338697697 , 1              ,  100.20833333333334 ,                6
Degree       ,               5.0,   4462, CSG-f2   ,        408,      4426,                       412,            10.200544689279525,                     1.0,         19,           882,                        413,            10.22530329289428  , 1              ,  100.24271844660196 ,                2
Degree       ,               5.0,   4462, CGG      ,       1100,      4456,                      1411,            34.9343897004209  ,                     1.0,         19,           882,                       1411,            34.9343897004209   , 0              ,  100.0              ,               14
Degree       ,              10.0,   8924, CSG-f1   ,        448,      8910,                       650,            16.093092349591483,                     1.0,         19,           882,                        654,            16.192126764050506 , 4              ,  100.61538461538461 ,                6
Degree       ,              10.0,   8924, CSG-f2   ,        613,      8915,                       617,            15.276058430304532,                     1.0,         19,           882,                        618,            15.300817033919287 , 1              ,  100.16207455429497 ,                2
Degree       ,              10.0,   8924, CGG      ,       1539,      8919,                      2405,            59.544441693488494,                     1.0,         19,           882,                       2288,            56.64768507056201  , -117           ,   95.13513513513514 ,               19
Degree       ,              20.0,  17848, CSG-f1   ,        849,     17836,                      1853,            45.877692498143105,                     1.0,         19,           882,                       1853,            45.877692498143105 , 0              ,  100.0              ,                7
Degree       ,              20.0,  17848, CSG-f2   ,       1075,     17802,                      1081,            26.764050507551374,                     1.0,         19,           882,                       1081,            26.764050507551374 , 0              ,  100.0              ,                2
Degree       ,              20.0,  17848, CGG      ,       1982,     17817,                      3467,            85.83807873235949 ,                     1.0,         19,           882,                       3344,            82.79277048774449  , -123           ,   96.45226420536487 ,               40
Random       ,               1.0,    220, CSG-f1   ,        146,       220,                       293,             7.254270859123546,                     5.0,          0,          4411,                        304,             7.526615498885862 , 11             ,  103.75426621160409 ,                5
Random       ,               1.0,    220, CSG-f2   ,        140,       219,                       224,             5.545927209705372,                     5.0,          0,          4411,                        228,             5.644961624164397 , 4              ,  101.78571428571428 ,                3
Random       ,               1.0,    220, CGG      ,        120,       220,                       588,            14.558058925476603,                     5.0,          0,          4411,                        542,            13.419163159197822 , -46            ,   92.17687074829932 ,                9
Random       ,               2.0,    440, CSG-f1   ,        252,       440,                       409,            10.126268878435257,                     5.0,          0,          4411,                        422,            10.448130725427086 , 13             ,  103.17848410757946 ,                5
Random       ,               2.0,    440, CSG-f2   ,        244,       438,                       366,             9.061648923000742,                     5.0,          0,          4411,                        378,             9.358752166377817 , 12             ,  103.27868852459017 ,                5
Random       ,               2.0,    440, CGG      ,        285,       440,                       882,            21.837088388214905,                     5.0,          0,          4411,                        810,            20.054468927952463 , -72            ,   91.83673469387756 ,               11
Random       ,               5.0,   1100, CSG-f1   ,        487,      1099,                      1354,            33.52314929437979 ,                     5.0,          0,          4411,                       1492,            36.93983659321614  , 138            ,  110.19202363367799 ,               27
Random       ,               5.0,   1100, CSG-f2   ,        533,      1099,                      1553,            38.450111413716265,                     5.0,          0,          4411,                       1556,            38.524387224560535 , 3              ,  100.19317450096588 ,               24
Random       ,               5.0,   1100, CGG      ,        619,      1099,                      2519,            62.366922505570685,                     5.0,          0,          4411,                       1424,            35.256251547412724 , -1095          ,   56.53036919412465 ,               11
Random       ,              10.0,   2201, CSG-f1   ,        869,      2196,                      2883,            71.37905422134192 ,                     5.0,          0,          4411,                       2952,            73.08739787076009  , 69             ,  102.39334027055152 ,               16
Random       ,              10.0,   2201, CSG-f2   ,        979,      2201,                      3095,            76.62787818767022 ,                     5.0,          0,          4411,                       3081,            76.28125773706364  , -14            ,   99.54765751211632 ,               15
Random       ,              10.0,   2201, CGG      ,        926,      2011,                      4039,           100.0              ,                     5.0,          0,          4411,                       2196,            54.369893538004455 , -1843          ,   54.369893538004455,               22
Random       ,              20.0,   4402, CSG-f1   ,       1495,      4399,                      4012,            99.33151770240158 ,                     5.0,          0,          4411,                       4008,            99.23248328794256  , -4             ,   99.90029910269193 ,                7
Random       ,              20.0,   4402, CSG-f2   ,       1620,      4399,                      3963,            98.11834612527853 ,                     5.0,          0,          4411,                       3953,            97.87076008913097  , -10            ,   99.74766590966439 ,                5
Random       ,              20.0,   4402, CGG      ,        926,      2011,                      4039,           100.0              ,                     5.0,          0,          4411,                       2196,            54.369893538004455 , -1843          ,   54.369893538004455,               22
Degree       ,               1.0,    892, CSG-f1   ,        117,       888,                       158,             3.911859371131468,                     5.0,          0,          4411,                        156,             3.862342163901956 , -2             ,   98.73417721518987 ,                3
Degree       ,               1.0,    892, CSG-f2   ,        209,       888,                       211,             5.224065362713543,                     5.0,          0,          4411,                        214,             5.298341173557811 , 3              ,  101.4218009478673  ,                1
Degree       ,               1.0,    892, CGG      ,        442,       891,                       555,            13.74102500618965 ,                     5.0,          0,          4411,                        550,            13.617231988115872 , -5             ,   99.09909909909909 ,               14
Degree       ,               2.0,   1784, CSG-f1   ,        177,      1766,                       368,             9.111166130230256,                     5.0,          0,          4411,                        376,             9.309234959148304 , 8              ,  102.17391304347827 ,                6
Degree       ,               2.0,   1784, CSG-f2   ,        261,      1781,                       264,             6.536271354295618,                     5.0,          0,          4411,                        267,             6.610547165139886 , 3              ,  101.13636363636364 ,                1
Degree       ,               2.0,   1784, CGG      ,        668,      1783,                       899,            22.25798464966576 ,                     5.0,          0,          4411,                        880,            21.787571180985392 , -19            ,   97.8865406006674  ,               14
Degree       ,               5.0,   4462, CSG-f1   ,        287,      4462,                       480,            11.884129735082942,                     5.0,          0,          4411,                        488,            12.08219856400099  , 8              ,  101.66666666666666 ,                6
Degree       ,               5.0,   4462, CSG-f2   ,        408,      4426,                       412,            10.200544689279525,                     5.0,          0,          4411,                        412,            10.200544689279525 , 0              ,  100.0              ,                1
Degree       ,               5.0,   4462, CGG      ,       1100,      4456,                      1411,            34.9343897004209  ,                     5.0,          0,          4411,                       1407,            34.835355285961874 , -4             ,   99.7165131112686  ,               14
Degree       ,              10.0,   8924, CSG-f1   ,        448,      8910,                       650,            16.093092349591483,                     5.0,          0,          4411,                        661,            16.365436989353803 , 11             ,  101.69230769230768 ,                6
Degree       ,              10.0,   8924, CSG-f2   ,        613,      8915,                       617,            15.276058430304532,                     5.0,          0,          4411,                        617,            15.276058430304532 , 0              ,  100.0              ,                1
Degree       ,              10.0,   8924, CGG      ,       1539,      8919,                      2405,            59.544441693488494,                     5.0,          0,          4411,                       2297,            56.87051250309483  , -108           ,   95.50935550935552 ,               26
Degree       ,              20.0,  17848, CSG-f1   ,        849,     17836,                      1853,            45.877692498143105,                     5.0,          0,          4411,                       1862,            46.10051993067591  , 9              ,  100.48569886670265 ,                7
Degree       ,              20.0,  17848, CSG-f2   ,       1075,     17802,                      1081,            26.764050507551374,                     5.0,          0,          4411,                       1081,            26.764050507551374 , 0              ,  100.0              ,                1
Degree       ,              20.0,  17848, CGG      ,       1982,     17817,                      3467,            85.83807873235949 ,                     5.0,          0,          4411,                       3159,            78.21242881901462  , -308           ,   91.11623882319007 ,               26
Random       ,               1.0,    220, CSG-f1   ,        146,       220,                       293,             7.254270859123546,                     5.0,          1,          4411,                        305,             7.551374102500619 , 12             ,  104.09556313993174 ,                4
Random       ,               1.0,    220, CSG-f2   ,        140,       219,                       224,             5.545927209705372,                     5.0,          1,          4411,                        235,             5.81827184946769  , 11             ,  104.91071428571428 ,                4
Random       ,               1.0,    220, CGG      ,        120,       220,                       588,            14.558058925476603,                     5.0,          1,          4411,                        531,            13.146818519435504 , -57            ,   90.3061224489796  ,               13
Random       ,               2.0,    440, CSG-f1   ,        252,       440,                       409,            10.126268878435257,                     5.0,          1,          4411,                        423,            10.472889329041841 , 14             ,  103.42298288508557 ,                4
Random       ,               2.0,    440, CSG-f2   ,        244,       438,                       366,             9.061648923000742,                     5.0,          1,          4411,                        379,             9.383510769992572 , 13             ,  103.55191256830601 ,                4
Random       ,               2.0,    440, CGG      ,        285,       440,                       882,            21.837088388214905,                     5.0,          1,          4411,                        790,            19.55929685565734  , -92            ,   89.56916099773242 ,               13
Random       ,               5.0,   1100, CSG-f1   ,        487,      1099,                      1354,            33.52314929437979 ,                     5.0,          1,          4411,                       1367,            33.84501114137163  , 13             ,  100.96011816838994 ,               19
Random       ,               5.0,   1100, CSG-f2   ,        533,      1099,                      1553,            38.450111413716265,                     5.0,          1,          4411,                       1557,            38.54914582817529  , 4              ,  100.25756600128784 ,               26
Random       ,               5.0,   1100, CGG      ,        619,      1099,                      2519,            62.366922505570685,                     5.0,          1,          4411,                       1797,            44.49121069571676  , -722           ,   71.33783247320366 ,               38
Random       ,              10.0,   2201, CSG-f1   ,        869,      2196,                      2883,            71.37905422134192 ,                     5.0,          1,          4411,                       2893,            71.62664025748948  , 10             ,  100.34686090877558 ,               10
Random       ,              10.0,   2201, CSG-f2   ,        979,      2201,                      3095,            76.62787818767022 ,                     5.0,          1,          4411,                       3107,            76.92498143104729  , 12             ,  100.38772213247174 ,               18
Random       ,              10.0,   2201, CGG      ,        926,      2011,                      4039,           100.0              ,                     5.0,          1,          4411,                       3286,            81.35677147808865  , -753           ,   81.35677147808865 ,               37
Random       ,              20.0,   4402, CSG-f1   ,       1495,      4399,                      4012,            99.33151770240158 ,                     5.0,          1,          4411,                       4013,            99.35627630601634  , 1              ,  100.02492522432702 ,                7
Random       ,              20.0,   4402, CSG-f2   ,       1620,      4399,                      3963,            98.11834612527853 ,                     5.0,          1,          4411,                       3954,            97.89551869274572  , -9             ,   99.77289931869797 ,                4
Random       ,              20.0,   4402, CGG      ,        926,      2011,                      4039,           100.0              ,                     5.0,          1,          4411,                       3286,            81.35677147808865  , -753           ,   81.35677147808865 ,               37
Degree       ,               1.0,    892, CSG-f1   ,        117,       888,                       158,             3.911859371131468,                     5.0,          1,          4411,                        168,             4.15944540727903  , 10             ,  106.32911392405062 ,                7
Degree       ,               1.0,    892, CSG-f2   ,        209,       888,                       211,             5.224065362713543,                     5.0,          1,          4411,                        214,             5.298341173557811 , 3              ,  101.4218009478673  ,                1
Degree       ,               1.0,    892, CGG      ,        442,       891,                       555,            13.74102500618965 ,                     5.0,          1,          4411,                        524,            12.97350829413221  , -31            ,   94.41441441441441 ,                3
Degree       ,               2.0,   1784, CSG-f1   ,        177,      1766,                       368,             9.111166130230256,                     5.0,          1,          4411,                        371,             9.185441941074524 , 3              ,  100.81521739130434 ,                6
Degree       ,               2.0,   1784, CSG-f2   ,        261,      1781,                       264,             6.536271354295618,                     5.0,          1,          4411,                        270,             6.684822975984154 , 6              ,  102.27272727272727 ,                3
Degree       ,               2.0,   1784, CGG      ,        668,      1783,                       899,            22.25798464966576 ,                     5.0,          1,          4411,                        836,            20.698192621936123 , -63            ,   92.99221357063404 ,                6
Degree       ,               5.0,   4462, CSG-f1   ,        287,      4462,                       480,            11.884129735082942,                     5.0,          1,          4411,                        483,            11.95840554592721  , 3              ,  100.62500000000001 ,                6
Degree       ,               5.0,   4462, CSG-f2   ,        408,      4426,                       412,            10.200544689279525,                     5.0,          1,          4411,                        414,            10.250061896509036 , 2              ,  100.48543689320388 ,                1
Degree       ,               5.0,   4462, CGG      ,       1100,      4456,                      1411,            34.9343897004209  ,                     5.0,          1,          4411,                       1362,            33.721218123297845 , -49            ,   96.52728561304039 ,                9
Degree       ,              10.0,   8924, CSG-f1   ,        448,      8910,                       650,            16.093092349591483,                     5.0,          1,          4411,                        657,            16.266402574894776 , 7              ,  101.07692307692308 ,                6
Degree       ,              10.0,   8924, CSG-f2   ,        613,      8915,                       617,            15.276058430304532,                     5.0,          1,          4411,                        618,            15.300817033919287 , 1              ,  100.16207455429497 ,                1
Degree       ,              10.0,   8924, CGG      ,       1539,      8919,                      2405,            59.544441693488494,                     5.0,          1,          4411,                       2182,            54.02327308739787  , -223           ,   90.72765072765073 ,               20
Degree       ,              20.0,  17848, CSG-f1   ,        849,     17836,                      1853,            45.877692498143105,                     5.0,          1,          4411,                       1858,            46.00148551621688  , 5              ,  100.2698327037237  ,                8
Degree       ,              20.0,  17848, CSG-f2   ,       1075,     17802,                      1081,            26.764050507551374,                     5.0,          1,          4411,                       1082,            26.788809111166128 , 1              ,  100.09250693802034 ,                1
Degree       ,              20.0,  17848, CGG      ,       1982,     17817,                      3467,            85.83807873235949 ,                     5.0,          1,          4411,                       3315,            82.07477098291656  , -152           ,   95.61580617248342 ,               41
Random       ,               1.0,    220, CSG-f1   ,        146,       220,                       293,             7.254270859123546,                     5.0,          2,          4411,                        309,             7.650408516959644 , 16             ,  105.46075085324232 ,                4
Random       ,               1.0,    220, CSG-f2   ,        140,       219,                       224,             5.545927209705372,                     5.0,          2,          4411,                        231,             5.719237435008666 , 7              ,  103.125            ,                3
Random       ,               1.0,    220, CGG      ,        120,       220,                       588,            14.558058925476603,                     5.0,          2,          4411,                        570,            14.112404060410993 , -18            ,   96.93877551020408 ,               13
Random       ,               2.0,    440, CSG-f1   ,        252,       440,                       409,            10.126268878435257,                     5.0,          2,          4411,                        427,            10.571923743500866 , 18             ,  104.40097799511004 ,                4
Random       ,               2.0,    440, CSG-f2   ,        244,       438,                       366,             9.061648923000742,                     5.0,          2,          4411,                        382,             9.45778658083684  , 16             ,  104.37158469945356 ,                4
Random       ,               2.0,    440, CGG      ,        285,       440,                       882,            21.837088388214905,                     5.0,          2,          4411,                        854,            21.143847487001732 , -28            ,   96.82539682539682 ,               12
Random       ,               5.0,   1100, CSG-f1   ,        487,      1099,                      1354,            33.52314929437979 ,                     5.0,          2,          4411,                       1372,            33.96880415944541  , 18             ,  101.32939438700149 ,               15
Random       ,               5.0,   1100, CSG-f2   ,        533,      1099,                      1553,            38.450111413716265,                     5.0,          2,          4411,                       1431,            35.42956177271602  , -122           ,   92.14423696072119 ,               19
Random       ,               5.0,   1100, CGG      ,        619,      1099,                      2519,            62.366922505570685,                     5.0,          2,          4411,                       2070,            51.250309482545184 , -449           ,   82.17546645494244 ,               45
Random       ,              10.0,   2201, CSG-f1   ,        869,      2196,                      2883,            71.37905422134192 ,                     5.0,          2,          4411,                       2899,            71.77519187917801  , 16             ,  100.55497745404094 ,               10
Random       ,              10.0,   2201, CSG-f2   ,        979,      2201,                      3095,            76.62787818767022 ,                     5.0,          2,          4411,                       3082,            76.30601634067838  , -13            ,   99.5799676898223  ,               15
Random       ,              10.0,   2201, CGG      ,        926,      2011,                      4039,           100.0              ,                     5.0,          2,          4411,                       3437,            85.09532062391682  , -602           ,   85.09532062391682 ,               39
Random       ,              20.0,   4402, CSG-f1   ,       1495,      4399,                      4012,            99.33151770240158 ,                     5.0,          2,          4411,                       4014,            99.3810349096311   , 2              ,  100.04985044865404 ,                5
Random       ,              20.0,   4402, CSG-f2   ,       1620,      4399,                      3963,            98.11834612527853 ,                     5.0,          2,          4411,                       3954,            97.89551869274572  , -9             ,   99.77289931869797 ,                5
Random       ,              20.0,   4402, CGG      ,        926,      2011,                      4039,           100.0              ,                     5.0,          2,          4411,                       3437,            85.09532062391682  , -602           ,   85.09532062391682 ,               39
Degree       ,               1.0,    892, CSG-f1   ,        117,       888,                       158,             3.911859371131468,                     5.0,          2,          4411,                        167,             4.134686803664273 , 9              ,  105.69620253164558 ,                5
Degree       ,               1.0,    892, CSG-f2   ,        209,       888,                       211,             5.224065362713543,                     5.0,          2,          4411,                        214,             5.298341173557811 , 3              ,  101.4218009478673  ,                1
Degree       ,               1.0,    892, CGG      ,        442,       891,                       555,            13.74102500618965 ,                     5.0,          2,          4411,                        549,            13.592473384501114 , -6             ,   98.91891891891892 ,               14
Degree       ,               2.0,   1784, CSG-f1   ,        177,      1766,                       368,             9.111166130230256,                     5.0,          2,          4411,                        377,             9.33399356276306  , 9              ,  102.44565217391303 ,                6
Degree       ,               2.0,   1784, CSG-f2   ,        261,      1781,                       264,             6.536271354295618,                     5.0,          2,          4411,                        269,             6.660064372369398 , 5              ,  101.8939393939394  ,                1
Degree       ,               2.0,   1784, CGG      ,        668,      1783,                       899,            22.25798464966576 ,                     5.0,          2,          4411,                        865,            21.41619212676405  , -34            ,   96.21802002224695 ,               14
Degree       ,               5.0,   4462, CSG-f1   ,        287,      4462,                       480,            11.884129735082942,                     5.0,          2,          4411,                        490,            12.131715771230503 , 10             ,  102.08333333333333 ,                6
Degree       ,               5.0,   4462, CSG-f2   ,        408,      4426,                       412,            10.200544689279525,                     5.0,          2,          4411,                        415,            10.274820500123793 , 3              ,  100.72815533980584 ,                1
Degree       ,               5.0,   4462, CGG      ,       1100,      4456,                      1411,            34.9343897004209  ,                     5.0,          2,          4411,                       1364,            33.77073533052736  , -47            ,   96.66902905740609 ,               14
Degree       ,              10.0,   8924, CSG-f1   ,        448,      8910,                       650,            16.093092349591483,                     5.0,          2,          4411,                        664,            16.43971280019807  , 14             ,  102.15384615384615 ,                6
Degree       ,              10.0,   8924, CSG-f2   ,        613,      8915,                       617,            15.276058430304532,                     5.0,          2,          4411,                        621,            15.375092844763556 , 4              ,  100.64829821717991 ,                1
Degree       ,              10.0,   8924, CGG      ,       1539,      8919,                      2405,            59.544441693488494,                     5.0,          2,          4411,                       2277,            56.3753404307997   , -128           ,   94.67775467775468 ,               23
Degree       ,              20.0,  17848, CSG-f1   ,        849,     17836,                      1853,            45.877692498143105,                     5.0,          2,          4411,                       1862,            46.10051993067591  , 9              ,  100.48569886670265 ,                7
Degree       ,              20.0,  17848, CSG-f2   ,       1075,     17802,                      1081,            26.764050507551374,                     5.0,          2,          4411,                       1082,            26.788809111166128 , 1              ,  100.09250693802034 ,                1
Degree       ,              20.0,  17848, CGG      ,       1982,     17817,                      3467,            85.83807873235949 ,                     5.0,          2,          4411,                       3203,            79.30180737806388  , -264           ,   92.38534756273435 ,               26
Random       ,               1.0,    220, CSG-f1   ,        146,       220,                       293,             7.254270859123546,                     5.0,          3,          4411,                        297,             7.35330527358257  , 4              ,  101.36518771331058 ,                2
Random       ,               1.0,    220, CSG-f2   ,        140,       219,                       224,             5.545927209705372,                     5.0,          3,          4411,                        226,             5.5954444169348845, 2              ,  100.89285714285714 ,                2
Random       ,               1.0,    220, CGG      ,        120,       220,                       588,            14.558058925476603,                     5.0,          3,          4411,                        549,            13.592473384501114 , -39            ,   93.36734693877551 ,                8
Random       ,               2.0,    440, CSG-f1   ,        252,       440,                       409,            10.126268878435257,                     5.0,          3,          4411,                        413,            10.22530329289428  , 4              ,  100.97799511002445 ,                3
Random       ,               2.0,    440, CSG-f2   ,        244,       438,                       366,             9.061648923000742,                     5.0,          3,          4411,                        367,             9.086407526615499 , 1              ,  100.27322404371584 ,                2
Random       ,               2.0,    440, CGG      ,        285,       440,                       882,            21.837088388214905,                     5.0,          3,          4411,                        834,            20.64867541470661  , -48            ,   94.5578231292517  ,                8
Random       ,               5.0,   1100, CSG-f1   ,        487,      1099,                      1354,            33.52314929437979 ,                     5.0,          3,          4411,                       1372,            33.96880415944541  , 18             ,  101.32939438700149 ,               15
Random       ,               5.0,   1100, CSG-f2   ,        533,      1099,                      1553,            38.450111413716265,                     5.0,          3,          4411,                       1567,            38.79673186432285  , 14             ,  100.9014810045074  ,               26
Random       ,               5.0,   1100, CGG      ,        619,      1099,                      2519,            62.366922505570685,                     5.0,          3,          4411,                       1944,            48.13072542708591  , -575           ,   77.17348154029376 ,               42
Random       ,              10.0,   2201, CSG-f1   ,        869,      2196,                      2883,            71.37905422134192 ,                     5.0,          3,          4411,                       2886,            71.45333003218617  , 3              ,  100.10405827263267 ,               12
Random       ,              10.0,   2201, CSG-f2   ,        979,      2201,                      3095,            76.62787818767022 ,                     5.0,          3,          4411,                       3116,            77.1478088635801   , 21             ,  100.67851373182552 ,               16
Random       ,              10.0,   2201, CGG      ,        926,      2011,                      4039,           100.0              ,                     5.0,          3,          4411,                       3583,            88.71007675167121  , -456           ,   88.71007675167121 ,               44
Random       ,              20.0,   4402, CSG-f1   ,       1495,      4399,                      4012,            99.33151770240158 ,                     5.0,          3,          4411,                       4021,            99.55434513493438  , 9              ,  100.22432701894317 ,                7
Random       ,              20.0,   4402, CSG-f2   ,       1620,      4399,                      3963,            98.11834612527853 ,                     5.0,          3,          4411,                       3963,            98.11834612527853  , 0              ,  100.0              ,                5
Random       ,              20.0,   4402, CGG      ,        926,      2011,                      4039,           100.0              ,                     5.0,          3,          4411,                       3583,            88.71007675167121  , -456           ,   88.71007675167121 ,               44
Degree       ,               1.0,    892, CSG-f1   ,        117,       888,                       158,             3.911859371131468,                     5.0,          3,          4411,                        173,             4.283238425352811 , 15             ,  109.49367088607596 ,                7
Degree       ,               1.0,    892, CSG-f2   ,        209,       888,                       211,             5.224065362713543,                     5.0,          3,          4411,                        213,             5.273582569943056 , 2              ,  100.9478672985782  ,                1
Degree       ,               1.0,    892, CGG      ,        442,       891,                       555,            13.74102500618965 ,                     5.0,          3,          4411,                        555,            13.74102500618965  , 0              ,  100.0              ,               11
Degree       ,               2.0,   1784, CSG-f1   ,        177,      1766,                       368,             9.111166130230256,                     5.0,          3,          4411,                        375,             9.284476355533549 , 7              ,  101.90217391304348 ,                6
Degree       ,               2.0,   1784, CSG-f2   ,        261,      1781,                       264,             6.536271354295618,                     5.0,          3,          4411,                        266,             6.5857885615251295, 2              ,  100.75757575757575 ,                1
Degree       ,               2.0,   1784, CGG      ,        668,      1783,                       899,            22.25798464966576 ,                     5.0,          3,          4411,                        850,            21.04481307254271  , -49            ,   94.54949944382648 ,               11
Degree       ,               5.0,   4462, CSG-f1   ,        287,      4462,                       480,            11.884129735082942,                     5.0,          3,          4411,                        488,            12.08219856400099  , 8              ,  101.66666666666666 ,                6
Degree       ,               5.0,   4462, CSG-f2   ,        408,      4426,                       412,            10.200544689279525,                     5.0,          3,          4411,                        413,            10.22530329289428  , 1              ,  100.24271844660196 ,                2
Degree       ,               5.0,   4462, CGG      ,       1100,      4456,                      1411,            34.9343897004209  ,                     5.0,          3,          4411,                       1377,            34.09259717751919  , -34            ,   97.59036144578313 ,               11
Degree       ,              10.0,   8924, CSG-f1   ,        448,      8910,                       650,            16.093092349591483,                     5.0,          3,          4411,                        659,            16.31591978212429  , 9              ,  101.38461538461539 ,                6
Degree       ,              10.0,   8924, CSG-f2   ,        613,      8915,                       617,            15.276058430304532,                     5.0,          3,          4411,                        618,            15.300817033919287 , 1              ,  100.16207455429497 ,                2
Degree       ,              10.0,   8924, CGG      ,       1539,      8919,                      2405,            59.544441693488494,                     5.0,          3,          4411,                       2202,            54.518445159692995 , -203           ,   91.55925155925156 ,               19
Degree       ,              20.0,  17848, CSG-f1   ,        849,     17836,                      1853,            45.877692498143105,                     5.0,          3,          4411,                       1863,            46.125278534290665 , 10             ,  100.53966540744739 ,                9
Degree       ,              20.0,  17848, CSG-f2   ,       1075,     17802,                      1081,            26.764050507551374,                     5.0,          3,          4411,                       1084,            26.838326318395644 , 3              ,  100.27752081406105 ,                2
Degree       ,              20.0,  17848, CGG      ,       1982,     17817,                      3467,            85.83807873235949 ,                     5.0,          3,          4411,                       3300,            81.70339192869523  , -167           ,   95.18315546582059 ,               26
Random       ,               1.0,    220, CSG-f1   ,        146,       220,                       293,             7.254270859123546,                     5.0,          4,          4411,                        305,             7.551374102500619 , 12             ,  104.09556313993174 ,                3
Random       ,               1.0,    220, CSG-f2   ,        140,       219,                       224,             5.545927209705372,                     5.0,          4,          4411,                        231,             5.719237435008666 , 7              ,  103.125            ,                3
Random       ,               1.0,    220, CGG      ,        120,       220,                       588,            14.558058925476603,                     5.0,          4,          4411,                        577,            14.285714285714285 , -11            ,   98.12925170068027 ,               10
Random       ,               2.0,    440, CSG-f1   ,        252,       440,                       409,            10.126268878435257,                     5.0,          4,          4411,                        419,            10.373854914582818 , 10             ,  102.44498777506112 ,                2
Random       ,               2.0,    440, CSG-f2   ,        244,       438,                       366,             9.061648923000742,                     5.0,          4,          4411,                        378,             9.358752166377817 , 12             ,  103.27868852459017 ,                3
Random       ,               2.0,    440, CGG      ,        285,       440,                       882,            21.837088388214905,                     5.0,          4,          4411,                        864,            21.391433523149296 , -18            ,   97.95918367346938 ,               11
Random       ,               5.0,   1100, CSG-f1   ,        487,      1099,                      1354,            33.52314929437979 ,                     5.0,          4,          4411,                       1365,            33.795493934142115 , 11             ,  100.81240768094534 ,               13
Random       ,               5.0,   1100, CSG-f2   ,        533,      1099,                      1553,            38.450111413716265,                     5.0,          4,          4411,                       1564,            38.72245605347858  , 11             ,  100.70830650354152 ,               26
Random       ,               5.0,   1100, CGG      ,        619,      1099,                      2519,            62.366922505570685,                     5.0,          4,          4411,                       1907,            47.21465709333994  , -612           ,   75.7046447002779  ,               39
Random       ,              10.0,   2201, CSG-f1   ,        869,      2196,                      2883,            71.37905422134192 ,                     5.0,          4,          4411,                       2974,            73.63208715028472  , 91             ,  103.15643426985778 ,               19
Random       ,              10.0,   2201, CSG-f2   ,        979,      2201,                      3095,            76.62787818767022 ,                     5.0,          4,          4411,                       3122,            77.29636048526864  , 27             ,  100.87237479806139 ,               16
Random       ,              10.0,   2201, CGG      ,        926,      2011,                      4039,           100.0              ,                     5.0,          4,          4411,                       2940,            72.790294627383    , -1099          ,   72.790294627383   ,               39
Random       ,              20.0,   4402, CSG-f1   ,       1495,      4399,                      4012,            99.33151770240158 ,                     5.0,          4,          4411,                       4013,            99.35627630601634  , 1              ,  100.02492522432702 ,                5
Random       ,              20.0,   4402, CSG-f2   ,       1620,      4399,                      3963,            98.11834612527853 ,                     5.0,          4,          4411,                       3963,            98.11834612527853  , 0              ,  100.0              ,                4
Random       ,              20.0,   4402, CGG      ,        926,      2011,                      4039,           100.0              ,                     5.0,          4,          4411,                       2940,            72.790294627383    , -1099          ,   72.790294627383   ,               39
Degree       ,               1.0,    892, CSG-f1   ,        117,       888,                       158,             3.911859371131468,                     5.0,          4,          4411,                        171,             4.233721218123298 , 13             ,  108.22784810126582 ,                5
Degree       ,               1.0,    892, CSG-f2   ,        209,       888,                       211,             5.224065362713543,                     5.0,          4,          4411,                        212,             5.248823966328299 , 1              ,  100.4739336492891  ,                1
Degree       ,               1.0,    892, CGG      ,        442,       891,                       555,            13.74102500618965 ,                     5.0,          4,          4411,                        552,            13.666749195345382 , -3             ,   99.45945945945947 ,               15
Degree       ,               2.0,   1784, CSG-f1   ,        177,      1766,                       368,             9.111166130230256,                     5.0,          4,          4411,                        378,             9.358752166377817 , 10             ,  102.71739130434783 ,                6
Degree       ,               2.0,   1784, CSG-f2   ,        261,      1781,                       264,             6.536271354295618,                     5.0,          4,          4411,                        265,             6.561029957910374 , 1              ,  100.37878787878789 ,                1
Degree       ,               2.0,   1784, CGG      ,        668,      1783,                       899,            22.25798464966576 ,                     5.0,          4,          4411,                        876,            21.68853676652637  , -23            ,   97.44160177975529 ,               15
Degree       ,               5.0,   4462, CSG-f1   ,        287,      4462,                       480,            11.884129735082942,                     5.0,          4,          4411,                        497,            12.305025996533796 , 17             ,  103.54166666666667 ,                6
Degree       ,               5.0,   4462, CSG-f2   ,        408,      4426,                       412,            10.200544689279525,                     5.0,          4,          4411,                        411,            10.175786085664768 , -1             ,   99.75728155339806 ,                1
Degree       ,               5.0,   4462, CGG      ,       1100,      4456,                      1411,            34.9343897004209  ,                     5.0,          4,          4411,                       1397,            34.58776924981431  , -14            ,   99.0077958894401  ,               15
Degree       ,              10.0,   8924, CSG-f1   ,        448,      8910,                       650,            16.093092349591483,                     5.0,          4,          4411,                        665,            16.464471403812826 , 15             ,  102.30769230769229 ,                6
Degree       ,              10.0,   8924, CSG-f2   ,        613,      8915,                       617,            15.276058430304532,                     5.0,          4,          4411,                        617,            15.276058430304532 , 0              ,  100.0              ,                1
Degree       ,              10.0,   8924, CGG      ,       1539,      8919,                      2405,            59.544441693488494,                     5.0,          4,          4411,                       2167,            53.651894033176525 , -238           ,   90.1039501039501  ,               18
Degree       ,              20.0,  17848, CSG-f1   ,        849,     17836,                      1853,            45.877692498143105,                     5.0,          4,          4411,                       1866,            46.199554345134935 , 13             ,  100.70156502968159 ,                7
Degree       ,              20.0,  17848, CSG-f2   ,       1075,     17802,                      1081,            26.764050507551374,                     5.0,          4,          4411,                       1080,            26.739291903936618 , -1             ,   99.90749306197965 ,                1
Degree       ,              20.0,  17848, CGG      ,       1982,     17817,                      3467,            85.83807873235949 ,                     5.0,          4,          4411,                       3412,            84.4763555335479   , -55            ,   98.41361407556965 ,               42
Random       ,               1.0,    220, CSG-f1   ,        146,       220,                       293,             7.254270859123546,                     5.0,          5,          4411,                        312,             7.724684327803912 , 19             ,  106.48464163822527 ,                4
Random       ,               1.0,    220, CSG-f2   ,        140,       219,                       224,             5.545927209705372,                     5.0,          5,          4411,                        237,             5.867789056697202 , 13             ,  105.80357142857142 ,                3
Random       ,               1.0,    220, CGG      ,        120,       220,                       588,            14.558058925476603,                     5.0,          5,          4411,                        585,            14.483783114632335 , -3             ,   99.48979591836735 ,               12
Random       ,               2.0,    440, CSG-f1   ,        252,       440,                       409,            10.126268878435257,                     5.0,          5,          4411,                        423,            10.472889329041841 , 14             ,  103.42298288508557 ,                4
Random       ,               2.0,    440, CSG-f2   ,        244,       438,                       366,             9.061648923000742,                     5.0,          5,          4411,                        383,             9.482545184451597 , 17             ,  104.64480874316939 ,                4
Random       ,               2.0,    440, CGG      ,        285,       440,                       882,            21.837088388214905,                     5.0,          5,          4411,                        859,            21.267640505075512 , -23            ,   97.39229024943312 ,               14
Random       ,               5.0,   1100, CSG-f1   ,        487,      1099,                      1354,            33.52314929437979 ,                     5.0,          5,          4411,                       1366,            33.82025253775687  , 12             ,  100.88626292466765 ,               15
Random       ,               5.0,   1100, CSG-f2   ,        533,      1099,                      1553,            38.450111413716265,                     5.0,          5,          4411,                       1426,            35.30576875464224  , -127           ,   91.8222794591114  ,               20
Random       ,               5.0,   1100, CGG      ,        619,      1099,                      2519,            62.366922505570685,                     5.0,          5,          4411,                       1773,            43.89700420896261  , -746           ,   70.38507344184201 ,               22
Random       ,              10.0,   2201, CSG-f1   ,        869,      2196,                      2883,            71.37905422134192 ,                     5.0,          5,          4411,                       2885,            71.42857142857143  , 2              ,  100.06937218175511 ,               12
Random       ,              10.0,   2201, CSG-f2   ,        979,      2201,                      3095,            76.62787818767022 ,                     5.0,          5,          4411,                       3088,            76.45456796236692  , -7             ,   99.77382875605815 ,               14
Random       ,              10.0,   2201, CGG      ,        926,      2011,                      4039,           100.0              ,                     5.0,          5,          4411,                       3421,            84.69918296608071  , -618           ,   84.69918296608071 ,               50
Random       ,              20.0,   4402, CSG-f1   ,       1495,      4399,                      4012,            99.33151770240158 ,                     5.0,          5,          4411,                       4012,            99.33151770240158  , 0              ,  100.0              ,                6
Random       ,              20.0,   4402, CSG-f2   ,       1620,      4399,                      3963,            98.11834612527853 ,                     5.0,          5,          4411,                       3969,            98.26689774696708  , 6              ,  100.15140045420137 ,                4
Random       ,              20.0,   4402, CGG      ,        926,      2011,                      4039,           100.0              ,                     5.0,          5,          4411,                       3421,            84.69918296608071  , -618           ,   84.69918296608071 ,               50
Degree       ,               1.0,    892, CSG-f1   ,        117,       888,                       158,             3.911859371131468,                     5.0,          5,          4411,                        169,             4.184204010893786 , 11             ,  106.9620253164557  ,                6
Degree       ,               1.0,    892, CSG-f2   ,        209,       888,                       211,             5.224065362713543,                     5.0,          5,          4411,                        215,             5.323099777172567 , 4              ,  101.89573459715639 ,                1
Degree       ,               1.0,    892, CGG      ,        442,       891,                       555,            13.74102500618965 ,                     5.0,          5,          4411,                        520,            12.874473879673188 , -35            ,   93.69369369369369 ,                3
Degree       ,               2.0,   1784, CSG-f1   ,        177,      1766,                       368,             9.111166130230256,                     5.0,          5,          4411,                        374,             9.259717751918792 , 6              ,  101.63043478260869 ,                6
Degree       ,               2.0,   1784, CSG-f2   ,        261,      1781,                       264,             6.536271354295618,                     5.0,          5,          4411,                        269,             6.660064372369398 , 5              ,  101.8939393939394  ,                1
Degree       ,               2.0,   1784, CGG      ,        668,      1783,                       899,            22.25798464966576 ,                     5.0,          5,          4411,                        842,            20.84674424362466  , -57            ,   93.65962180200222 ,               10
Degree       ,               5.0,   4462, CSG-f1   ,        287,      4462,                       480,            11.884129735082942,                     5.0,          5,          4411,                        491,            12.156474374845258 , 11             ,  102.29166666666667 ,                6
Degree       ,               5.0,   4462, CSG-f2   ,        408,      4426,                       412,            10.200544689279525,                     5.0,          5,          4411,                        416,            10.299579103738548 , 4              ,  100.97087378640776 ,                2
Degree       ,               5.0,   4462, CGG      ,       1100,      4456,                      1411,            34.9343897004209  ,                     5.0,          5,          4411,                       1366,            33.82025253775687  , -45            ,   96.8107725017718  ,               10
Degree       ,              10.0,   8924, CSG-f1   ,        448,      8910,                       650,            16.093092349591483,                     5.0,          5,          4411,                        663,            16.414954196583313 , 13             ,  102.0              ,                6
Degree       ,              10.0,   8924, CSG-f2   ,        613,      8915,                       617,            15.276058430304532,                     5.0,          5,          4411,                        621,            15.375092844763556 , 4              ,  100.64829821717991 ,                2
Degree       ,              10.0,   8924, CGG      ,       1539,      8919,                      2405,            59.544441693488494,                     5.0,          5,          4411,                       2196,            54.369893538004455 , -209           ,   91.30977130977132 ,               27
Degree       ,              20.0,  17848, CSG-f1   ,        849,     17836,                      1853,            45.877692498143105,                     5.0,          5,          4411,                       1860,            46.0510027234464   , 7              ,  100.37776578521316 ,                7
Degree       ,              20.0,  17848, CSG-f2   ,       1075,     17802,                      1081,            26.764050507551374,                     5.0,          5,          4411,                       1084,            26.838326318395644 , 3              ,  100.27752081406105 ,                2
Degree       ,              20.0,  17848, CGG      ,       1982,     17817,                      3467,            85.83807873235949 ,                     5.0,          5,          4411,                       3378,            83.6345630106462   , -89            ,   97.43293914046727 ,               39
Random       ,               1.0,    220, CSG-f1   ,        146,       220,                       293,             7.254270859123546,                     5.0,          6,          4411,                        306,             7.576132706115375 , 13             ,  104.43686006825939 ,                3
Random       ,               1.0,    220, CSG-f2   ,        140,       219,                       224,             5.545927209705372,                     5.0,          6,          4411,                        230,             5.694478831393909 , 6              ,  102.67857142857142 ,                3
Random       ,               1.0,    220, CGG      ,        120,       220,                       588,            14.558058925476603,                     5.0,          6,          4411,                        535,            13.245852933894527 , -53            ,   90.98639455782312 ,                8
Random       ,               2.0,    440, CSG-f1   ,        252,       440,                       409,            10.126268878435257,                     5.0,          6,          4411,                        421,            10.42337212181233  , 12             ,  102.93398533007334 ,                3
Random       ,               2.0,    440, CSG-f2   ,        244,       438,                       366,             9.061648923000742,                     5.0,          6,          4411,                        371,             9.185441941074524 , 5              ,  101.36612021857923 ,                3
Random       ,               2.0,    440, CGG      ,        285,       440,                       882,            21.837088388214905,                     5.0,          6,          4411,                        816,            20.203020549641    , -66            ,   92.51700680272108 ,               10
Random       ,               5.0,   1100, CSG-f1   ,        487,      1099,                      1354,            33.52314929437979 ,                     5.0,          6,          4411,                       1388,            34.364941817281505 , 34             ,  102.51107828655834 ,               24
Random       ,               5.0,   1100, CSG-f2   ,        533,      1099,                      1553,            38.450111413716265,                     5.0,          6,          4411,                       1562,            38.672938846249075 , 9              ,  100.57952350289763 ,               35
Random       ,               5.0,   1100, CGG      ,        619,      1099,                      2519,            62.366922505570685,                     5.0,          6,          4411,                       1900,            47.04134686803664  , -619           ,   75.42675664946408 ,               45
Random       ,              10.0,   2201, CSG-f1   ,        869,      2196,                      2883,            71.37905422134192 ,                     5.0,          6,          4411,                       2973,            73.60732854666998  , 90             ,  103.12174817898023 ,               19
Random       ,              10.0,   2201, CSG-f2   ,        979,      2201,                      3095,            76.62787818767022 ,                     5.0,          6,          4411,                       3091,            76.52884377321118  , -4             ,   99.87075928917609 ,               19
Random       ,              10.0,   2201, CGG      ,        926,      2011,                      4039,           100.0              ,                     5.0,          6,          4411,                       2674,            66.20450606585788  , -1365          ,   66.20450606585788 ,               33
Random       ,              20.0,   4402, CSG-f1   ,       1495,      4399,                      4012,            99.33151770240158 ,                     5.0,          6,          4411,                       4012,            99.33151770240158  , 0              ,  100.0              ,                6
Random       ,              20.0,   4402, CSG-f2   ,       1620,      4399,                      3963,            98.11834612527853 ,                     5.0,          6,          4411,                       3969,            98.26689774696708  , 6              ,  100.15140045420137 ,                4
Random       ,              20.0,   4402, CGG      ,        926,      2011,                      4039,           100.0              ,                     5.0,          6,          4411,                       2674,            66.20450606585788  , -1365          ,   66.20450606585788 ,               33
Degree       ,               1.0,    892, CSG-f1   ,        117,       888,                       158,             3.911859371131468,                     5.0,          6,          4411,                        162,             4.0108937855904925, 4              ,  102.53164556962024 ,                6
Degree       ,               1.0,    892, CSG-f2   ,        209,       888,                       211,             5.224065362713543,                     5.0,          6,          4411,                        214,             5.298341173557811 , 3              ,  101.4218009478673  ,                2
Degree       ,               1.0,    892, CGG      ,        442,       891,                       555,            13.74102500618965 ,                     5.0,          6,          4411,                        548,            13.567714780886359 , -7             ,   98.73873873873875 ,               12
Degree       ,               2.0,   1784, CSG-f1   ,        177,      1766,                       368,             9.111166130230256,                     5.0,          6,          4411,                        370,             9.160683337459767 , 2              ,  100.54347826086956 ,                5
Degree       ,               2.0,   1784, CSG-f2   ,        261,      1781,                       264,             6.536271354295618,                     5.0,          6,          4411,                        268,             6.635305768754642 , 4              ,  101.51515151515152 ,                2
Degree       ,               2.0,   1784, CGG      ,        668,      1783,                       899,            22.25798464966576 ,                     5.0,          6,          4411,                        864,            21.391433523149296 , -35            ,   96.1067853170189  ,               12
Degree       ,               5.0,   4462, CSG-f1   ,        287,      4462,                       480,            11.884129735082942,                     5.0,          6,          4411,                        489,            12.106957167615747 , 9              ,  101.875            ,                6
Degree       ,               5.0,   4462, CSG-f2   ,        408,      4426,                       412,            10.200544689279525,                     5.0,          6,          4411,                        416,            10.299579103738548 , 4              ,  100.97087378640776 ,                2
Degree       ,               5.0,   4462, CGG      ,       1100,      4456,                      1411,            34.9343897004209  ,                     5.0,          6,          4411,                       1404,            34.761079475117604 , -7             ,   99.50389794472005 ,               12
Degree       ,              10.0,   8924, CSG-f1   ,        448,      8910,                       650,            16.093092349591483,                     5.0,          6,          4411,                        654,            16.192126764050506 , 4              ,  100.61538461538461 ,                5
Degree       ,              10.0,   8924, CSG-f2   ,        613,      8915,                       617,            15.276058430304532,                     5.0,          6,          4411,                        620,            15.3503342411488   , 3              ,  100.48622366288494 ,                2
Degree       ,              10.0,   8924, CGG      ,       1539,      8919,                      2405,            59.544441693488494,                     5.0,          6,          4411,                       2309,            57.1676157464719   , -96            ,   96.008316008316   ,               26
Degree       ,              20.0,  17848, CSG-f1   ,        849,     17836,                      1853,            45.877692498143105,                     5.0,          6,          4411,                       1856,            45.951968308987375 , 3              ,  100.1618996222342  ,                8
Degree       ,              20.0,  17848, CSG-f2   ,       1075,     17802,                      1081,            26.764050507551374,                     5.0,          6,          4411,                       1083,            26.813567714780884 , 2              ,  100.18501387604071 ,                2
Degree       ,              20.0,  17848, CGG      ,       1982,     17817,                      3467,            85.83807873235949 ,                     5.0,          6,          4411,                       3301,            81.72815053230997  , -166           ,   95.21199884626478 ,               36
Random       ,               1.0,    220, CSG-f1   ,        146,       220,                       293,             7.254270859123546,                     5.0,          7,          4411,                        294,             7.279029462738301 , 1              ,  100.34129692832765 ,                2
Random       ,               1.0,    220, CSG-f2   ,        140,       219,                       224,             5.545927209705372,                     5.0,          7,          4411,                        227,             5.620203020549641 , 3              ,  101.33928571428572 ,                2
Random       ,               1.0,    220, CGG      ,        120,       220,                       588,            14.558058925476603,                     5.0,          7,          4411,                        554,            13.716266402574895 , -34            ,   94.21768707482994 ,               10
Random       ,               2.0,    440, CSG-f1   ,        252,       440,                       409,            10.126268878435257,                     5.0,          7,          4411,                        411,            10.175786085664768 , 2              ,  100.48899755501222 ,                3
Random       ,               2.0,    440, CSG-f2   ,        244,       438,                       366,             9.061648923000742,                     5.0,          7,          4411,                        369,             9.13592473384501  , 3              ,  100.81967213114753 ,                2
Random       ,               2.0,    440, CGG      ,        285,       440,                       882,            21.837088388214905,                     5.0,          7,          4411,                        834,            20.64867541470661  , -48            ,   94.5578231292517  ,                9
Random       ,               5.0,   1100, CSG-f1   ,        487,      1099,                      1354,            33.52314929437979 ,                     5.0,          7,          4411,                       1501,            37.162664025748946 , 147            ,  110.85672082717872 ,               40
Random       ,               5.0,   1100, CSG-f2   ,        533,      1099,                      1553,            38.450111413716265,                     5.0,          7,          4411,                       1555,            38.49962862094578  , 2              ,  100.12878300064392 ,               31
Random       ,               5.0,   1100, CGG      ,        619,      1099,                      2519,            62.366922505570685,                     5.0,          7,          4411,                       1674,            41.44590245110176  , -845           ,   66.45494243747518 ,               17
Random       ,              10.0,   2201, CSG-f1   ,        869,      2196,                      2883,            71.37905422134192 ,                     5.0,          7,          4411,                       2814,            69.67071057192375  , -69            ,   97.60665972944848 ,                9
Random       ,              10.0,   2201, CSG-f2   ,        979,      2201,                      3095,            76.62787818767022 ,                     5.0,          7,          4411,                       2974,            73.63208715028472  , -121           ,   96.09046849757674 ,               16
Random       ,              10.0,   2201, CGG      ,        926,      2011,                      4039,           100.0              ,                     5.0,          7,          4411,                       3642,            90.17083436494183  , -397           ,   90.17083436494183 ,               45
Random       ,              20.0,   4402, CSG-f1   ,       1495,      4399,                      4012,            99.33151770240158 ,                     5.0,          7,          4411,                       4013,            99.35627630601634  , 1              ,  100.02492522432702 ,                5
Random       ,              20.0,   4402, CSG-f2   ,       1620,      4399,                      3963,            98.11834612527853 ,                     5.0,          7,          4411,                       3970,            98.29165635058182  , 7              ,  100.17663386323493 ,                6
Random       ,              20.0,   4402, CGG      ,        926,      2011,                      4039,           100.0              ,                     5.0,          7,          4411,                       3642,            90.17083436494183  , -397           ,   90.17083436494183 ,               45
Degree       ,               1.0,    892, CSG-f1   ,        117,       888,                       158,             3.911859371131468,                     5.0,          7,          4411,                        166,             4.109928200049517 , 8              ,  105.0632911392405  ,                6
Degree       ,               1.0,    892, CSG-f2   ,        209,       888,                       211,             5.224065362713543,                     5.0,          7,          4411,                        214,             5.298341173557811 , 3              ,  101.4218009478673  ,                1
Degree       ,               1.0,    892, CGG      ,        442,       891,                       555,            13.74102500618965 ,                     5.0,          7,          4411,                        553,            13.69150779896014  , -2             ,   99.63963963963964 ,               15
Degree       ,               2.0,   1784, CSG-f1   ,        177,      1766,                       368,             9.111166130230256,                     5.0,          7,          4411,                        376,             9.309234959148304 , 8              ,  102.17391304347827 ,                6
Degree       ,               2.0,   1784, CSG-f2   ,        261,      1781,                       264,             6.536271354295618,                     5.0,          7,          4411,                        267,             6.610547165139886 , 3              ,  101.13636363636364 ,                1
Degree       ,               2.0,   1784, CGG      ,        668,      1783,                       899,            22.25798464966576 ,                     5.0,          7,          4411,                        866,            21.44095073037881  , -33            ,   96.32925472747496 ,               15
Degree       ,               5.0,   4462, CSG-f1   ,        287,      4462,                       480,            11.884129735082942,                     5.0,          7,          4411,                        489,            12.106957167615747 , 9              ,  101.875            ,                6
Degree       ,               5.0,   4462, CSG-f2   ,        408,      4426,                       412,            10.200544689279525,                     5.0,          7,          4411,                        414,            10.250061896509036 , 2              ,  100.48543689320388 ,                2
Degree       ,               5.0,   4462, CGG      ,       1100,      4456,                      1411,            34.9343897004209  ,                     5.0,          7,          4411,                       1389,            34.38970042089626  , -22            ,   98.44082211197733 ,               15
Degree       ,              10.0,   8924, CSG-f1   ,        448,      8910,                       650,            16.093092349591483,                     5.0,          7,          4411,                        660,            16.340678385739043 , 10             ,  101.53846153846153 ,                6
Degree       ,              10.0,   8924, CSG-f2   ,        613,      8915,                       617,            15.276058430304532,                     5.0,          7,          4411,                        620,            15.3503342411488   , 3              ,  100.48622366288494 ,                2
Degree       ,              10.0,   8924, CGG      ,       1539,      8919,                      2405,            59.544441693488494,                     5.0,          7,          4411,                       2243,            55.533547907898    , -162           ,   93.26403326403326 ,               17
Degree       ,              20.0,  17848, CSG-f1   ,        849,     17836,                      1853,            45.877692498143105,                     5.0,          7,          4411,                       1863,            46.125278534290665 , 10             ,  100.53966540744739 ,                8
Degree       ,              20.0,  17848, CSG-f2   ,       1075,     17802,                      1081,            26.764050507551374,                     5.0,          7,          4411,                       1084,            26.838326318395644 , 3              ,  100.27752081406105 ,                2
Degree       ,              20.0,  17848, CGG      ,       1982,     17817,                      3467,            85.83807873235949 ,                     5.0,          7,          4411,                       3315,            82.07477098291656  , -152           ,   95.61580617248342 ,               36
Random       ,               1.0,    220, CSG-f1   ,        146,       220,                       293,             7.254270859123546,                     5.0,          8,          4411,                        298,             7.3780638771973255, 5              ,  101.70648464163823 ,                4
Random       ,               1.0,    220, CSG-f2   ,        140,       219,                       224,             5.545927209705372,                     5.0,          8,          4411,                        225,             5.570685813320129 , 1              ,  100.44642857142858 ,                4
Random       ,               1.0,    220, CGG      ,        120,       220,                       588,            14.558058925476603,                     5.0,          8,          4411,                        558,            13.815300817033918 , -30            ,   94.89795918367348 ,                9
Random       ,               2.0,    440, CSG-f1   ,        252,       440,                       409,            10.126268878435257,                     5.0,          8,          4411,                        417,            10.324337707353305 , 8              ,  101.9559902200489  ,                4
Random       ,               2.0,    440, CSG-f2   ,        244,       438,                       366,             9.061648923000742,                     5.0,          8,          4411,                        372,             9.21020054468928  , 6              ,  101.63934426229508 ,                4
Random       ,               2.0,    440, CGG      ,        285,       440,                       882,            21.837088388214905,                     5.0,          8,          4411,                        846,            20.945778658083682 , -36            ,   95.91836734693877 ,               10
Random       ,               5.0,   1100, CSG-f1   ,        487,      1099,                      1354,            33.52314929437979 ,                     5.0,          8,          4411,                       1361,            33.69645951968309  , 7              ,  100.51698670605613 ,               14
Random       ,               5.0,   1100, CSG-f2   ,        533,      1099,                      1553,            38.450111413716265,                     5.0,          8,          4411,                       1429,            35.38004456548651  , -124           ,   92.01545396007727 ,               17
Random       ,               5.0,   1100, CGG      ,        619,      1099,                      2519,            62.366922505570685,                     5.0,          8,          4411,                       1676,            41.49541965833127  , -843           ,   66.53433902342199 ,               38
Random       ,              10.0,   2201, CSG-f1   ,        869,      2196,                      2883,            71.37905422134192 ,                     5.0,          8,          4411,                       2893,            71.62664025748948  , 10             ,  100.34686090877558 ,               12
Random       ,              10.0,   2201, CSG-f2   ,        979,      2201,                      3095,            76.62787818767022 ,                     5.0,          8,          4411,                       3105,            76.87546422381779  , 10             ,  100.32310177705976 ,               18
Random       ,              10.0,   2201, CGG      ,        926,      2011,                      4039,           100.0              ,                     5.0,          8,          4411,                       3102,            76.8011884129735   , -937           ,   76.8011884129735  ,               39
Random       ,              20.0,   4402, CSG-f1   ,       1495,      4399,                      4012,            99.33151770240158 ,                     5.0,          8,          4411,                       4012,            99.33151770240158  , 0              ,  100.0              ,                6
Random       ,              20.0,   4402, CSG-f2   ,       1620,      4399,                      3963,            98.11834612527853 ,                     5.0,          8,          4411,                       3949,            97.77172567467196  , -14            ,   99.64673227353016 ,                6
Random       ,              20.0,   4402, CGG      ,        926,      2011,                      4039,           100.0              ,                     5.0,          8,          4411,                       3102,            76.8011884129735   , -937           ,   76.8011884129735  ,               39
Degree       ,               1.0,    892, CSG-f1   ,        117,       888,                       158,             3.911859371131468,                     5.0,          8,          4411,                        164,             4.060410992820005 , 6              ,  103.79746835443038 ,                6
Degree       ,               1.0,    892, CSG-f2   ,        209,       888,                       211,             5.224065362713543,                     5.0,          8,          4411,                        213,             5.273582569943056 , 2              ,  100.9478672985782  ,                1
Degree       ,               1.0,    892, CGG      ,        442,       891,                       555,            13.74102500618965 ,                     5.0,          8,          4411,                        520,            12.874473879673188 , -35            ,   93.69369369369369 ,                3
Degree       ,               2.0,   1784, CSG-f1   ,        177,      1766,                       368,             9.111166130230256,                     5.0,          8,          4411,                        378,             9.358752166377817 , 10             ,  102.71739130434783 ,                5
Degree       ,               2.0,   1784, CSG-f2   ,        261,      1781,                       264,             6.536271354295618,                     5.0,          8,          4411,                        269,             6.660064372369398 , 5              ,  101.8939393939394  ,                3
Degree       ,               2.0,   1784, CGG      ,        668,      1783,                       899,            22.25798464966576 ,                     5.0,          8,          4411,                        834,            20.64867541470661  , -65            ,   92.76974416017798 ,               11
Degree       ,               5.0,   4462, CSG-f1   ,        287,      4462,                       480,            11.884129735082942,                     5.0,          8,          4411,                        490,            12.131715771230503 , 10             ,  102.08333333333333 ,                5
Degree       ,               5.0,   4462, CSG-f2   ,        408,      4426,                       412,            10.200544689279525,                     5.0,          8,          4411,                        414,            10.250061896509036 , 2              ,  100.48543689320388 ,                1
Degree       ,               5.0,   4462, CGG      ,       1100,      4456,                      1411,            34.9343897004209  ,                     5.0,          8,          4411,                       1365,            33.795493934142115 , -46            ,   96.73990077958894 ,                8
Degree       ,              10.0,   8924, CSG-f1   ,        448,      8910,                       650,            16.093092349591483,                     5.0,          8,          4411,                        664,            16.43971280019807  , 14             ,  102.15384615384615 ,                5
Degree       ,              10.0,   8924, CSG-f2   ,        613,      8915,                       617,            15.276058430304532,                     5.0,          8,          4411,                        619,            15.325575637534042 , 2              ,  100.32414910858995 ,                1
Degree       ,              10.0,   8924, CGG      ,       1539,      8919,                      2405,            59.544441693488494,                     5.0,          8,          4411,                       2188,            54.1718247090864   , -217           ,   90.97713097713098 ,               19
Degree       ,              20.0,  17848, CSG-f1   ,        849,     17836,                      1853,            45.877692498143105,                     5.0,          8,          4411,                       1864,            46.15003713790542  , 11             ,  100.59363194819213 ,                7
Degree       ,              20.0,  17848, CSG-f2   ,       1075,     17802,                      1081,            26.764050507551374,                     5.0,          8,          4411,                       1085,            26.8630849220104   , 4              ,  100.37002775208141 ,                1
Degree       ,              20.0,  17848, CGG      ,       1982,     17817,                      3467,            85.83807873235949 ,                     5.0,          8,          4411,                       3087,            76.42980935875217  , -380           ,   89.03951543120854 ,               26
Random       ,               1.0,    220, CSG-f1   ,        146,       220,                       293,             7.254270859123546,                     5.0,          9,          4411,                        304,             7.526615498885862 , 11             ,  103.75426621160409 ,                2
Random       ,               1.0,    220, CSG-f2   ,        140,       219,                       224,             5.545927209705372,                     5.0,          9,          4411,                        232,             5.743996038623422 , 8              ,  103.57142857142858 ,                3
Random       ,               1.0,    220, CGG      ,        120,       220,                       588,            14.558058925476603,                     5.0,          9,          4411,                        539,            13.344887348353554 , -49            ,   91.66666666666666 ,                9
Random       ,               2.0,    440, CSG-f1   ,        252,       440,                       409,            10.126268878435257,                     5.0,          9,          4411,                        422,            10.448130725427086 , 13             ,  103.17848410757946 ,                3
Random       ,               2.0,    440, CSG-f2   ,        244,       438,                       366,             9.061648923000742,                     5.0,          9,          4411,                        378,             9.358752166377817 , 12             ,  103.27868852459017 ,                3
Random       ,               2.0,    440, CGG      ,        285,       440,                       882,            21.837088388214905,                     5.0,          9,          4411,                        812,            20.103986135181977 , -70            ,   92.06349206349206 ,                9
Random       ,               5.0,   1100, CSG-f1   ,        487,      1099,                      1354,            33.52314929437979 ,                     5.0,          9,          4411,                       1331,            32.9537014112404   , -23            ,   98.30132939438701 ,               15
Random       ,               5.0,   1100, CSG-f2   ,        533,      1099,                      1553,            38.450111413716265,                     5.0,          9,          4411,                       1339,            33.151770240158456 , -214           ,   86.22021893110109 ,               27
Random       ,               5.0,   1100, CGG      ,        619,      1099,                      2519,            62.366922505570685,                     5.0,          9,          4411,                       1576,            39.019559296855654 , -943           ,   62.56450972608177 ,               16
Random       ,              10.0,   2201, CSG-f1   ,        869,      2196,                      2883,            71.37905422134192 ,                     5.0,          9,          4411,                       2953,            73.11215647437484  , 70             ,  102.42802636142908 ,               15
Random       ,              10.0,   2201, CSG-f2   ,        979,      2201,                      3095,            76.62787818767022 ,                     5.0,          9,          4411,                       3093,            76.5783609804407   , -2             ,   99.93537964458804 ,               18
Random       ,              10.0,   2201, CGG      ,        926,      2011,                      4039,           100.0              ,                     5.0,          9,          4411,                       3041,            75.29091359247339  , -998           ,   75.29091359247339 ,               36
Random       ,              20.0,   4402, CSG-f1   ,       1495,      4399,                      4012,            99.33151770240158 ,                     5.0,          9,          4411,                       4014,            99.3810349096311   , 2              ,  100.04985044865404 ,                5
Random       ,              20.0,   4402, CSG-f2   ,       1620,      4399,                      3963,            98.11834612527853 ,                     5.0,          9,          4411,                       3947,            97.72220846744244  , -16            ,   99.59626545546303 ,                5
Random       ,              20.0,   4402, CGG      ,        926,      2011,                      4039,           100.0              ,                     5.0,          9,          4411,                       3041,            75.29091359247339  , -998           ,   75.29091359247339 ,               36
Degree       ,               1.0,    892, CSG-f1   ,        117,       888,                       158,             3.911859371131468,                     5.0,          9,          4411,                        155,             3.8375835602872   , -3             ,   98.10126582278481 ,                3
Degree       ,               1.0,    892, CSG-f2   ,        209,       888,                       211,             5.224065362713543,                     5.0,          9,          4411,                        211,             5.224065362713543 , 0              ,  100.0              ,                1
Degree       ,               1.0,    892, CGG      ,        442,       891,                       555,            13.74102500618965 ,                     5.0,          9,          4411,                        549,            13.592473384501114 , -6             ,   98.91891891891892 ,               17
Degree       ,               2.0,   1784, CSG-f1   ,        177,      1766,                       368,             9.111166130230256,                     5.0,          9,          4411,                        370,             9.160683337459767 , 2              ,  100.54347826086956 ,                6
Degree       ,               2.0,   1784, CSG-f2   ,        261,      1781,                       264,             6.536271354295618,                     5.0,          9,          4411,                        265,             6.561029957910374 , 1              ,  100.37878787878789 ,                1
Degree       ,               2.0,   1784, CGG      ,        668,      1783,                       899,            22.25798464966576 ,                     5.0,          9,          4411,                        880,            21.787571180985392 , -19            ,   97.8865406006674  ,               17
Degree       ,               5.0,   4462, CSG-f1   ,        287,      4462,                       480,            11.884129735082942,                     5.0,          9,          4411,                        483,            11.95840554592721  , 3              ,  100.62500000000001 ,                6
Degree       ,               5.0,   4462, CSG-f2   ,        408,      4426,                       412,            10.200544689279525,                     5.0,          9,          4411,                        413,            10.22530329289428  , 1              ,  100.24271844660196 ,                2
Degree       ,               5.0,   4462, CGG      ,       1100,      4456,                      1411,            34.9343897004209  ,                     5.0,          9,          4411,                       1402,            34.71156226788809  , -9             ,   99.36215450035436 ,               17
Degree       ,              10.0,   8924, CSG-f1   ,        448,      8910,                       650,            16.093092349591483,                     5.0,          9,          4411,                        654,            16.192126764050506 , 4              ,  100.61538461538461 ,                6
Degree       ,              10.0,   8924, CSG-f2   ,        613,      8915,                       617,            15.276058430304532,                     5.0,          9,          4411,                        618,            15.300817033919287 , 1              ,  100.16207455429497 ,                2
Degree       ,              10.0,   8924, CGG      ,       1539,      8919,                      2405,            59.544441693488494,                     5.0,          9,          4411,                       2347,            58.10844268383263  , -58            ,   97.58835758835758 ,               26
Degree       ,              20.0,  17848, CSG-f1   ,        849,     17836,                      1853,            45.877692498143105,                     5.0,          9,          4411,                       1860,            46.0510027234464   , 7              ,  100.37776578521316 ,                6
Degree       ,              20.0,  17848, CSG-f2   ,       1075,     17802,                      1081,            26.764050507551374,                     5.0,          9,          4411,                       1082,            26.788809111166128 , 1              ,  100.09250693802034 ,                2
Degree       ,              20.0,  17848, CGG      ,       1982,     17817,                      3467,            85.83807873235949 ,                     5.0,          9,          4411,                       3353,            83.0155979202773   , -114           ,   96.71185462936256 ,               34
Random       ,               1.0,    220, CSG-f1   ,        146,       220,                       293,             7.254270859123546,                     5.0,         10,          4411,                        307,             7.600891309730132 , 14             ,  104.77815699658703 ,                3
Random       ,               1.0,    220, CSG-f2   ,        140,       219,                       224,             5.545927209705372,                     5.0,         10,          4411,                        234,             5.793513245852934 , 10             ,  104.46428571428572 ,                3
Random       ,               1.0,    220, CGG      ,        120,       220,                       588,            14.558058925476603,                     5.0,         10,          4411,                        574,            14.211438474870016 , -14            ,   97.61904761904762 ,               13
Random       ,               2.0,    440, CSG-f1   ,        252,       440,                       409,            10.126268878435257,                     5.0,         10,          4411,                        422,            10.448130725427086 , 13             ,  103.17848410757946 ,                3
Random       ,               2.0,    440, CSG-f2   ,        244,       438,                       366,             9.061648923000742,                     5.0,         10,          4411,                        378,             9.358752166377817 , 12             ,  103.27868852459017 ,                3
Random       ,               2.0,    440, CGG      ,        285,       440,                       882,            21.837088388214905,                     5.0,         10,          4411,                        860,            21.29239910869027  , -22            ,   97.50566893424036 ,               13
Random       ,               5.0,   1100, CSG-f1   ,        487,      1099,                      1354,            33.52314929437979 ,                     5.0,         10,          4411,                       1391,            34.439217628125775 , 37             ,  102.73264401772526 ,               15
Random       ,               5.0,   1100, CSG-f2   ,        533,      1099,                      1553,            38.450111413716265,                     5.0,         10,          4411,                       1570,            38.87100767516712  , 17             ,  101.09465550547327 ,               24
Random       ,               5.0,   1100, CGG      ,        619,      1099,                      2519,            62.366922505570685,                     5.0,         10,          4411,                       1899,            47.01658826442189  , -620           ,   75.38705835649067 ,               41
Random       ,              10.0,   2201, CSG-f1   ,        869,      2196,                      2883,            71.37905422134192 ,                     5.0,         10,          4411,                       2835,            70.19064124783363  , -48            ,   98.33506763787722 ,               10
Random       ,              10.0,   2201, CSG-f2   ,        979,      2201,                      3095,            76.62787818767022 ,                     5.0,         10,          4411,                       3110,            76.99925724189156  , 15             ,  100.48465266558966 ,               18
Random       ,              10.0,   2201, CGG      ,        926,      2011,                      4039,           100.0              ,                     5.0,         10,          4411,                       3640,            90.1213171577123   , -399           ,   90.1213171577123  ,               49
Random       ,              20.0,   4402, CSG-f1   ,       1495,      4399,                      4012,            99.33151770240158 ,                     5.0,         10,          4411,                       4008,            99.23248328794256  , -4             ,   99.90029910269193 ,                6
Random       ,              20.0,   4402, CSG-f2   ,       1620,      4399,                      3963,            98.11834612527853 ,                     5.0,         10,          4411,                       3968,            98.24213914335232  , 5              ,  100.12616704516782 ,                5
Random       ,              20.0,   4402, CGG      ,        926,      2011,                      4039,           100.0              ,                     5.0,         10,          4411,                       3640,            90.1213171577123   , -399           ,   90.1213171577123  ,               49
Degree       ,               1.0,    892, CSG-f1   ,        117,       888,                       158,             3.911859371131468,                     5.0,         10,          4411,                        172,             4.258479821738054 , 14             ,  108.86075949367088 ,                6
Degree       ,               1.0,    892, CSG-f2   ,        209,       888,                       211,             5.224065362713543,                     5.0,         10,          4411,                        215,             5.323099777172567 , 4              ,  101.89573459715639 ,                1
Degree       ,               1.0,    892, CGG      ,        442,       891,                       555,            13.74102500618965 ,                     5.0,         10,          4411,                        550,            13.617231988115872 , -5             ,   99.09909909909909 ,               15
Degree       ,               2.0,   1784, CSG-f1   ,        177,      1766,                       368,             9.111166130230256,                     5.0,         10,          4411,                        372,             9.21020054468928  , 4              ,  101.08695652173914 ,                6
Degree       ,               2.0,   1784, CSG-f2   ,        261,      1781,                       264,             6.536271354295618,                     5.0,         10,          4411,                        269,             6.660064372369398 , 5              ,  101.8939393939394  ,                1
Degree       ,               2.0,   1784, CGG      ,        668,      1783,                       899,            22.25798464966576 ,                     5.0,         10,          4411,                        867,            21.465709333993562 , -32            ,   96.440489432703   ,               15
Degree       ,               5.0,   4462, CSG-f1   ,        287,      4462,                       480,            11.884129735082942,                     5.0,         10,          4411,                        485,            12.007922753156722 , 5              ,  101.04166666666667 ,                6
Degree       ,               5.0,   4462, CSG-f2   ,        408,      4426,                       412,            10.200544689279525,                     5.0,         10,          4411,                        414,            10.250061896509036 , 2              ,  100.48543689320388 ,                1
Degree       ,               5.0,   4462, CGG      ,       1100,      4456,                      1411,            34.9343897004209  ,                     5.0,         10,          4411,                       1390,            34.41445902451102  , -21            ,   98.51169383416017 ,               15
Degree       ,              10.0,   8924, CSG-f1   ,        448,      8910,                       650,            16.093092349591483,                     5.0,         10,          4411,                        658,            16.291161178509533 , 8              ,  101.23076923076924 ,                6
Degree       ,              10.0,   8924, CSG-f2   ,        613,      8915,                       617,            15.276058430304532,                     5.0,         10,          4411,                        618,            15.300817033919287 , 1              ,  100.16207455429497 ,                1
Degree       ,              10.0,   8924, CGG      ,       1539,      8919,                      2405,            59.544441693488494,                     5.0,         10,          4411,                       2230,            55.21168606090616  , -175           ,   92.72349272349273 ,               20
Degree       ,              20.0,  17848, CSG-f1   ,        849,     17836,                      1853,            45.877692498143105,                     5.0,         10,          4411,                       1857,            45.97672691260213  , 4              ,  100.21586616297895 ,                7
Degree       ,              20.0,  17848, CSG-f2   ,       1075,     17802,                      1081,            26.764050507551374,                     5.0,         10,          4411,                       1080,            26.739291903936618 , -1             ,   99.90749306197965 ,                1
Degree       ,              20.0,  17848, CGG      ,       1982,     17817,                      3467,            85.83807873235949 ,                     5.0,         10,          4411,                       3130,            77.49442931418668  , -337           ,   90.27978079030862 ,               22
Random       ,               1.0,    220, CSG-f1   ,        146,       220,                       293,             7.254270859123546,                     5.0,         11,          4411,                        307,             7.600891309730132 , 14             ,  104.77815699658703 ,                3
Random       ,               1.0,    220, CSG-f2   ,        140,       219,                       224,             5.545927209705372,                     5.0,         11,          4411,                        233,             5.768754642238178 , 9              ,  104.01785714285714 ,                3
Random       ,               1.0,    220, CGG      ,        120,       220,                       588,            14.558058925476603,                     5.0,         11,          4411,                        565,            13.988611042337212 , -23            ,   96.08843537414967 ,               13
Random       ,               2.0,    440, CSG-f1   ,        252,       440,                       409,            10.126268878435257,                     5.0,         11,          4411,                        420,            10.398613518197573 , 11             ,  102.68948655256725 ,                3
Random       ,               2.0,    440, CSG-f2   ,        244,       438,                       366,             9.061648923000742,                     5.0,         11,          4411,                        377,             9.33399356276306  , 11             ,  103.00546448087431 ,                3
Random       ,               2.0,    440, CGG      ,        285,       440,                       882,            21.837088388214905,                     5.0,         11,          4411,                        844,            20.896261450854173 , -38            ,   95.69160997732426 ,               12
Random       ,               5.0,   1100, CSG-f1   ,        487,      1099,                      1354,            33.52314929437979 ,                     5.0,         11,          4411,                       1342,            33.226046051002726 , -12            ,   99.11373707533235 ,               14
Random       ,               5.0,   1100, CSG-f2   ,        533,      1099,                      1553,            38.450111413716265,                     5.0,         11,          4411,                       1545,            38.25204258479822  , -8             ,   99.48486799742435 ,               25
Random       ,               5.0,   1100, CGG      ,        619,      1099,                      2519,            62.366922505570685,                     5.0,         11,          4411,                       1655,            40.975488982421396 , -864           ,   65.70067487098055 ,               19
Random       ,              10.0,   2201, CSG-f1   ,        869,      2196,                      2883,            71.37905422134192 ,                     5.0,         11,          4411,                       2876,            71.20574399603863  , -7             ,   99.7571973638571  ,               13
Random       ,              10.0,   2201, CSG-f2   ,        979,      2201,                      3095,            76.62787818767022 ,                     5.0,         11,          4411,                       3098,            76.70215399851449  , 3              ,  100.09693053311793 ,               17
Random       ,              10.0,   2201, CGG      ,        926,      2011,                      4039,           100.0              ,                     5.0,         11,          4411,                       2797,            69.24981431047289  , -1242          ,   69.24981431047289 ,               36
Random       ,              20.0,   4402, CSG-f1   ,       1495,      4399,                      4012,            99.33151770240158 ,                     5.0,         11,          4411,                       4010,            99.28200049517207  , -2             ,   99.95014955134596 ,                7
Random       ,              20.0,   4402, CSG-f2   ,       1620,      4399,                      3963,            98.11834612527853 ,                     5.0,         11,          4411,                       3949,            97.77172567467196  , -14            ,   99.64673227353016 ,                6
Random       ,              20.0,   4402, CGG      ,        926,      2011,                      4039,           100.0              ,                     5.0,         11,          4411,                       2797,            69.24981431047289  , -1242          ,   69.24981431047289 ,               36
Degree       ,               1.0,    892, CSG-f1   ,        117,       888,                       158,             3.911859371131468,                     5.0,         11,          4411,                        146,             3.614756127754395 , -12            ,   92.40506329113924 ,                3
Degree       ,               1.0,    892, CSG-f2   ,        209,       888,                       211,             5.224065362713543,                     5.0,         11,          4411,                        212,             5.248823966328299 , 1              ,  100.4739336492891  ,                1
Degree       ,               1.0,    892, CGG      ,        442,       891,                       555,            13.74102500618965 ,                     5.0,         11,          4411,                        551,            13.641990591730627 , -4             ,   99.27927927927928 ,               15
Degree       ,               2.0,   1784, CSG-f1   ,        177,      1766,                       368,             9.111166130230256,                     5.0,         11,          4411,                        370,             9.160683337459767 , 2              ,  100.54347826086956 ,                6
Degree       ,               2.0,   1784, CSG-f2   ,        261,      1781,                       264,             6.536271354295618,                     5.0,         11,          4411,                        268,             6.635305768754642 , 4              ,  101.51515151515152 ,                3
Degree       ,               2.0,   1784, CGG      ,        668,      1783,                       899,            22.25798464966576 ,                     5.0,         11,          4411,                        869,            21.515226541223075 , -30            ,   96.66295884315906 ,               15
Degree       ,               5.0,   4462, CSG-f1   ,        287,      4462,                       480,            11.884129735082942,                     5.0,         11,          4411,                        483,            11.95840554592721  , 3              ,  100.62500000000001 ,                6
Degree       ,               5.0,   4462, CSG-f2   ,        408,      4426,                       412,            10.200544689279525,                     5.0,         11,          4411,                        413,            10.22530329289428  , 1              ,  100.24271844660196 ,                1
Degree       ,               5.0,   4462, CGG      ,       1100,      4456,                      1411,            34.9343897004209  ,                     5.0,         11,          4411,                       1365,            33.795493934142115 , -46            ,   96.73990077958894 ,               15
Degree       ,              10.0,   8924, CSG-f1   ,        448,      8910,                       650,            16.093092349591483,                     5.0,         11,          4411,                        657,            16.266402574894776 , 7              ,  101.07692307692308 ,                6
Degree       ,              10.0,   8924, CSG-f2   ,        613,      8915,                       617,            15.276058430304532,                     5.0,         11,          4411,                        620,            15.3503342411488   , 3              ,  100.48622366288494 ,                1
Degree       ,              10.0,   8924, CGG      ,       1539,      8919,                      2405,            59.544441693488494,                     5.0,         11,          4411,                       2188,            54.1718247090864   , -217           ,   90.97713097713098 ,               16
Degree       ,              20.0,  17848, CSG-f1   ,        849,     17836,                      1853,            45.877692498143105,                     5.0,         11,          4411,                       1857,            45.97672691260213  , 4              ,  100.21586616297895 ,                8
Degree       ,              20.0,  17848, CSG-f2   ,       1075,     17802,                      1081,            26.764050507551374,                     5.0,         11,          4411,                       1084,            26.838326318395644 , 3              ,  100.27752081406105 ,                1
Degree       ,              20.0,  17848, CGG      ,       1982,     17817,                      3467,            85.83807873235949 ,                     5.0,         11,          4411,                       2959,            73.26070809606338  , -508           ,   85.34756273435246 ,               18
Random       ,               1.0,    220, CSG-f1   ,        146,       220,                       293,             7.254270859123546,                     5.0,         12,          4411,                        297,             7.35330527358257  , 4              ,  101.36518771331058 ,                4
Random       ,               1.0,    220, CSG-f2   ,        140,       219,                       224,             5.545927209705372,                     5.0,         12,          4411,                        226,             5.5954444169348845, 2              ,  100.89285714285714 ,                4
Random       ,               1.0,    220, CGG      ,        120,       220,                       588,            14.558058925476603,                     5.0,         12,          4411,                        542,            13.419163159197822 , -46            ,   92.17687074829932 ,                9
Random       ,               2.0,    440, CSG-f1   ,        252,       440,                       409,            10.126268878435257,                     5.0,         12,          4411,                        413,            10.22530329289428  , 4              ,  100.97799511002445 ,                4
Random       ,               2.0,    440, CSG-f2   ,        244,       438,                       366,             9.061648923000742,                     5.0,         12,          4411,                        370,             9.160683337459767 , 4              ,  101.09289617486338 ,                4
Random       ,               2.0,    440, CGG      ,        285,       440,                       882,            21.837088388214905,                     5.0,         12,          4411,                        817,            20.227779153255756 , -65            ,   92.63038548752834 ,               10
Random       ,               5.0,   1100, CSG-f1   ,        487,      1099,                      1354,            33.52314929437979 ,                     5.0,         12,          4411,                       1370,            33.91928695221589  , 16             ,  101.18168389955686 ,               14
Random       ,               5.0,   1100, CSG-f2   ,        533,      1099,                      1553,            38.450111413716265,                     5.0,         12,          4411,                       1566,            38.7719732607081   , 13             ,  100.83708950418544 ,               29
Random       ,               5.0,   1100, CGG      ,        619,      1099,                      2519,            62.366922505570685,                     5.0,         12,          4411,                       1525,            37.75687051250309  , -994           ,   60.53989678443828 ,               18
Random       ,              10.0,   2201, CSG-f1   ,        869,      2196,                      2883,            71.37905422134192 ,                     5.0,         12,          4411,                       2842,            70.36395147313691  , -41            ,   98.57787027402011 ,               10
Random       ,              10.0,   2201, CSG-f2   ,        979,      2201,                      3095,            76.62787818767022 ,                     5.0,         12,          4411,                       3137,            77.66773953948997  , 42             ,  101.35702746365105 ,               20
Random       ,              10.0,   2201, CGG      ,        926,      2011,                      4039,           100.0              ,                     5.0,         12,          4411,                       3144,            77.84104976479327  , -895           ,   77.84104976479327 ,               52
Random       ,              20.0,   4402, CSG-f1   ,       1495,      4399,                      4012,            99.33151770240158 ,                     5.0,         12,          4411,                       4015,            99.40579351324585  , 3              ,  100.07477567298106 ,                5
Random       ,              20.0,   4402, CSG-f2   ,       1620,      4399,                      3963,            98.11834612527853 ,                     5.0,         12,          4411,                       3961,            98.06882891804902  , -2             ,   99.94953318193288 ,                4
Random       ,              20.0,   4402, CGG      ,        926,      2011,                      4039,           100.0              ,                     5.0,         12,          4411,                       3144,            77.84104976479327  , -895           ,   77.84104976479327 ,               52
Degree       ,               1.0,    892, CSG-f1   ,        117,       888,                       158,             3.911859371131468,                     5.0,         12,          4411,                        166,             4.109928200049517 , 8              ,  105.0632911392405  ,                6
Degree       ,               1.0,    892, CSG-f2   ,        209,       888,                       211,             5.224065362713543,                     5.0,         12,          4411,                        212,             5.248823966328299 , 1              ,  100.4739336492891  ,                1
Degree       ,               1.0,    892, CGG      ,        442,       891,                       555,            13.74102500618965 ,                     5.0,         12,          4411,                        553,            13.69150779896014  , -2             ,   99.63963963963964 ,               16
Degree       ,               2.0,   1784, CSG-f1   ,        177,      1766,                       368,             9.111166130230256,                     5.0,         12,          4411,                        369,             9.13592473384501  , 1              ,  100.2717391304348  ,                5
Degree       ,               2.0,   1784, CSG-f2   ,        261,      1781,                       264,             6.536271354295618,                     5.0,         12,          4411,                        265,             6.561029957910374 , 1              ,  100.37878787878789 ,                1
Degree       ,               2.0,   1784, CGG      ,        668,      1783,                       899,            22.25798464966576 ,                     5.0,         12,          4411,                        871,            21.564743748452585 , -28            ,   96.88542825361512 ,               16
Degree       ,               5.0,   4462, CSG-f1   ,        287,      4462,                       480,            11.884129735082942,                     5.0,         12,          4411,                        481,            11.908888338697697 , 1              ,  100.20833333333334 ,                5
Degree       ,               5.0,   4462, CSG-f2   ,        408,      4426,                       412,            10.200544689279525,                     5.0,         12,          4411,                        413,            10.22530329289428  , 1              ,  100.24271844660196 ,                2
Degree       ,               5.0,   4462, CGG      ,       1100,      4456,                      1411,            34.9343897004209  ,                     5.0,         12,          4411,                       1396,            34.56301064619956  , -15            ,   98.93692416725727 ,               16
Degree       ,              10.0,   8924, CSG-f1   ,        448,      8910,                       650,            16.093092349591483,                     5.0,         12,          4411,                        654,            16.192126764050506 , 4              ,  100.61538461538461 ,                5
Degree       ,              10.0,   8924, CSG-f2   ,        613,      8915,                       617,            15.276058430304532,                     5.0,         12,          4411,                        618,            15.300817033919287 , 1              ,  100.16207455429497 ,                2
Degree       ,              10.0,   8924, CGG      ,       1539,      8919,                      2405,            59.544441693488494,                     5.0,         12,          4411,                       2193,            54.295617727160185 , -212           ,   91.18503118503118 ,               19
Degree       ,              20.0,  17848, CSG-f1   ,        849,     17836,                      1853,            45.877692498143105,                     5.0,         12,          4411,                       1859,            46.026244119831645 , 6              ,  100.32379924446843 ,                7
Degree       ,              20.0,  17848, CSG-f2   ,       1075,     17802,                      1081,            26.764050507551374,                     5.0,         12,          4411,                       1083,            26.813567714780884 , 2              ,  100.18501387604071 ,                2
Degree       ,              20.0,  17848, CGG      ,       1982,     17817,                      3467,            85.83807873235949 ,                     5.0,         12,          4411,                       2967,            73.45877692498142  , -500           ,   85.57830977790597 ,               21
Random       ,               1.0,    220, CSG-f1   ,        146,       220,                       293,             7.254270859123546,                     5.0,         13,          4411,                        292,             7.22951225550879  , -1             ,   99.65870307167235 ,                3
Random       ,               1.0,    220, CSG-f2   ,        140,       219,                       224,             5.545927209705372,                     5.0,         13,          4411,                        223,             5.521168606090616 , -1             ,   99.55357142857143 ,                3
Random       ,               1.0,    220, CGG      ,        120,       220,                       588,            14.558058925476603,                     5.0,         13,          4411,                        536,            13.270611537509284 , -52            ,   91.15646258503402 ,                9
Random       ,               2.0,    440, CSG-f1   ,        252,       440,                       409,            10.126268878435257,                     5.0,         13,          4411,                        408,            10.1015102748205   , -1             ,   99.75550122249389 ,                3
Random       ,               2.0,    440, CSG-f2   ,        244,       438,                       366,             9.061648923000742,                     5.0,         13,          4411,                        367,             9.086407526615499 , 1              ,  100.27322404371584 ,                3
Random       ,               2.0,    440, CGG      ,        285,       440,                       882,            21.837088388214905,                     5.0,         13,          4411,                        820,            20.302054964100023 , -62            ,   92.97052154195012 ,               10
Random       ,               5.0,   1100, CSG-f1   ,        487,      1099,                      1354,            33.52314929437979 ,                     5.0,         13,          4411,                       1338,            33.1270116365437   , -16            ,   98.81831610044313 ,               15
Random       ,               5.0,   1100, CSG-f2   ,        533,      1099,                      1553,            38.450111413716265,                     5.0,         13,          4411,                       1351,            33.44887348353553  , -202           ,   86.99291693496458 ,               31
Random       ,               5.0,   1100, CGG      ,        619,      1099,                      2519,            62.366922505570685,                     5.0,         13,          4411,                       1645,            40.72790294627383  , -874           ,   65.30369194124653 ,               21
Random       ,              10.0,   2201, CSG-f1   ,        869,      2196,                      2883,            71.37905422134192 ,                     5.0,         13,          4411,                       2861,            70.83436494181728  , -22            ,   99.23690600069372 ,               12
Random       ,              10.0,   2201, CSG-f2   ,        979,      2201,                      3095,            76.62787818767022 ,                     5.0,         13,          4411,                       3131,            77.51918791780143  , 36             ,  101.16316639741518 ,               18
Random       ,              10.0,   2201, CGG      ,        926,      2011,                      4039,           100.0              ,                     5.0,         13,          4411,                       2743,            67.91284971527605  , -1296          ,   67.91284971527605 ,               41
Random       ,              20.0,   4402, CSG-f1   ,       1495,      4399,                      4012,            99.33151770240158 ,                     5.0,         13,          4411,                       4017,            99.45531072047537  , 5              ,  100.12462612163509 ,                5
Random       ,              20.0,   4402, CSG-f2   ,       1620,      4399,                      3963,            98.11834612527853 ,                     5.0,         13,          4411,                       3967,            98.21738053973756  , 4              ,  100.10093363613424 ,                6
Random       ,              20.0,   4402, CGG      ,        926,      2011,                      4039,           100.0              ,                     5.0,         13,          4411,                       2743,            67.91284971527605  , -1296          ,   67.91284971527605 ,               41
Degree       ,               1.0,    892, CSG-f1   ,        117,       888,                       158,             3.911859371131468,                     5.0,         13,          4411,                        170,             4.2089626145085415, 12             ,  107.59493670886076 ,                6
Degree       ,               1.0,    892, CSG-f2   ,        209,       888,                       211,             5.224065362713543,                     5.0,         13,          4411,                        213,             5.273582569943056 , 2              ,  100.9478672985782  ,                1
Degree       ,               1.0,    892, CGG      ,        442,       891,                       555,            13.74102500618965 ,                     5.0,         13,          4411,                        554,            13.716266402574895 , -1             ,   99.81981981981983 ,               14
Degree       ,               2.0,   1784, CSG-f1   ,        177,      1766,                       368,             9.111166130230256,                     5.0,         13,          4411,                        372,             9.21020054468928  , 4              ,  101.08695652173914 ,                5
Degree       ,               2.0,   1784, CSG-f2   ,        261,      1781,                       264,             6.536271354295618,                     5.0,         13,          4411,                        266,             6.5857885615251295, 2              ,  100.75757575757575 ,                1
Degree       ,               2.0,   1784, CGG      ,        668,      1783,                       899,            22.25798464966576 ,                     5.0,         13,          4411,                        877,            21.713295370141125 , -22            ,   97.55283648498332 ,               14
Degree       ,               5.0,   4462, CSG-f1   ,        287,      4462,                       480,            11.884129735082942,                     5.0,         13,          4411,                        484,            11.983164149541965 , 4              ,  100.83333333333333 ,                5
Degree       ,               5.0,   4462, CSG-f2   ,        408,      4426,                       412,            10.200544689279525,                     5.0,         13,          4411,                        413,            10.22530329289428  , 1              ,  100.24271844660196 ,                2
Degree       ,               5.0,   4462, CGG      ,       1100,      4456,                      1411,            34.9343897004209  ,                     5.0,         13,          4411,                       1406,            34.81059668234712  , -5             ,   99.64564138908575 ,               14
Degree       ,              10.0,   8924, CSG-f1   ,        448,      8910,                       650,            16.093092349591483,                     5.0,         13,          4411,                        655,            16.216885367665263 , 5              ,  100.76923076923077 ,                5
Degree       ,              10.0,   8924, CSG-f2   ,        613,      8915,                       617,            15.276058430304532,                     5.0,         13,          4411,                        617,            15.276058430304532 , 0              ,  100.0              ,                2
Degree       ,              10.0,   8924, CGG      ,       1539,      8919,                      2405,            59.544441693488494,                     5.0,         13,          4411,                       2151,            53.25575637534043  , -254           ,   89.43866943866944 ,               18
Degree       ,              20.0,  17848, CSG-f1   ,        849,     17836,                      1853,            45.877692498143105,                     5.0,         13,          4411,                       1862,            46.10051993067591  , 9              ,  100.48569886670265 ,                9
Degree       ,              20.0,  17848, CSG-f2   ,       1075,     17802,                      1081,            26.764050507551374,                     5.0,         13,          4411,                       1081,            26.764050507551374 , 0              ,  100.0              ,                2
Degree       ,              20.0,  17848, CGG      ,       1982,     17817,                      3467,            85.83807873235949 ,                     5.0,         13,          4411,                       3047,            75.43946521416191  , -420           ,   87.88578021344101 ,               36
Random       ,               1.0,    220, CSG-f1   ,        146,       220,                       293,             7.254270859123546,                     5.0,         14,          4411,                        304,             7.526615498885862 , 11             ,  103.75426621160409 ,                3
Random       ,               1.0,    220, CSG-f2   ,        140,       219,                       224,             5.545927209705372,                     5.0,         14,          4411,                        231,             5.719237435008666 , 7              ,  103.125            ,                3
Random       ,               1.0,    220, CGG      ,        120,       220,                       588,            14.558058925476603,                     5.0,         14,          4411,                        531,            13.146818519435504 , -57            ,   90.3061224489796  ,                9
Random       ,               2.0,    440, CSG-f1   ,        252,       440,                       409,            10.126268878435257,                     5.0,         14,          4411,                        421,            10.42337212181233  , 12             ,  102.93398533007334 ,                3
Random       ,               2.0,    440, CSG-f2   ,        244,       438,                       366,             9.061648923000742,                     5.0,         14,          4411,                        378,             9.358752166377817 , 12             ,  103.27868852459017 ,                3
Random       ,               2.0,    440, CGG      ,        285,       440,                       882,            21.837088388214905,                     5.0,         14,          4411,                        813,            20.12874473879673  , -69            ,   92.17687074829932 ,               10
Random       ,               5.0,   1100, CSG-f1   ,        487,      1099,                      1354,            33.52314929437979 ,                     5.0,         14,          4411,                       1362,            33.721218123297845 , 8              ,  100.59084194977844 ,               14
Random       ,               5.0,   1100, CSG-f2   ,        533,      1099,                      1553,            38.450111413716265,                     5.0,         14,          4411,                       1369,            33.89452834860114  , -184           ,   88.15196394075981 ,               27
Random       ,               5.0,   1100, CGG      ,        619,      1099,                      2519,            62.366922505570685,                     5.0,         14,          4411,                       1788,            44.268383263183956 , -731           ,   70.98054783644304 ,               42
Random       ,              10.0,   2201, CSG-f1   ,        869,      2196,                      2883,            71.37905422134192 ,                     5.0,         14,          4411,                       3054,            75.61277543946522  , 171            ,  105.93132154006244 ,               23
Random       ,              10.0,   2201, CSG-f2   ,        979,      2201,                      3095,            76.62787818767022 ,                     5.0,         14,          4411,                       3107,            76.92498143104729  , 12             ,  100.38772213247174 ,               17
Random       ,              10.0,   2201, CGG      ,        926,      2011,                      4039,           100.0              ,                     5.0,         14,          4411,                       2905,            71.92374350086655  , -1134          ,   71.92374350086655 ,               42
Random       ,              20.0,   4402, CSG-f1   ,       1495,      4399,                      4012,            99.33151770240158 ,                     5.0,         14,          4411,                       4014,            99.3810349096311   , 2              ,  100.04985044865404 ,                6
Random       ,              20.0,   4402, CSG-f2   ,       1620,      4399,                      3963,            98.11834612527853 ,                     5.0,         14,          4411,                       3955,            97.92027729636048  , -8             ,   99.79813272773151 ,                6
Random       ,              20.0,   4402, CGG      ,        926,      2011,                      4039,           100.0              ,                     5.0,         14,          4411,                       2905,            71.92374350086655  , -1134          ,   71.92374350086655 ,               42
Degree       ,               1.0,    892, CSG-f1   ,        117,       888,                       158,             3.911859371131468,                     5.0,         14,          4411,                        158,             3.911859371131468 , 0              ,  100.0              ,                3
Degree       ,               1.0,    892, CSG-f2   ,        209,       888,                       211,             5.224065362713543,                     5.0,         14,          4411,                        213,             5.273582569943056 , 2              ,  100.9478672985782  ,                1
Degree       ,               1.0,    892, CGG      ,        442,       891,                       555,            13.74102500618965 ,                     5.0,         14,          4411,                        530,            13.122059915820747 , -25            ,   95.4954954954955  ,                6
Degree       ,               2.0,   1784, CSG-f1   ,        177,      1766,                       368,             9.111166130230256,                     5.0,         14,          4411,                        371,             9.185441941074524 , 3              ,  100.81521739130434 ,                6
Degree       ,               2.0,   1784, CSG-f2   ,        261,      1781,                       264,             6.536271354295618,                     5.0,         14,          4411,                        267,             6.610547165139886 , 3              ,  101.13636363636364 ,                1
Degree       ,               2.0,   1784, CGG      ,        668,      1783,                       899,            22.25798464966576 ,                     5.0,         14,          4411,                        858,            21.24288190146076  , -41            ,   95.43937708565072 ,               11
Degree       ,               5.0,   4462, CSG-f1   ,        287,      4462,                       480,            11.884129735082942,                     5.0,         14,          4411,                        483,            11.95840554592721  , 3              ,  100.62500000000001 ,                6
Degree       ,               5.0,   4462, CSG-f2   ,        408,      4426,                       412,            10.200544689279525,                     5.0,         14,          4411,                        415,            10.274820500123793 , 3              ,  100.72815533980584 ,                2
Degree       ,               5.0,   4462, CGG      ,       1100,      4456,                      1411,            34.9343897004209  ,                     5.0,         14,          4411,                       1387,            34.34018321366675  , -24            ,   98.29907866761162 ,               12
Degree       ,              10.0,   8924, CSG-f1   ,        448,      8910,                       650,            16.093092349591483,                     5.0,         14,          4411,                        657,            16.266402574894776 , 7              ,  101.07692307692308 ,                6
Degree       ,              10.0,   8924, CSG-f2   ,        613,      8915,                       617,            15.276058430304532,                     5.0,         14,          4411,                        620,            15.3503342411488   , 3              ,  100.48622366288494 ,                2
Degree       ,              10.0,   8924, CGG      ,       1539,      8919,                      2405,            59.544441693488494,                     5.0,         14,          4411,                       2171,            53.75092844763555  , -234           ,   90.27027027027027 ,               22
Degree       ,              20.0,  17848, CSG-f1   ,        849,     17836,                      1853,            45.877692498143105,                     5.0,         14,          4411,                       1853,            45.877692498143105 , 0              ,  100.0              ,                6
Degree       ,              20.0,  17848, CSG-f2   ,       1075,     17802,                      1081,            26.764050507551374,                     5.0,         14,          4411,                       1083,            26.813567714780884 , 2              ,  100.18501387604071 ,                2
Degree       ,              20.0,  17848, CGG      ,       1982,     17817,                      3467,            85.83807873235949 ,                     5.0,         14,          4411,                       2847,            70.48774449121069  , -620           ,   82.1171041246034  ,               19
Random       ,               1.0,    220, CSG-f1   ,        146,       220,                       293,             7.254270859123546,                     5.0,         15,          4411,                        310,             7.6751671205744   , 17             ,  105.80204778156997 ,                4
Random       ,               1.0,    220, CSG-f2   ,        140,       219,                       224,             5.545927209705372,                     5.0,         15,          4411,                        228,             5.644961624164397 , 4              ,  101.78571428571428 ,                4
Random       ,               1.0,    220, CGG      ,        120,       220,                       588,            14.558058925476603,                     5.0,         15,          4411,                        554,            13.716266402574895 , -34            ,   94.21768707482994 ,                9
Random       ,               2.0,    440, CSG-f1   ,        252,       440,                       409,            10.126268878435257,                     5.0,         15,          4411,                        425,            10.522406536271355 , 16             ,  103.91198044009779 ,                4
Random       ,               2.0,    440, CSG-f2   ,        244,       438,                       366,             9.061648923000742,                     5.0,         15,          4411,                        379,             9.383510769992572 , 13             ,  103.55191256830601 ,                4
Random       ,               2.0,    440, CGG      ,        285,       440,                       882,            21.837088388214905,                     5.0,         15,          4411,                        821,            20.32681356771478  , -61            ,   93.08390022675736 ,               10
Random       ,               5.0,   1100, CSG-f1   ,        487,      1099,                      1354,            33.52314929437979 ,                     5.0,         15,          4411,                       1381,            34.19163159197821  , 27             ,  101.99409158050221 ,               16
Random       ,               5.0,   1100, CSG-f2   ,        533,      1099,                      1553,            38.450111413716265,                     5.0,         15,          4411,                       1448,            35.85045803416687  , -105           ,   93.23889246619447 ,               20
Random       ,               5.0,   1100, CGG      ,        619,      1099,                      2519,            62.366922505570685,                     5.0,         15,          4411,                       1571,            38.89576627878188  , -948           ,   62.366018261214776,               18
Random       ,              10.0,   2201, CSG-f1   ,        869,      2196,                      2883,            71.37905422134192 ,                     5.0,         15,          4411,                       2886,            71.45333003218617  , 3              ,  100.10405827263267 ,               11
Random       ,              10.0,   2201, CSG-f2   ,        979,      2201,                      3095,            76.62787818767022 ,                     5.0,         15,          4411,                       3119,            77.22208467442437  , 24             ,  100.77544426494345 ,               17
Random       ,              10.0,   2201, CGG      ,        926,      2011,                      4039,           100.0              ,                     5.0,         15,          4411,                       2510,            62.14409507303789  , -1529          ,   62.14409507303789 ,               25
Random       ,              20.0,   4402, CSG-f1   ,       1495,      4399,                      4012,            99.33151770240158 ,                     5.0,         15,          4411,                       4015,            99.40579351324585  , 3              ,  100.07477567298106 ,                6
Random       ,              20.0,   4402, CSG-f2   ,       1620,      4399,                      3963,            98.11834612527853 ,                     5.0,         15,          4411,                       3963,            98.11834612527853  , 0              ,  100.0              ,                4
Random       ,              20.0,   4402, CGG      ,        926,      2011,                      4039,           100.0              ,                     5.0,         15,          4411,                       2510,            62.14409507303789  , -1529          ,   62.14409507303789 ,               25
Degree       ,               1.0,    892, CSG-f1   ,        117,       888,                       158,             3.911859371131468,                     5.0,         15,          4411,                        171,             4.233721218123298 , 13             ,  108.22784810126582 ,                6
Degree       ,               1.0,    892, CSG-f2   ,        209,       888,                       211,             5.224065362713543,                     5.0,         15,          4411,                        213,             5.273582569943056 , 2              ,  100.9478672985782  ,                1
Degree       ,               1.0,    892, CGG      ,        442,       891,                       555,            13.74102500618965 ,                     5.0,         15,          4411,                        554,            13.716266402574895 , -1             ,   99.81981981981983 ,               12
Degree       ,               2.0,   1784, CSG-f1   ,        177,      1766,                       368,             9.111166130230256,                     5.0,         15,          4411,                        374,             9.259717751918792 , 6              ,  101.63043478260869 ,                6
Degree       ,               2.0,   1784, CSG-f2   ,        261,      1781,                       264,             6.536271354295618,                     5.0,         15,          4411,                        265,             6.561029957910374 , 1              ,  100.37878787878789 ,                1
Degree       ,               2.0,   1784, CGG      ,        668,      1783,                       899,            22.25798464966576 ,                     5.0,         15,          4411,                        869,            21.515226541223075 , -30            ,   96.66295884315906 ,               12
Degree       ,               5.0,   4462, CSG-f1   ,        287,      4462,                       480,            11.884129735082942,                     5.0,         15,          4411,                        486,            12.032681356771478 , 6              ,  101.25             ,                6
Degree       ,               5.0,   4462, CSG-f2   ,        408,      4426,                       412,            10.200544689279525,                     5.0,         15,          4411,                        413,            10.22530329289428  , 1              ,  100.24271844660196 ,                2
Degree       ,               5.0,   4462, CGG      ,       1100,      4456,                      1411,            34.9343897004209  ,                     5.0,         15,          4411,                       1391,            34.439217628125775 , -20            ,   98.58256555634301 ,               12
Degree       ,              10.0,   8924, CSG-f1   ,        448,      8910,                       650,            16.093092349591483,                     5.0,         15,          4411,                        656,            16.24164397128002  , 6              ,  100.92307692307692 ,                6
Degree       ,              10.0,   8924, CSG-f2   ,        613,      8915,                       617,            15.276058430304532,                     5.0,         15,          4411,                        618,            15.300817033919287 , 1              ,  100.16207455429497 ,                2
Degree       ,              10.0,   8924, CGG      ,       1539,      8919,                      2405,            59.544441693488494,                     5.0,         15,          4411,                       2099,            51.96830898737311  , -306           ,   87.27650727650727 ,               15
Degree       ,              20.0,  17848, CSG-f1   ,        849,     17836,                      1853,            45.877692498143105,                     5.0,         15,          4411,                       1864,            46.15003713790542  , 11             ,  100.59363194819213 ,                9
Degree       ,              20.0,  17848, CSG-f2   ,       1075,     17802,                      1081,            26.764050507551374,                     5.0,         15,          4411,                       1083,            26.813567714780884 , 2              ,  100.18501387604071 ,                2
Degree       ,              20.0,  17848, CGG      ,       1982,     17817,                      3467,            85.83807873235949 ,                     5.0,         15,          4411,                       2961,            73.3102253032929   , -506           ,   85.40524949524084 ,               42
Random       ,               1.0,    220, CSG-f1   ,        146,       220,                       293,             7.254270859123546,                     5.0,         16,          4411,                        308,             7.625649913344887 , 15             ,  105.11945392491468 ,                4
Random       ,               1.0,    220, CSG-f2   ,        140,       219,                       224,             5.545927209705372,                     5.0,         16,          4411,                        231,             5.719237435008666 , 7              ,  103.125            ,                2
Random       ,               1.0,    220, CGG      ,        120,       220,                       588,            14.558058925476603,                     5.0,         16,          4411,                        547,            13.5429561772716   , -41            ,   93.02721088435374 ,               10
Random       ,               2.0,    440, CSG-f1   ,        252,       440,                       409,            10.126268878435257,                     5.0,         16,          4411,                        426,            10.547165139886111 , 17             ,  104.15647921760392 ,                4
Random       ,               2.0,    440, CSG-f2   ,        244,       438,                       366,             9.061648923000742,                     5.0,         16,          4411,                        380,             9.408269373607329 , 14             ,  103.82513661202186 ,                4
Random       ,               2.0,    440, CGG      ,        285,       440,                       882,            21.837088388214905,                     5.0,         16,          4411,                        818,            20.252537756870513 , -64            ,   92.7437641723356  ,               11
Random       ,               5.0,   1100, CSG-f1   ,        487,      1099,                      1354,            33.52314929437979 ,                     5.0,         16,          4411,                       1385,            34.290666006437235 , 31             ,  102.28951255539143 ,               19
Random       ,               5.0,   1100, CSG-f2   ,        533,      1099,                      1553,            38.450111413716265,                     5.0,         16,          4411,                       1379,            34.1421143847487   , -174           ,   88.79587894397939 ,               24
Random       ,               5.0,   1100, CGG      ,        619,      1099,                      2519,            62.366922505570685,                     5.0,         16,          4411,                       1566,            38.7719732607081   , -953           ,   62.16752679634776 ,               19
Random       ,              10.0,   2201, CSG-f1   ,        869,      2196,                      2883,            71.37905422134192 ,                     5.0,         16,          4411,                       2890,            71.55236444664521  , 7              ,  100.24280263614291 ,               15
Random       ,              10.0,   2201, CSG-f2   ,        979,      2201,                      3095,            76.62787818767022 ,                     5.0,         16,          4411,                       3120,            77.24684327803912  , 25             ,  100.80775444264944 ,               17
Random       ,              10.0,   2201, CGG      ,        926,      2011,                      4039,           100.0              ,                     5.0,         16,          4411,                       2292,            56.746719485021046 , -1747          ,   56.746719485021046,               25
Random       ,              20.0,   4402, CSG-f1   ,       1495,      4399,                      4012,            99.33151770240158 ,                     5.0,         16,          4411,                       4012,            99.33151770240158  , 0              ,  100.0              ,                6
Random       ,              20.0,   4402, CSG-f2   ,       1620,      4399,                      3963,            98.11834612527853 ,                     5.0,         16,          4411,                       3945,            97.67269126021293  , -18            ,   99.5457986373959  ,                5
Random       ,              20.0,   4402, CGG      ,        926,      2011,                      4039,           100.0              ,                     5.0,         16,          4411,                       2292,            56.746719485021046 , -1747          ,   56.746719485021046,               25
Degree       ,               1.0,    892, CSG-f1   ,        117,       888,                       158,             3.911859371131468,                     5.0,         16,          4411,                        164,             4.060410992820005 , 6              ,  103.79746835443038 ,                4
Degree       ,               1.0,    892, CSG-f2   ,        209,       888,                       211,             5.224065362713543,                     5.0,         16,          4411,                        214,             5.298341173557811 , 3              ,  101.4218009478673  ,                1
Degree       ,               1.0,    892, CGG      ,        442,       891,                       555,            13.74102500618965 ,                     5.0,         16,          4411,                        546,            13.518197573656845 , -9             ,   98.37837837837839 ,               13
Degree       ,               2.0,   1784, CSG-f1   ,        177,      1766,                       368,             9.111166130230256,                     5.0,         16,          4411,                        383,             9.482545184451597 , 15             ,  104.07608695652173 ,                6
Degree       ,               2.0,   1784, CSG-f2   ,        261,      1781,                       264,             6.536271354295618,                     5.0,         16,          4411,                        267,             6.610547165139886 , 3              ,  101.13636363636364 ,                1
Degree       ,               2.0,   1784, CGG      ,        668,      1783,                       899,            22.25798464966576 ,                     5.0,         16,          4411,                        852,            21.094330279772223 , -47            ,   94.77196885428253 ,               13
Degree       ,               5.0,   4462, CSG-f1   ,        287,      4462,                       480,            11.884129735082942,                     5.0,         16,          4411,                        497,            12.305025996533796 , 17             ,  103.54166666666667 ,                6
Degree       ,               5.0,   4462, CSG-f2   ,        408,      4426,                       412,            10.200544689279525,                     5.0,         16,          4411,                        415,            10.274820500123793 , 3              ,  100.72815533980584 ,                2
Degree       ,               5.0,   4462, CGG      ,       1100,      4456,                      1411,            34.9343897004209  ,                     5.0,         16,          4411,                       1391,            34.439217628125775 , -20            ,   98.58256555634301 ,               13
Degree       ,              10.0,   8924, CSG-f1   ,        448,      8910,                       650,            16.093092349591483,                     5.0,         16,          4411,                        671,            16.613023025501363 , 21             ,  103.23076923076924 ,                6
Degree       ,              10.0,   8924, CSG-f2   ,        613,      8915,                       617,            15.276058430304532,                     5.0,         16,          4411,                        621,            15.375092844763556 , 4              ,  100.64829821717991 ,                2
Degree       ,              10.0,   8924, CGG      ,       1539,      8919,                      2405,            59.544441693488494,                     5.0,         16,          4411,                       2214,            54.81554840307007  , -191           ,   92.05821205821206 ,               21
Degree       ,              20.0,  17848, CSG-f1   ,        849,     17836,                      1853,            45.877692498143105,                     5.0,         16,          4411,                       1861,            46.07576132706115  , 8              ,  100.4317323259579  ,                7
Degree       ,              20.0,  17848, CSG-f2   ,       1075,     17802,                      1081,            26.764050507551374,                     5.0,         16,          4411,                       1083,            26.813567714780884 , 2              ,  100.18501387604071 ,                2
Degree       ,              20.0,  17848, CGG      ,       1982,     17817,                      3467,            85.83807873235949 ,                     5.0,         16,          4411,                       3303,            81.7776677395395   , -164           ,   95.26968560715315 ,               43
Random       ,               1.0,    220, CSG-f1   ,        146,       220,                       293,             7.254270859123546,                     5.0,         17,          4411,                        309,             7.650408516959644 , 16             ,  105.46075085324232 ,                3
Random       ,               1.0,    220, CSG-f2   ,        140,       219,                       224,             5.545927209705372,                     5.0,         17,          4411,                        235,             5.81827184946769  , 11             ,  104.91071428571428 ,                3
Random       ,               1.0,    220, CGG      ,        120,       220,                       588,            14.558058925476603,                     5.0,         17,          4411,                        525,            12.99826689774697  , -63            ,   89.28571428571429 ,                9
Random       ,               2.0,    440, CSG-f1   ,        252,       440,                       409,            10.126268878435257,                     5.0,         17,          4411,                        425,            10.522406536271355 , 16             ,  103.91198044009779 ,                3
Random       ,               2.0,    440, CSG-f2   ,        244,       438,                       366,             9.061648923000742,                     5.0,         17,          4411,                        382,             9.45778658083684  , 16             ,  104.37158469945356 ,                3
Random       ,               2.0,    440, CGG      ,        285,       440,                       882,            21.837088388214905,                     5.0,         17,          4411,                        804,            19.905917306263927 , -78            ,   91.15646258503402 ,               16
Random       ,               5.0,   1100, CSG-f1   ,        487,      1099,                      1354,            33.52314929437979 ,                     5.0,         17,          4411,                       1392,            34.46397623174053  , 38             ,  102.80649926144756 ,               16
Random       ,               5.0,   1100, CSG-f2   ,        533,      1099,                      1553,            38.450111413716265,                     5.0,         17,          4411,                       1566,            38.7719732607081   , 13             ,  100.83708950418544 ,               29
Random       ,               5.0,   1100, CGG      ,        619,      1099,                      2519,            62.366922505570685,                     5.0,         17,          4411,                       1530,            37.880663530576875 , -989           ,   60.738388249305274,               20
Random       ,              10.0,   2201, CSG-f1   ,        869,      2196,                      2883,            71.37905422134192 ,                     5.0,         17,          4411,                       2835,            70.19064124783363  , -48            ,   98.33506763787722 ,                8
Random       ,              10.0,   2201, CSG-f2   ,        979,      2201,                      3095,            76.62787818767022 ,                     5.0,         17,          4411,                       3107,            76.92498143104729  , 12             ,  100.38772213247174 ,               17
Random       ,              10.0,   2201, CGG      ,        926,      2011,                      4039,           100.0              ,                     5.0,         17,          4411,                       2933,            72.61698440207972  , -1106          ,   72.61698440207972 ,               34
Random       ,              20.0,   4402, CSG-f1   ,       1495,      4399,                      4012,            99.33151770240158 ,                     5.0,         17,          4411,                       4013,            99.35627630601634  , 1              ,  100.02492522432702 ,                5
Random       ,              20.0,   4402, CSG-f2   ,       1620,      4399,                      3963,            98.11834612527853 ,                     5.0,         17,          4411,                       3941,            97.5736568457539   , -22            ,   99.44486500126168 ,                5
Random       ,              20.0,   4402, CGG      ,        926,      2011,                      4039,           100.0              ,                     5.0,         17,          4411,                       2933,            72.61698440207972  , -1106          ,   72.61698440207972 ,               34
Degree       ,               1.0,    892, CSG-f1   ,        117,       888,                       158,             3.911859371131468,                     5.0,         17,          4411,                        163,             4.035652389205248 , 5              ,  103.16455696202532 ,                5
Degree       ,               1.0,    892, CSG-f2   ,        209,       888,                       211,             5.224065362713543,                     5.0,         17,          4411,                        213,             5.273582569943056 , 2              ,  100.9478672985782  ,                1
Degree       ,               1.0,    892, CGG      ,        442,       891,                       555,            13.74102500618965 ,                     5.0,         17,          4411,                        532,            13.171577123050259 , -23            ,   95.85585585585585 ,                6
Degree       ,               2.0,   1784, CSG-f1   ,        177,      1766,                       368,             9.111166130230256,                     5.0,         17,          4411,                        377,             9.33399356276306  , 9              ,  102.44565217391303 ,                6
Degree       ,               2.0,   1784, CSG-f2   ,        261,      1781,                       264,             6.536271354295618,                     5.0,         17,          4411,                        266,             6.5857885615251295, 2              ,  100.75757575757575 ,                1
Degree       ,               2.0,   1784, CGG      ,        668,      1783,                       899,            22.25798464966576 ,                     5.0,         17,          4411,                        877,            21.713295370141125 , -22            ,   97.55283648498332 ,               11
Degree       ,               5.0,   4462, CSG-f1   ,        287,      4462,                       480,            11.884129735082942,                     5.0,         17,          4411,                        490,            12.131715771230503 , 10             ,  102.08333333333333 ,                6
Degree       ,               5.0,   4462, CSG-f2   ,        408,      4426,                       412,            10.200544689279525,                     5.0,         17,          4411,                        414,            10.250061896509036 , 2              ,  100.48543689320388 ,                2
Degree       ,               5.0,   4462, CGG      ,       1100,      4456,                      1411,            34.9343897004209  ,                     5.0,         17,          4411,                       1385,            34.290666006437235 , -26            ,   98.15733522324592 ,                7
Degree       ,              10.0,   8924, CSG-f1   ,        448,      8910,                       650,            16.093092349591483,                     5.0,         17,          4411,                        660,            16.340678385739043 , 10             ,  101.53846153846153 ,                6
Degree       ,              10.0,   8924, CSG-f2   ,        613,      8915,                       617,            15.276058430304532,                     5.0,         17,          4411,                        619,            15.325575637534042 , 2              ,  100.32414910858995 ,                2
Degree       ,              10.0,   8924, CGG      ,       1539,      8919,                      2405,            59.544441693488494,                     5.0,         17,          4411,                       2137,            52.90913592473384  , -268           ,   88.85654885654886 ,               17
Degree       ,              20.0,  17848, CSG-f1   ,        849,     17836,                      1853,            45.877692498143105,                     5.0,         17,          4411,                       1863,            46.125278534290665 , 10             ,  100.53966540744739 ,               10
Degree       ,              20.0,  17848, CSG-f2   ,       1075,     17802,                      1081,            26.764050507551374,                     5.0,         17,          4411,                       1083,            26.813567714780884 , 2              ,  100.18501387604071 ,                2
Degree       ,              20.0,  17848, CGG      ,       1982,     17817,                      3467,            85.83807873235949 ,                     5.0,         17,          4411,                       3280,            81.20821985640009  , -187           ,   94.60628785693683 ,               27
Random       ,               1.0,    220, CSG-f1   ,        146,       220,                       293,             7.254270859123546,                     5.0,         18,          4411,                        302,             7.47709829165635  , 9              ,  103.0716723549488  ,                4
Random       ,               1.0,    220, CSG-f2   ,        140,       219,                       224,             5.545927209705372,                     5.0,         18,          4411,                        231,             5.719237435008666 , 7              ,  103.125            ,                2
Random       ,               1.0,    220, CGG      ,        120,       220,                       588,            14.558058925476603,                     5.0,         18,          4411,                        566,            14.013369645951968 , -22            ,   96.25850340136054 ,               10
Random       ,               2.0,    440, CSG-f1   ,        252,       440,                       409,            10.126268878435257,                     5.0,         18,          4411,                        420,            10.398613518197573 , 11             ,  102.68948655256725 ,                4
Random       ,               2.0,    440, CSG-f2   ,        244,       438,                       366,             9.061648923000742,                     5.0,         18,          4411,                        376,             9.309234959148304 , 10             ,  102.73224043715847 ,                4
Random       ,               2.0,    440, CGG      ,        285,       440,                       882,            21.837088388214905,                     5.0,         18,          4411,                        845,            20.92102005446893  , -37            ,   95.80498866213152 ,               12
Random       ,               5.0,   1100, CSG-f1   ,        487,      1099,                      1354,            33.52314929437979 ,                     5.0,         18,          4411,                       1374,            34.01832136667492  , 20             ,  101.47710487444608 ,               18
Random       ,               5.0,   1100, CSG-f2   ,        533,      1099,                      1553,            38.450111413716265,                     5.0,         18,          4411,                       1358,            33.62218370883882  , -195           ,   87.44365743721829 ,               26
Random       ,               5.0,   1100, CGG      ,        619,      1099,                      2519,            62.366922505570685,                     5.0,         18,          4411,                       1676,            41.49541965833127  , -843           ,   66.53433902342199 ,               33
Random       ,              10.0,   2201, CSG-f1   ,        869,      2196,                      2883,            71.37905422134192 ,                     5.0,         18,          4411,                       2875,            71.18098539242386  , -8             ,   99.72251127297953 ,               11
Random       ,              10.0,   2201, CSG-f2   ,        979,      2201,                      3095,            76.62787818767022 ,                     5.0,         18,          4411,                       2950,            73.03788066353057  , -145           ,   95.31502423263328 ,               17
Random       ,              10.0,   2201, CGG      ,        926,      2011,                      4039,           100.0              ,                     5.0,         18,          4411,                       2670,            66.10547165139886  , -1369          ,   66.10547165139886 ,               37
Random       ,              20.0,   4402, CSG-f1   ,       1495,      4399,                      4012,            99.33151770240158 ,                     5.0,         18,          4411,                       4012,            99.33151770240158  , 0              ,  100.0              ,                6
Random       ,              20.0,   4402, CSG-f2   ,       1620,      4399,                      3963,            98.11834612527853 ,                     5.0,         18,          4411,                       3967,            98.21738053973756  , 4              ,  100.10093363613424 ,                5
Random       ,              20.0,   4402, CGG      ,        926,      2011,                      4039,           100.0              ,                     5.0,         18,          4411,                       2670,            66.10547165139886  , -1369          ,   66.10547165139886 ,               37
Degree       ,               1.0,    892, CSG-f1   ,        117,       888,                       158,             3.911859371131468,                     5.0,         18,          4411,                        173,             4.283238425352811 , 15             ,  109.49367088607596 ,                6
Degree       ,               1.0,    892, CSG-f2   ,        209,       888,                       211,             5.224065362713543,                     5.0,         18,          4411,                        217,             5.37261698440208  , 6              ,  102.84360189573461 ,                1
Degree       ,               1.0,    892, CGG      ,        442,       891,                       555,            13.74102500618965 ,                     5.0,         18,          4411,                        548,            13.567714780886359 , -7             ,   98.73873873873875 ,               14
Degree       ,               2.0,   1784, CSG-f1   ,        177,      1766,                       368,             9.111166130230256,                     5.0,         18,          4411,                        381,             9.433027977222084 , 13             ,  103.53260869565217 ,                6
Degree       ,               2.0,   1784, CSG-f2   ,        261,      1781,                       264,             6.536271354295618,                     5.0,         18,          4411,                        270,             6.684822975984154 , 6              ,  102.27272727272727 ,                1
Degree       ,               2.0,   1784, CGG      ,        668,      1783,                       899,            22.25798464966576 ,                     5.0,         18,          4411,                        868,            21.49046793760832  , -31            ,   96.55172413793103 ,               14
Degree       ,               5.0,   4462, CSG-f1   ,        287,      4462,                       480,            11.884129735082942,                     5.0,         18,          4411,                        503,            12.453577618222331 , 23             ,  104.79166666666666 ,                6
Degree       ,               5.0,   4462, CSG-f2   ,        408,      4426,                       412,            10.200544689279525,                     5.0,         18,          4411,                        414,            10.250061896509036 , 2              ,  100.48543689320388 ,                2
Degree       ,               5.0,   4462, CGG      ,       1100,      4456,                      1411,            34.9343897004209  ,                     5.0,         18,          4411,                       1403,            34.73632087150285  , -8             ,   99.43302622253721 ,               14
Degree       ,              10.0,   8924, CSG-f1   ,        448,      8910,                       650,            16.093092349591483,                     5.0,         18,          4411,                        672,            16.63778162911612  , 22             ,  103.38461538461539 ,                6
Degree       ,              10.0,   8924, CSG-f2   ,        613,      8915,                       617,            15.276058430304532,                     5.0,         18,          4411,                        620,            15.3503342411488   , 3              ,  100.48622366288494 ,                2
Degree       ,              10.0,   8924, CGG      ,       1539,      8919,                      2405,            59.544441693488494,                     5.0,         18,          4411,                       2330,            57.68754642238177  , -75            ,   96.88149688149689 ,               20
Degree       ,              20.0,  17848, CSG-f1   ,        849,     17836,                      1853,            45.877692498143105,                     5.0,         18,          4411,                       1871,            46.32334736320872  , 18             ,  100.97139773340528 ,                8
Degree       ,              20.0,  17848, CSG-f2   ,       1075,     17802,                      1081,            26.764050507551374,                     5.0,         18,          4411,                       1084,            26.838326318395644 , 3              ,  100.27752081406105 ,                2
Degree       ,              20.0,  17848, CGG      ,       1982,     17817,                      3467,            85.83807873235949 ,                     5.0,         18,          4411,                       3274,            81.05966823471155  , -193           ,   94.43322757427171 ,               23
Random       ,               1.0,    220, CSG-f1   ,        146,       220,                       293,             7.254270859123546,                     5.0,         19,          4411,                        301,             7.452339688041594 , 8              ,  102.73037542662115 ,                2
Random       ,               1.0,    220, CSG-f2   ,        140,       219,                       224,             5.545927209705372,                     5.0,         19,          4411,                        232,             5.743996038623422 , 8              ,  103.57142857142858 ,                2
Random       ,               1.0,    220, CGG      ,        120,       220,                       588,            14.558058925476603,                     5.0,         19,          4411,                        523,            12.948749690517456 , -65            ,   88.94557823129252 ,               12
Random       ,               2.0,    440, CSG-f1   ,        252,       440,                       409,            10.126268878435257,                     5.0,         19,          4411,                        417,            10.324337707353305 , 8              ,  101.9559902200489  ,                3
Random       ,               2.0,    440, CSG-f2   ,        244,       438,                       366,             9.061648923000742,                     5.0,         19,          4411,                        371,             9.185441941074524 , 5              ,  101.36612021857923 ,                2
Random       ,               2.0,    440, CGG      ,        285,       440,                       882,            21.837088388214905,                     5.0,         19,          4411,                        801,            19.831641495419657 , -81            ,   90.81632653061224 ,               12
Random       ,               5.0,   1100, CSG-f1   ,        487,      1099,                      1354,            33.52314929437979 ,                     5.0,         19,          4411,                       1363,            33.7459767269126   , 9              ,  100.66469719350073 ,               17
Random       ,               5.0,   1100, CSG-f2   ,        533,      1099,                      1553,            38.450111413716265,                     5.0,         19,          4411,                       1562,            38.672938846249075 , 9              ,  100.57952350289763 ,               31
Random       ,               5.0,   1100, CGG      ,        619,      1099,                      2519,            62.366922505570685,                     5.0,         19,          4411,                       1688,            41.792522901708345 , -831           ,   67.01071853910283 ,               24
Random       ,              10.0,   2201, CSG-f1   ,        869,      2196,                      2883,            71.37905422134192 ,                     5.0,         19,          4411,                       2960,            73.28546669967814  , 77             ,  102.67082899757199 ,               17
Random       ,              10.0,   2201, CSG-f2   ,        979,      2201,                      3095,            76.62787818767022 ,                     5.0,         19,          4411,                       3070,            76.00891309730132  , -25            ,   99.19224555735056 ,               16
Random       ,              10.0,   2201, CGG      ,        926,      2011,                      4039,           100.0              ,                     5.0,         19,          4411,                       2717,            67.26912602129241  , -1322          ,   67.26912602129241 ,               39
Random       ,              20.0,   4402, CSG-f1   ,       1495,      4399,                      4012,            99.33151770240158 ,                     5.0,         19,          4411,                       4013,            99.35627630601634  , 1              ,  100.02492522432702 ,                5
Random       ,              20.0,   4402, CSG-f2   ,       1620,      4399,                      3963,            98.11834612527853 ,                     5.0,         19,          4411,                       3965,            98.16786333250805  , 2              ,  100.05046681806714 ,                5
Random       ,              20.0,   4402, CGG      ,        926,      2011,                      4039,           100.0              ,                     5.0,         19,          4411,                       2717,            67.26912602129241  , -1322          ,   67.26912602129241 ,               39
Degree       ,               1.0,    892, CSG-f1   ,        117,       888,                       158,             3.911859371131468,                     5.0,         19,          4411,                        159,             3.9366179747462247, 1              ,  100.63291139240506 ,                3
Degree       ,               1.0,    892, CSG-f2   ,        209,       888,                       211,             5.224065362713543,                     5.0,         19,          4411,                        218,             5.397375588016836 , 7              ,  103.3175355450237  ,                1
Degree       ,               1.0,    892, CGG      ,        442,       891,                       555,            13.74102500618965 ,                     5.0,         19,          4411,                        556,            13.765783609804409 , 1              ,  100.18018018018017 ,               14
Degree       ,               2.0,   1784, CSG-f1   ,        177,      1766,                       368,             9.111166130230256,                     5.0,         19,          4411,                        377,             9.33399356276306  , 9              ,  102.44565217391303 ,                6
Degree       ,               2.0,   1784, CSG-f2   ,        261,      1781,                       264,             6.536271354295618,                     5.0,         19,          4411,                        271,             6.709581579598911 , 7              ,  102.65151515151516 ,                1
Degree       ,               2.0,   1784, CGG      ,        668,      1783,                       899,            22.25798464966576 ,                     5.0,         19,          4411,                        894,            22.134191631591978 , -5             ,   99.44382647385984 ,               14
Degree       ,               5.0,   4462, CSG-f1   ,        287,      4462,                       480,            11.884129735082942,                     5.0,         19,          4411,                        491,            12.156474374845258 , 11             ,  102.29166666666667 ,                6
Degree       ,               5.0,   4462, CSG-f2   ,        408,      4426,                       412,            10.200544689279525,                     5.0,         19,          4411,                        415,            10.274820500123793 , 3              ,  100.72815533980584 ,                1
Degree       ,               5.0,   4462, CGG      ,       1100,      4456,                      1411,            34.9343897004209  ,                     5.0,         19,          4411,                       1397,            34.58776924981431  , -14            ,   99.0077958894401  ,               14
Degree       ,              10.0,   8924, CSG-f1   ,        448,      8910,                       650,            16.093092349591483,                     5.0,         19,          4411,                        667,            16.513988611042336 , 17             ,  102.61538461538461 ,                6
Degree       ,              10.0,   8924, CSG-f2   ,        613,      8915,                       617,            15.276058430304532,                     5.0,         19,          4411,                        621,            15.375092844763556 , 4              ,  100.64829821717991 ,                1
Degree       ,              10.0,   8924, CGG      ,       1539,      8919,                      2405,            59.544441693488494,                     5.0,         19,          4411,                       2328,            57.638029215152265 , -77            ,   96.7983367983368  ,               28
Degree       ,              20.0,  17848, CSG-f1   ,        849,     17836,                      1853,            45.877692498143105,                     5.0,         19,          4411,                       1862,            46.10051993067591  , 9              ,  100.48569886670265 ,                7
Degree       ,              20.0,  17848, CSG-f2   ,       1075,     17802,                      1081,            26.764050507551374,                     5.0,         19,          4411,                       1083,            26.813567714780884 , 2              ,  100.18501387604071 ,                1
Degree       ,              20.0,  17848, CGG      ,       1982,     17817,                      3467,            85.83807873235949 ,                     5.0,         19,          4411,                       3298,            81.65387472146571  , -169           ,   95.12546870493222 ,               35
Random       ,               1.0,    220, CSG-f1   ,        146,       220,                       293,             7.254270859123546,                    10.0,          0,          8823,                        312,             7.724684327803912 , 19             ,  106.48464163822527 ,                4
Random       ,               1.0,    220, CSG-f2   ,        140,       219,                       224,             5.545927209705372,                    10.0,          0,          8823,                        234,             5.793513245852934 , 10             ,  104.46428571428572 ,                3
Random       ,               1.0,    220, CGG      ,        120,       220,                       588,            14.558058925476603,                    10.0,          0,          8823,                        533,            13.196335726665016 , -55            ,   90.64625850340136 ,                9
Random       ,               2.0,    440, CSG-f1   ,        252,       440,                       409,            10.126268878435257,                    10.0,          0,          8823,                        430,            10.646199554345134 , 21             ,  105.13447432762837 ,                4
Random       ,               2.0,    440, CSG-f2   ,        244,       438,                       366,             9.061648923000742,                    10.0,          0,          8823,                        383,             9.482545184451597 , 17             ,  104.64480874316939 ,                4
Random       ,               2.0,    440, CGG      ,        285,       440,                       882,            21.837088388214905,                    10.0,          0,          8823,                        806,            19.95543451349344  , -76            ,   91.38321995464852 ,                9
Random       ,               5.0,   1100, CSG-f1   ,        487,      1099,                      1354,            33.52314929437979 ,                    10.0,          0,          8823,                       1356,            33.57266650160931  , 2              ,  100.14771048744461 ,               13
Random       ,               5.0,   1100, CSG-f2   ,        533,      1099,                      1553,            38.450111413716265,                    10.0,          0,          8823,                       1566,            38.7719732607081   , 13             ,  100.83708950418544 ,               27
Random       ,               5.0,   1100, CGG      ,        619,      1099,                      2519,            62.366922505570685,                    10.0,          0,          8823,                       1541,            38.15300817033919  , -978           ,   61.1750694720127  ,               17
Random       ,              10.0,   2201, CSG-f1   ,        869,      2196,                      2883,            71.37905422134192 ,                    10.0,          0,          8823,                       2960,            73.28546669967814  , 77             ,  102.67082899757199 ,               17
Random       ,              10.0,   2201, CSG-f2   ,        979,      2201,                      3095,            76.62787818767022 ,                    10.0,          0,          8823,                       3074,            76.10794751176033  , -21            ,   99.32148626817448 ,               14
Random       ,              10.0,   2201, CGG      ,        926,      2011,                      4039,           100.0              ,                    10.0,          0,          8823,                       2881,            71.3295370141124   , -1158          ,   71.3295370141124  ,               36
Random       ,              20.0,   4402, CSG-f1   ,       1495,      4399,                      4012,            99.33151770240158 ,                    10.0,          0,          8823,                       4018,            99.48006932409012  , 6              ,  100.14955134596211 ,                6
Random       ,              20.0,   4402, CSG-f2   ,       1620,      4399,                      3963,            98.11834612527853 ,                    10.0,          0,          8823,                       3953,            97.87076008913097  , -10            ,   99.74766590966439 ,                6
Random       ,              20.0,   4402, CGG      ,        926,      2011,                      4039,           100.0              ,                    10.0,          0,          8823,                       2881,            71.3295370141124   , -1158          ,   71.3295370141124  ,               36
Degree       ,               1.0,    892, CSG-f1   ,        117,       888,                       158,             3.911859371131468,                    10.0,          0,          8823,                        161,             3.9861351819757362, 3              ,  101.8987341772152  ,                4
Degree       ,               1.0,    892, CSG-f2   ,        209,       888,                       211,             5.224065362713543,                    10.0,          0,          8823,                        216,             5.347858380787324 , 5              ,  102.36966824644549 ,                1
Degree       ,               1.0,    892, CGG      ,        442,       891,                       555,            13.74102500618965 ,                    10.0,          0,          8823,                        548,            13.567714780886359 , -7             ,   98.73873873873875 ,               16
Degree       ,               2.0,   1784, CSG-f1   ,        177,      1766,                       368,             9.111166130230256,                    10.0,          0,          8823,                        377,             9.33399356276306  , 9              ,  102.44565217391303 ,                6
Degree       ,               2.0,   1784, CSG-f2   ,        261,      1781,                       264,             6.536271354295618,                    10.0,          0,          8823,                        271,             6.709581579598911 , 7              ,  102.65151515151516 ,                1
Degree       ,               2.0,   1784, CGG      ,        668,      1783,                       899,            22.25798464966576 ,                    10.0,          0,          8823,                        860,            21.29239910869027  , -39            ,   95.66184649610679 ,               16
Degree       ,               5.0,   4462, CSG-f1   ,        287,      4462,                       480,            11.884129735082942,                    10.0,          0,          8823,                        491,            12.156474374845258 , 11             ,  102.29166666666667 ,                6
Degree       ,               5.0,   4462, CSG-f2   ,        408,      4426,                       412,            10.200544689279525,                    10.0,          0,          8823,                        416,            10.299579103738548 , 4              ,  100.97087378640776 ,                1
Degree       ,               5.0,   4462, CGG      ,       1100,      4456,                      1411,            34.9343897004209  ,                    10.0,          0,          8823,                       1396,            34.56301064619956  , -15            ,   98.93692416725727 ,               16
Degree       ,              10.0,   8924, CSG-f1   ,        448,      8910,                       650,            16.093092349591483,                    10.0,          0,          8823,                        662,            16.390195592968556 , 12             ,  101.84615384615385 ,                6
Degree       ,              10.0,   8924, CSG-f2   ,        613,      8915,                       617,            15.276058430304532,                    10.0,          0,          8823,                        621,            15.375092844763556 , 4              ,  100.64829821717991 ,                1
Degree       ,              10.0,   8924, CGG      ,       1539,      8919,                      2405,            59.544441693488494,                    10.0,          0,          8823,                       2279,            56.424857638029216 , -126           ,   94.76091476091476 ,               27
Degree       ,              20.0,  17848, CSG-f1   ,        849,     17836,                      1853,            45.877692498143105,                    10.0,          0,          8823,                       1863,            46.125278534290665 , 10             ,  100.53966540744739 ,                8
Degree       ,              20.0,  17848, CSG-f2   ,       1075,     17802,                      1081,            26.764050507551374,                    10.0,          0,          8823,                       1084,            26.838326318395644 , 3              ,  100.27752081406105 ,                1
Degree       ,              20.0,  17848, CGG      ,       1982,     17817,                      3467,            85.83807873235949 ,                    10.0,          0,          8823,                       3192,            79.02946273830156  , -275           ,   92.06807037784829 ,               22
Random       ,               1.0,    220, CSG-f1   ,        146,       220,                       293,             7.254270859123546,                    10.0,          1,          8823,                        311,             7.699925724189156 , 18             ,  106.14334470989762 ,                4
Random       ,               1.0,    220, CSG-f2   ,        140,       219,                       224,             5.545927209705372,                    10.0,          1,          8823,                        240,             5.942064867541471 , 16             ,  107.14285714285714 ,                4
Random       ,               1.0,    220, CGG      ,        120,       220,                       588,            14.558058925476603,                    10.0,          1,          8823,                        504,            12.478336221837088 , -84            ,   85.71428571428571 ,                9
Random       ,               2.0,    440, CSG-f1   ,        252,       440,                       409,            10.126268878435257,                    10.0,          1,          8823,                        430,            10.646199554345134 , 21             ,  105.13447432762837 ,                4
Random       ,               2.0,    440, CSG-f2   ,        244,       438,                       366,             9.061648923000742,                    10.0,          1,          8823,                        385,             9.532062391681109 , 19             ,  105.19125683060109 ,                4
Random       ,               2.0,    440, CGG      ,        285,       440,                       882,            21.837088388214905,                    10.0,          1,          8823,                        777,            19.23743500866551  , -105           ,   88.09523809523809 ,               10
Random       ,               5.0,   1100, CSG-f1   ,        487,      1099,                      1354,            33.52314929437979 ,                    10.0,          1,          8823,                       1357,            33.59742510522407  , 3              ,  100.22156573116692 ,               21
Random       ,               5.0,   1100, CSG-f2   ,        533,      1099,                      1553,            38.450111413716265,                    10.0,          1,          8823,                       1569,            38.846249071552364 , 16             ,  101.03026400515131 ,               27
Random       ,               5.0,   1100, CGG      ,        619,      1099,                      2519,            62.366922505570685,                    10.0,          1,          8823,                       1616,            40.00990344144591  , -903           ,   64.15244144501786 ,               18
Random       ,              10.0,   2201, CSG-f1   ,        869,      2196,                      2883,            71.37905422134192 ,                    10.0,          1,          8823,                       3056,            75.66229264669472  , 173            ,  106.00069372181756 ,               24
Random       ,              10.0,   2201, CSG-f2   ,        979,      2201,                      3095,            76.62787818767022 ,                    10.0,          1,          8823,                       3115,            77.12305025996534  , 20             ,  100.64620355411955 ,               18
Random       ,              10.0,   2201, CGG      ,        926,      2011,                      4039,           100.0              ,                    10.0,          1,          8823,                       3086,            76.40505075513741  , -953           ,   76.40505075513741 ,               32
Random       ,              20.0,   4402, CSG-f1   ,       1495,      4399,                      4012,            99.33151770240158 ,                    10.0,          1,          8823,                       4010,            99.28200049517207  , -2             ,   99.95014955134596 ,                5
Random       ,              20.0,   4402, CSG-f2   ,       1620,      4399,                      3963,            98.11834612527853 ,                    10.0,          1,          8823,                       3958,            97.99455310720475  , -5             ,   99.8738329548322  ,                5
Random       ,              20.0,   4402, CGG      ,        926,      2011,                      4039,           100.0              ,                    10.0,          1,          8823,                       3086,            76.40505075513741  , -953           ,   76.40505075513741 ,               32
Degree       ,               1.0,    892, CSG-f1   ,        117,       888,                       158,             3.911859371131468,                    10.0,          1,          8823,                        172,             4.258479821738054 , 14             ,  108.86075949367088 ,                6
Degree       ,               1.0,    892, CSG-f2   ,        209,       888,                       211,             5.224065362713543,                    10.0,          1,          8823,                        215,             5.323099777172567 , 4              ,  101.89573459715639 ,                1
Degree       ,               1.0,    892, CGG      ,        442,       891,                       555,            13.74102500618965 ,                    10.0,          1,          8823,                        550,            13.617231988115872 , -5             ,   99.09909909909909 ,               12
Degree       ,               2.0,   1784, CSG-f1   ,        177,      1766,                       368,             9.111166130230256,                    10.0,          1,          8823,                        379,             9.383510769992572 , 11             ,  102.98913043478262 ,                5
Degree       ,               2.0,   1784, CSG-f2   ,        261,      1781,                       264,             6.536271354295618,                    10.0,          1,          8823,                        271,             6.709581579598911 , 7              ,  102.65151515151516 ,                3
Degree       ,               2.0,   1784, CGG      ,        668,      1783,                       899,            22.25798464966576 ,                    10.0,          1,          8823,                        881,            21.81232978460015  , -18            ,   97.99777530589544 ,               12
Degree       ,               5.0,   4462, CSG-f1   ,        287,      4462,                       480,            11.884129735082942,                    10.0,          1,          8823,                        490,            12.131715771230503 , 10             ,  102.08333333333333 ,                5
Degree       ,               5.0,   4462, CSG-f2   ,        408,      4426,                       412,            10.200544689279525,                    10.0,          1,          8823,                        415,            10.274820500123793 , 3              ,  100.72815533980584 ,                1
Degree       ,               5.0,   4462, CGG      ,       1100,      4456,                      1411,            34.9343897004209  ,                    10.0,          1,          8823,                       1384,            34.265907402822485 , -27            ,   98.08646350106306 ,               12
Degree       ,              10.0,   8924, CSG-f1   ,        448,      8910,                       650,            16.093092349591483,                    10.0,          1,          8823,                        668,            16.538747214657093 , 18             ,  102.76923076923077 ,                5
Degree       ,              10.0,   8924, CSG-f2   ,        613,      8915,                       617,            15.276058430304532,                    10.0,          1,          8823,                        619,            15.325575637534042 , 2              ,  100.32414910858995 ,                1
Degree       ,              10.0,   8924, CGG      ,       1539,      8919,                      2405,            59.544441693488494,                    10.0,          1,          8823,                       2134,            52.83486011388958  , -271           ,   88.73180873180874 ,               17
Degree       ,              20.0,  17848, CSG-f1   ,        849,     17836,                      1853,            45.877692498143105,                    10.0,          1,          8823,                       1865,            46.17479574152018  , 12             ,  100.64759848893685 ,                8
Degree       ,              20.0,  17848, CSG-f2   ,       1075,     17802,                      1081,            26.764050507551374,                    10.0,          1,          8823,                       1083,            26.813567714780884 , 2              ,  100.18501387604071 ,                1
Degree       ,              20.0,  17848, CGG      ,       1982,     17817,                      3467,            85.83807873235949 ,                    10.0,          1,          8823,                       3075,            76.13270611537509  , -392           ,   88.69339486587829 ,               23
Random       ,               1.0,    220, CSG-f1   ,        146,       220,                       293,             7.254270859123546,                    10.0,          2,          8823,                        311,             7.699925724189156 , 18             ,  106.14334470989762 ,                4
Random       ,               1.0,    220, CSG-f2   ,        140,       219,                       224,             5.545927209705372,                    10.0,          2,          8823,                        240,             5.942064867541471 , 16             ,  107.14285714285714 ,                3
Random       ,               1.0,    220, CGG      ,        120,       220,                       588,            14.558058925476603,                    10.0,          2,          8823,                        555,            13.74102500618965  , -33            ,   94.38775510204081 ,                9
Random       ,               2.0,    440, CSG-f1   ,        252,       440,                       409,            10.126268878435257,                    10.0,          2,          8823,                        431,            10.670958157959891 , 22             ,  105.37897310513446 ,                4
Random       ,               2.0,    440, CSG-f2   ,        244,       438,                       366,             9.061648923000742,                    10.0,          2,          8823,                        385,             9.532062391681109 , 19             ,  105.19125683060109 ,                4
Random       ,               2.0,    440, CGG      ,        285,       440,                       882,            21.837088388214905,                    10.0,          2,          8823,                        825,            20.425847982173806 , -57            ,   93.5374149659864  ,                9
Random       ,               5.0,   1100, CSG-f1   ,        487,      1099,                      1354,            33.52314929437979 ,                    10.0,          2,          8823,                       1359,            33.646942312453575 , 5              ,  100.36927621861152 ,               12
Random       ,               5.0,   1100, CSG-f2   ,        533,      1099,                      1553,            38.450111413716265,                    10.0,          2,          8823,                       1078,            26.689774696707108 , -475           ,   69.41403734707019 ,               14
Random       ,               5.0,   1100, CGG      ,        619,      1099,                      2519,            62.366922505570685,                    10.0,          2,          8823,                       1815,            44.93686556078237  , -704           ,   72.0524017467249  ,               45
Random       ,              10.0,   2201, CSG-f1   ,        869,      2196,                      2883,            71.37905422134192 ,                    10.0,          2,          8823,                       2889,            71.52760584303046  , 6              ,  100.20811654526536 ,               11
Random       ,              10.0,   2201, CSG-f2   ,        979,      2201,                      3095,            76.62787818767022 ,                    10.0,          2,          8823,                       3112,            77.04877444912107  , 17             ,  100.54927302100161 ,               18
Random       ,              10.0,   2201, CGG      ,        926,      2011,                      4039,           100.0              ,                    10.0,          2,          8823,                       3048,            75.46422381777667  , -991           ,   75.46422381777667 ,               37
Random       ,              20.0,   4402, CSG-f1   ,       1495,      4399,                      4012,            99.33151770240158 ,                    10.0,          2,          8823,                       3997,            98.96013864818023  , -15            ,   99.6261216350947  ,                5
Random       ,              20.0,   4402, CSG-f2   ,       1620,      4399,                      3963,            98.11834612527853 ,                    10.0,          2,          8823,                       3953,            97.87076008913097  , -10            ,   99.74766590966439 ,                5
Random       ,              20.0,   4402, CGG      ,        926,      2011,                      4039,           100.0              ,                    10.0,          2,          8823,                       3048,            75.46422381777667  , -991           ,   75.46422381777667 ,               37
Degree       ,               1.0,    892, CSG-f1   ,        117,       888,                       158,             3.911859371131468,                    10.0,          2,          8823,                        170,             4.2089626145085415, 12             ,  107.59493670886076 ,                5
Degree       ,               1.0,    892, CSG-f2   ,        209,       888,                       211,             5.224065362713543,                    10.0,          2,          8823,                        218,             5.397375588016836 , 7              ,  103.3175355450237  ,                1
Degree       ,               1.0,    892, CGG      ,        442,       891,                       555,            13.74102500618965 ,                    10.0,          2,          8823,                        551,            13.641990591730627 , -4             ,   99.27927927927928 ,               13
Degree       ,               2.0,   1784, CSG-f1   ,        177,      1766,                       368,             9.111166130230256,                    10.0,          2,          8823,                        381,             9.433027977222084 , 13             ,  103.53260869565217 ,                6
Degree       ,               2.0,   1784, CSG-f2   ,        261,      1781,                       264,             6.536271354295618,                    10.0,          2,          8823,                        273,             6.759098786828423 , 9              ,  103.40909090909092 ,                1
Degree       ,               2.0,   1784, CGG      ,        668,      1783,                       899,            22.25798464966576 ,                    10.0,          2,          8823,                        846,            20.945778658083682 , -53            ,   94.10456062291435 ,               13
Degree       ,               5.0,   4462, CSG-f1   ,        287,      4462,                       480,            11.884129735082942,                    10.0,          2,          8823,                        494,            12.230750185689528 , 14             ,  102.91666666666666 ,                6
Degree       ,               5.0,   4462, CSG-f2   ,        408,      4426,                       412,            10.200544689279525,                    10.0,          2,          8823,                        419,            10.373854914582818 , 7              ,  101.6990291262136  ,                1
Degree       ,               5.0,   4462, CGG      ,       1100,      4456,                      1411,            34.9343897004209  ,                    10.0,          2,          8823,                       1362,            33.721218123297845 , -49            ,   96.52728561304039 ,               13
Degree       ,              10.0,   8924, CSG-f1   ,        448,      8910,                       650,            16.093092349591483,                    10.0,          2,          8823,                        670,            16.588264421886606 , 20             ,  103.07692307692307 ,                6
Degree       ,              10.0,   8924, CSG-f2   ,        613,      8915,                       617,            15.276058430304532,                    10.0,          2,          8823,                        626,            15.498885862837335 , 9              ,  101.45867098865477 ,                1
Degree       ,              10.0,   8924, CGG      ,       1539,      8919,                      2405,            59.544441693488494,                    10.0,          2,          8823,                       2136,            52.88437732111909  , -269           ,   88.81496881496882 ,               16
Degree       ,              20.0,  17848, CSG-f1   ,        849,     17836,                      1853,            45.877692498143105,                    10.0,          2,          8823,                       1863,            46.125278534290665 , 10             ,  100.53966540744739 ,                6
Degree       ,              20.0,  17848, CSG-f2   ,       1075,     17802,                      1081,            26.764050507551374,                    10.0,          2,          8823,                       1086,            26.887843525625154 , 5              ,  100.46253469010176 ,                1
Degree       ,              20.0,  17848, CGG      ,       1982,     17817,                      3467,            85.83807873235949 ,                    10.0,          2,          8823,                       3076,            76.15746471898986  , -391           ,   88.72223824632248 ,               23
Random       ,               1.0,    220, CSG-f1   ,        146,       220,                       293,             7.254270859123546,                    10.0,          3,          8823,                        305,             7.551374102500619 , 12             ,  104.09556313993174 ,                2
Random       ,               1.0,    220, CSG-f2   ,        140,       219,                       224,             5.545927209705372,                    10.0,          3,          8823,                        235,             5.81827184946769  , 11             ,  104.91071428571428 ,                2
Random       ,               1.0,    220, CGG      ,        120,       220,                       588,            14.558058925476603,                    10.0,          3,          8823,                        542,            13.419163159197822 , -46            ,   92.17687074829932 ,                9
Random       ,               2.0,    440, CSG-f1   ,        252,       440,                       409,            10.126268878435257,                    10.0,          3,          8823,                        421,            10.42337212181233  , 12             ,  102.93398533007334 ,                3
Random       ,               2.0,    440, CSG-f2   ,        244,       438,                       366,             9.061648923000742,                    10.0,          3,          8823,                        374,             9.259717751918792 , 8              ,  102.18579234972678 ,                2
Random       ,               2.0,    440, CGG      ,        285,       440,                       882,            21.837088388214905,                    10.0,          3,          8823,                        813,            20.12874473879673  , -69            ,   92.17687074829932 ,                9
Random       ,               5.0,   1100, CSG-f1   ,        487,      1099,                      1354,            33.52314929437979 ,                    10.0,          3,          8823,                       1360,            33.67170091606833  , 6              ,  100.44313146233384 ,               13
Random       ,               5.0,   1100, CSG-f2   ,        533,      1099,                      1553,            38.450111413716265,                    10.0,          3,          8823,                       1229,            30.42832384253528  , -324           ,   79.13715389568577 ,               12
Random       ,               5.0,   1100, CGG      ,        619,      1099,                      2519,            62.366922505570685,                    10.0,          3,          8823,                       1638,            40.55459272097054  , -881           ,   65.02580389043271 ,               26
Random       ,              10.0,   2201, CSG-f1   ,        869,      2196,                      2883,            71.37905422134192 ,                    10.0,          3,          8823,                       2972,            73.5825699430552   , 89             ,  103.08706208810267 ,               23
Random       ,              10.0,   2201, CSG-f2   ,        979,      2201,                      3095,            76.62787818767022 ,                    10.0,          3,          8823,                       3123,            77.32111908888338  , 28             ,  100.90468497576737 ,               18
Random       ,              10.0,   2201, CGG      ,        926,      2011,                      4039,           100.0              ,                    10.0,          3,          8823,                       2378,            58.87595939589008  , -1661          ,   58.87595939589008 ,               23
Random       ,              20.0,   4402, CSG-f1   ,       1495,      4399,                      4012,            99.33151770240158 ,                    10.0,          3,          8823,                       4020,            99.52958653131964  , 8              ,  100.19940179461615 ,                6
Random       ,              20.0,   4402, CSG-f2   ,       1620,      4399,                      3963,            98.11834612527853 ,                    10.0,          3,          8823,                       3955,            97.92027729636048  , -8             ,   99.79813272773151 ,                4
Random       ,              20.0,   4402, CGG      ,        926,      2011,                      4039,           100.0              ,                    10.0,          3,          8823,                       2378,            58.87595939589008  , -1661          ,   58.87595939589008 ,               23
Degree       ,               1.0,    892, CSG-f1   ,        117,       888,                       158,             3.911859371131468,                    10.0,          3,          8823,                        168,             4.15944540727903  , 10             ,  106.32911392405062 ,                7
Degree       ,               1.0,    892, CSG-f2   ,        209,       888,                       211,             5.224065362713543,                    10.0,          3,          8823,                        216,             5.347858380787324 , 5              ,  102.36966824644549 ,                1
Degree       ,               1.0,    892, CGG      ,        442,       891,                       555,            13.74102500618965 ,                    10.0,          3,          8823,                        554,            13.716266402574895 , -1             ,   99.81981981981983 ,               13
Degree       ,               2.0,   1784, CSG-f1   ,        177,      1766,                       368,             9.111166130230256,                    10.0,          3,          8823,                        378,             9.358752166377817 , 10             ,  102.71739130434783 ,                6
Degree       ,               2.0,   1784, CSG-f2   ,        261,      1781,                       264,             6.536271354295618,                    10.0,          3,          8823,                        269,             6.660064372369398 , 5              ,  101.8939393939394  ,                1
Degree       ,               2.0,   1784, CGG      ,        668,      1783,                       899,            22.25798464966576 ,                    10.0,          3,          8823,                        868,            21.49046793760832  , -31            ,   96.55172413793103 ,               13
Degree       ,               5.0,   4462, CSG-f1   ,        287,      4462,                       480,            11.884129735082942,                    10.0,          3,          8823,                        491,            12.156474374845258 , 11             ,  102.29166666666667 ,                6
Degree       ,               5.0,   4462, CSG-f2   ,        408,      4426,                       412,            10.200544689279525,                    10.0,          3,          8823,                        416,            10.299579103738548 , 4              ,  100.97087378640776 ,                2
Degree       ,               5.0,   4462, CGG      ,       1100,      4456,                      1411,            34.9343897004209  ,                    10.0,          3,          8823,                       1371,            33.94404555583065  , -40            ,   97.16513111268604 ,               13
Degree       ,              10.0,   8924, CSG-f1   ,        448,      8910,                       650,            16.093092349591483,                    10.0,          3,          8823,                        672,            16.63778162911612  , 22             ,  103.38461538461539 ,                6
Degree       ,              10.0,   8924, CSG-f2   ,        613,      8915,                       617,            15.276058430304532,                    10.0,          3,          8823,                        621,            15.375092844763556 , 4              ,  100.64829821717991 ,                2
Degree       ,              10.0,   8924, CGG      ,       1539,      8919,                      2405,            59.544441693488494,                    10.0,          3,          8823,                       2297,            56.87051250309483  , -108           ,   95.50935550935552 ,               23
Degree       ,              20.0,  17848, CSG-f1   ,        849,     17836,                      1853,            45.877692498143105,                    10.0,          3,          8823,                       1863,            46.125278534290665 , 10             ,  100.53966540744739 ,                7
Degree       ,              20.0,  17848, CSG-f2   ,       1075,     17802,                      1081,            26.764050507551374,                    10.0,          3,          8823,                       1086,            26.887843525625154 , 5              ,  100.46253469010176 ,                2
Degree       ,              20.0,  17848, CGG      ,       1982,     17817,                      3467,            85.83807873235949 ,                    10.0,          3,          8823,                       3297,            81.62911611785096  , -170           ,   95.09662532448803 ,               43
Random       ,               1.0,    220, CSG-f1   ,        146,       220,                       293,             7.254270859123546,                    10.0,          4,          8823,                        309,             7.650408516959644 , 16             ,  105.46075085324232 ,                3
Random       ,               1.0,    220, CSG-f2   ,        140,       219,                       224,             5.545927209705372,                    10.0,          4,          8823,                        234,             5.793513245852934 , 10             ,  104.46428571428572 ,                3
Random       ,               1.0,    220, CGG      ,        120,       220,                       588,            14.558058925476603,                    10.0,          4,          8823,                        527,            13.04778410497648  , -61            ,   89.62585034013605 ,               10
Random       ,               2.0,    440, CSG-f1   ,        252,       440,                       409,            10.126268878435257,                    10.0,          4,          8823,                        426,            10.547165139886111 , 17             ,  104.15647921760392 ,                2
Random       ,               2.0,    440, CSG-f2   ,        244,       438,                       366,             9.061648923000742,                    10.0,          4,          8823,                        386,             9.556820995295865 , 20             ,  105.46448087431695 ,                3
Random       ,               2.0,    440, CGG      ,        285,       440,                       882,            21.837088388214905,                    10.0,          4,          8823,                        789,            19.534538252042584 , -93            ,   89.45578231292517 ,               11
Random       ,               5.0,   1100, CSG-f1   ,        487,      1099,                      1354,            33.52314929437979 ,                    10.0,          4,          8823,                       1382,            34.216390195592965 , 28             ,  102.0679468242245  ,               15
Random       ,               5.0,   1100, CSG-f2   ,        533,      1099,                      1553,            38.450111413716265,                    10.0,          4,          8823,                       1565,            38.74721465709334  , 12             ,  100.77269800386348 ,               24
Random       ,               5.0,   1100, CGG      ,        619,      1099,                      2519,            62.366922505570685,                    10.0,          4,          8823,                       1699,            42.06486754147066  , -820           ,   67.44739976181025 ,               23
Random       ,              10.0,   2201, CSG-f1   ,        869,      2196,                      2883,            71.37905422134192 ,                    10.0,          4,          8823,                       2985,            73.90443179004704  , 102            ,  103.53798126951092 ,               18
Random       ,              10.0,   2201, CSG-f2   ,        979,      2201,                      3095,            76.62787818767022 ,                    10.0,          4,          8823,                       3122,            77.29636048526864  , 27             ,  100.87237479806139 ,               17
Random       ,              10.0,   2201, CGG      ,        926,      2011,                      4039,           100.0              ,                    10.0,          4,          8823,                       2532,            62.68878435256252  , -1507          ,   62.68878435256252 ,               22
Random       ,              20.0,   4402, CSG-f1   ,       1495,      4399,                      4012,            99.33151770240158 ,                    10.0,          4,          8823,                       4009,            99.25724189155731  , -3             ,   99.92522432701895 ,                6
Random       ,              20.0,   4402, CSG-f2   ,       1620,      4399,                      3963,            98.11834612527853 ,                    10.0,          4,          8823,                       3965,            98.16786333250805  , 2              ,  100.05046681806714 ,                4
Random       ,              20.0,   4402, CGG      ,        926,      2011,                      4039,           100.0              ,                    10.0,          4,          8823,                       2532,            62.68878435256252  , -1507          ,   62.68878435256252 ,               22
Degree       ,               1.0,    892, CSG-f1   ,        117,       888,                       158,             3.911859371131468,                    10.0,          4,          8823,                        176,             4.357514236197078 , 18             ,  111.39240506329114 ,                5
Degree       ,               1.0,    892, CSG-f2   ,        209,       888,                       211,             5.224065362713543,                    10.0,          4,          8823,                        214,             5.298341173557811 , 3              ,  101.4218009478673  ,                1
Degree       ,               1.0,    892, CGG      ,        442,       891,                       555,            13.74102500618965 ,                    10.0,          4,          8823,                        552,            13.666749195345382 , -3             ,   99.45945945945947 ,               13
Degree       ,               2.0,   1784, CSG-f1   ,        177,      1766,                       368,             9.111166130230256,                    10.0,          4,          8823,                        380,             9.408269373607329 , 12             ,  103.26086956521738 ,                6
Degree       ,               2.0,   1784, CSG-f2   ,        261,      1781,                       264,             6.536271354295618,                    10.0,          4,          8823,                        267,             6.610547165139886 , 3              ,  101.13636363636364 ,                1
Degree       ,               2.0,   1784, CGG      ,        668,      1783,                       899,            22.25798464966576 ,                    10.0,          4,          8823,                        875,            21.663778162911612 , -24            ,   97.33036707452726 ,               13
Degree       ,               5.0,   4462, CSG-f1   ,        287,      4462,                       480,            11.884129735082942,                    10.0,          4,          8823,                        500,            12.379301807378065 , 20             ,  104.16666666666667 ,                6
Degree       ,               5.0,   4462, CSG-f2   ,        408,      4426,                       412,            10.200544689279525,                    10.0,          4,          8823,                        412,            10.200544689279525 , 0              ,  100.0              ,                1
Degree       ,               5.0,   4462, CGG      ,       1100,      4456,                      1411,            34.9343897004209  ,                    10.0,          4,          8823,                       1383,            34.24114879920773  , -28            ,   98.01559177888024 ,               13
Degree       ,              10.0,   8924, CSG-f1   ,        448,      8910,                       650,            16.093092349591483,                    10.0,          4,          8823,                        670,            16.588264421886606 , 20             ,  103.07692307692307 ,                6
Degree       ,              10.0,   8924, CSG-f2   ,        613,      8915,                       617,            15.276058430304532,                    10.0,          4,          8823,                        618,            15.300817033919287 , 1              ,  100.16207455429497 ,                1
Degree       ,              10.0,   8924, CGG      ,       1539,      8919,                      2405,            59.544441693488494,                    10.0,          4,          8823,                       2291,            56.72196088140629  , -114           ,   95.25987525987526 ,               29
Degree       ,              20.0,  17848, CSG-f1   ,        849,     17836,                      1853,            45.877692498143105,                    10.0,          4,          8823,                       1870,            46.29858875959396  , 17             ,  100.91743119266054 ,                7
Degree       ,              20.0,  17848, CSG-f2   ,       1075,     17802,                      1081,            26.764050507551374,                    10.0,          4,          8823,                       1079,            26.714533300321865 , -2             ,   99.81498612395929 ,                1
Degree       ,              20.0,  17848, CGG      ,       1982,     17817,                      3467,            85.83807873235949 ,                    10.0,          4,          8823,                       3092,            76.55360237682595  , -375           ,   89.18373233342948 ,               20
Random       ,               1.0,    220, CSG-f1   ,        146,       220,                       293,             7.254270859123546,                    10.0,          5,          8823,                        322,             7.9722703639514725, 29             ,  109.8976109215017  ,                3
Random       ,               1.0,    220, CSG-f2   ,        140,       219,                       224,             5.545927209705372,                    10.0,          5,          8823,                        245,             6.065857885615252 , 21             ,  109.375            ,                3
Random       ,               1.0,    220, CGG      ,        120,       220,                       588,            14.558058925476603,                    10.0,          5,          8823,                        550,            13.617231988115872 , -38            ,   93.5374149659864  ,               10
Random       ,               2.0,    440, CSG-f1   ,        252,       440,                       409,            10.126268878435257,                    10.0,          5,          8823,                        434,            10.74523396880416  , 25             ,  106.1124694376528  ,                3
Random       ,               2.0,    440, CSG-f2   ,        244,       438,                       366,             9.061648923000742,                    10.0,          5,          8823,                        391,             9.680614013369645 , 25             ,  106.83060109289617 ,                3
Random       ,               2.0,    440, CGG      ,        285,       440,                       882,            21.837088388214905,                    10.0,          5,          8823,                        833,            20.623916811091856 , -49            ,   94.44444444444444 ,               10
Random       ,               5.0,   1100, CSG-f1   ,        487,      1099,                      1354,            33.52314929437979 ,                    10.0,          5,          8823,                       1382,            34.216390195592965 , 28             ,  102.0679468242245  ,               14
Random       ,               5.0,   1100, CSG-f2   ,        533,      1099,                      1553,            38.450111413716265,                    10.0,          5,          8823,                       1552,            38.42535281010151  , -1             ,   99.93560849967804 ,               23
Random       ,               5.0,   1100, CGG      ,        619,      1099,                      2519,            62.366922505570685,                    10.0,          5,          8823,                       1972,            48.823966328299086 , -547           ,   78.28503374354902 ,               40
Random       ,              10.0,   2201, CSG-f1   ,        869,      2196,                      2883,            71.37905422134192 ,                    10.0,          5,          8823,                       2978,            73.73112156474375  , 95             ,  103.29517863336801 ,               18
Random       ,              10.0,   2201, CSG-f2   ,        979,      2201,                      3095,            76.62787818767022 ,                    10.0,          5,          8823,                       3104,            76.85070562020302  , 9              ,  100.2907915993538  ,               12
Random       ,              10.0,   2201, CGG      ,        926,      2011,                      4039,           100.0              ,                    10.0,          5,          8823,                       3319,            82.17380539737559  , -720           ,   82.17380539737559 ,               43
Random       ,              20.0,   4402, CSG-f1   ,       1495,      4399,                      4012,            99.33151770240158 ,                    10.0,          5,          8823,                       4015,            99.40579351324585  , 3              ,  100.07477567298106 ,                6
Random       ,              20.0,   4402, CSG-f2   ,       1620,      4399,                      3963,            98.11834612527853 ,                    10.0,          5,          8823,                       3972,            98.34117355781133  , 9              ,  100.22710068130205 ,                6
Random       ,              20.0,   4402, CGG      ,        926,      2011,                      4039,           100.0              ,                    10.0,          5,          8823,                       3319,            82.17380539737559  , -720           ,   82.17380539737559 ,               43
Degree       ,               1.0,    892, CSG-f1   ,        117,       888,                       158,             3.911859371131468,                    10.0,          5,          8823,                        162,             4.0108937855904925, 4              ,  102.53164556962024 ,                3
Degree       ,               1.0,    892, CSG-f2   ,        209,       888,                       211,             5.224065362713543,                    10.0,          5,          8823,                        216,             5.347858380787324 , 5              ,  102.36966824644549 ,                1
Degree       ,               1.0,    892, CGG      ,        442,       891,                       555,            13.74102500618965 ,                    10.0,          5,          8823,                        518,            12.824956672443674 , -37            ,   93.33333333333333 ,                3
Degree       ,               2.0,   1784, CSG-f1   ,        177,      1766,                       368,             9.111166130230256,                    10.0,          5,          8823,                        384,             9.507303788066352 , 16             ,  104.34782608695652 ,                6
Degree       ,               2.0,   1784, CSG-f2   ,        261,      1781,                       264,             6.536271354295618,                    10.0,          5,          8823,                        270,             6.684822975984154 , 6              ,  102.27272727272727 ,                1
Degree       ,               2.0,   1784, CGG      ,        668,      1783,                       899,            22.25798464966576 ,                    10.0,          5,          8823,                        833,            20.623916811091856 , -66            ,   92.65850945494995 ,               10
Degree       ,               5.0,   4462, CSG-f1   ,        287,      4462,                       480,            11.884129735082942,                    10.0,          5,          8823,                        503,            12.453577618222331 , 23             ,  104.79166666666666 ,                6
Degree       ,               5.0,   4462, CSG-f2   ,        408,      4426,                       412,            10.200544689279525,                    10.0,          5,          8823,                        415,            10.274820500123793 , 3              ,  100.72815533980584 ,                1
Degree       ,               5.0,   4462, CGG      ,       1100,      4456,                      1411,            34.9343897004209  ,                    10.0,          5,          8823,                       1362,            33.721218123297845 , -49            ,   96.52728561304039 ,                9
Degree       ,              10.0,   8924, CSG-f1   ,        448,      8910,                       650,            16.093092349591483,                    10.0,          5,          8823,                        671,            16.613023025501363 , 21             ,  103.23076923076924 ,                6
Degree       ,              10.0,   8924, CSG-f2   ,        613,      8915,                       617,            15.276058430304532,                    10.0,          5,          8823,                        619,            15.325575637534042 , 2              ,  100.32414910858995 ,                1
Degree       ,              10.0,   8924, CGG      ,       1539,      8919,                      2405,            59.544441693488494,                    10.0,          5,          8823,                       2137,            52.90913592473384  , -268           ,   88.85654885654886 ,               14
Degree       ,              20.0,  17848, CSG-f1   ,        849,     17836,                      1853,            45.877692498143105,                    10.0,          5,          8823,                       1873,            46.372864570438225 , 20             ,  101.07933081489477 ,                6
Degree       ,              20.0,  17848, CSG-f2   ,       1075,     17802,                      1081,            26.764050507551374,                    10.0,          5,          8823,                       1083,            26.813567714780884 , 2              ,  100.18501387604071 ,                1
Degree       ,              20.0,  17848, CGG      ,       1982,     17817,                      3467,            85.83807873235949 ,                    10.0,          5,          8823,                       3349,            82.91656350581827  , -118           ,   96.5964811075858  ,               40
Random       ,               1.0,    220, CSG-f1   ,        146,       220,                       293,             7.254270859123546,                    10.0,          6,          8823,                        312,             7.724684327803912 , 19             ,  106.48464163822527 ,                4
Random       ,               1.0,    220, CSG-f2   ,        140,       219,                       224,             5.545927209705372,                    10.0,          6,          8823,                        238,             5.892547660311958 , 14             ,  106.25             ,                4
Random       ,               1.0,    220, CGG      ,        120,       220,                       588,            14.558058925476603,                    10.0,          6,          8823,                        496,            12.28026739291904  , -92            ,   84.35374149659864 ,                7
Random       ,               2.0,    440, CSG-f1   ,        252,       440,                       409,            10.126268878435257,                    10.0,          6,          8823,                        430,            10.646199554345134 , 21             ,  105.13447432762837 ,                4
Random       ,               2.0,    440, CSG-f2   ,        244,       438,                       366,             9.061648923000742,                    10.0,          6,          8823,                        381,             9.433027977222084 , 15             ,  104.0983606557377  ,                4
Random       ,               2.0,    440, CGG      ,        285,       440,                       882,            21.837088388214905,                    10.0,          6,          8823,                        763,            18.890814558058924 , -119           ,   86.5079365079365  ,                9
Random       ,               5.0,   1100, CSG-f1   ,        487,      1099,                      1354,            33.52314929437979 ,                    10.0,          6,          8823,                       1362,            33.721218123297845 , 8              ,  100.59084194977844 ,               15
Random       ,               5.0,   1100, CSG-f2   ,        533,      1099,                      1553,            38.450111413716265,                    10.0,          6,          8823,                       1416,            35.05818271849468  , -137           ,   91.17836445589182 ,               20
Random       ,               5.0,   1100, CGG      ,        619,      1099,                      2519,            62.366922505570685,                    10.0,          6,          8823,                       1689,            41.8172815053231   , -830           ,   67.05041683207622 ,               24
Random       ,              10.0,   2201, CSG-f1   ,        869,      2196,                      2883,            71.37905422134192 ,                    10.0,          6,          8823,                       2901,            71.82470908640752  , 18             ,  100.62434963579605 ,               10
Random       ,              10.0,   2201, CSG-f2   ,        979,      2201,                      3095,            76.62787818767022 ,                    10.0,          6,          8823,                       3156,            78.13815300817033  , 61             ,  101.97092084006462 ,               18
Random       ,              10.0,   2201, CGG      ,        926,      2011,                      4039,           100.0              ,                    10.0,          6,          8823,                       3265,            80.83684080217876  , -774           ,   80.83684080217876 ,               39
Random       ,              20.0,   4402, CSG-f1   ,       1495,      4399,                      4012,            99.33151770240158 ,                    10.0,          6,          8823,                       4012,            99.33151770240158  , 0              ,  100.0              ,                6
Random       ,              20.0,   4402, CSG-f2   ,       1620,      4399,                      3963,            98.11834612527853 ,                    10.0,          6,          8823,                       3955,            97.92027729636048  , -8             ,   99.79813272773151 ,                4
Random       ,              20.0,   4402, CGG      ,        926,      2011,                      4039,           100.0              ,                    10.0,          6,          8823,                       3265,            80.83684080217876  , -774           ,   80.83684080217876 ,               39
Degree       ,               1.0,    892, CSG-f1   ,        117,       888,                       158,             3.911859371131468,                    10.0,          6,          8823,                        156,             3.862342163901956 , -2             ,   98.73417721518987 ,                3
Degree       ,               1.0,    892, CSG-f2   ,        209,       888,                       211,             5.224065362713543,                    10.0,          6,          8823,                        215,             5.323099777172567 , 4              ,  101.89573459715639 ,                2
Degree       ,               1.0,    892, CGG      ,        442,       891,                       555,            13.74102500618965 ,                    10.0,          6,          8823,                        543,            13.443921762812577 , -12            ,   97.83783783783784 ,               12
Degree       ,               2.0,   1784, CSG-f1   ,        177,      1766,                       368,             9.111166130230256,                    10.0,          6,          8823,                        372,             9.21020054468928  , 4              ,  101.08695652173914 ,                6
Degree       ,               2.0,   1784, CSG-f2   ,        261,      1781,                       264,             6.536271354295618,                    10.0,          6,          8823,                        269,             6.660064372369398 , 5              ,  101.8939393939394  ,                2
Degree       ,               2.0,   1784, CGG      ,        668,      1783,                       899,            22.25798464966576 ,                    10.0,          6,          8823,                        868,            21.49046793760832  , -31            ,   96.55172413793103 ,               12
Degree       ,               5.0,   4462, CSG-f1   ,        287,      4462,                       480,            11.884129735082942,                    10.0,          6,          8823,                        493,            12.205991582074772 , 13             ,  102.70833333333333 ,                6
Degree       ,               5.0,   4462, CSG-f2   ,        408,      4426,                       412,            10.200544689279525,                    10.0,          6,          8823,                        414,            10.250061896509036 , 2              ,  100.48543689320388 ,                2
Degree       ,               5.0,   4462, CGG      ,       1100,      4456,                      1411,            34.9343897004209  ,                    10.0,          6,          8823,                       1397,            34.58776924981431  , -14            ,   99.0077958894401  ,               12
Degree       ,              10.0,   8924, CSG-f1   ,        448,      8910,                       650,            16.093092349591483,                    10.0,          6,          8823,                        657,            16.266402574894776 , 7              ,  101.07692307692308 ,                6
Degree       ,              10.0,   8924, CSG-f2   ,        613,      8915,                       617,            15.276058430304532,                    10.0,          6,          8823,                        619,            15.325575637534042 , 2              ,  100.32414910858995 ,                2
Degree       ,              10.0,   8924, CGG      ,       1539,      8919,                      2405,            59.544441693488494,                    10.0,          6,          8823,                       2166,            53.62713542956177  , -239           ,   90.06237006237006 ,               18
Degree       ,              20.0,  17848, CSG-f1   ,        849,     17836,                      1853,            45.877692498143105,                    10.0,          6,          8823,                       1861,            46.07576132706115  , 8              ,  100.4317323259579  ,                7
Degree       ,              20.0,  17848, CSG-f2   ,       1075,     17802,                      1081,            26.764050507551374,                    10.0,          6,          8823,                       1082,            26.788809111166128 , 1              ,  100.09250693802034 ,                2
Degree       ,              20.0,  17848, CGG      ,       1982,     17817,                      3467,            85.83807873235949 ,                    10.0,          6,          8823,                       3391,            83.95642485763804  , -76            ,   97.80790308624171 ,               35
Random       ,               1.0,    220, CSG-f1   ,        146,       220,                       293,             7.254270859123546,                    10.0,          7,          8823,                        304,             7.526615498885862 , 11             ,  103.75426621160409 ,                3
Random       ,               1.0,    220, CSG-f2   ,        140,       219,                       224,             5.545927209705372,                    10.0,          7,          8823,                        236,             5.843030453082446 , 12             ,  105.35714285714286 ,                3
Random       ,               1.0,    220, CGG      ,        120,       220,                       588,            14.558058925476603,                    10.0,          7,          8823,                        530,            13.122059915820747 , -58            ,   90.1360544217687  ,                9
Random       ,               2.0,    440, CSG-f1   ,        252,       440,                       409,            10.126268878435257,                    10.0,          7,          8823,                        420,            10.398613518197573 , 11             ,  102.68948655256725 ,                3
Random       ,               2.0,    440, CSG-f2   ,        244,       438,                       366,             9.061648923000742,                    10.0,          7,          8823,                        379,             9.383510769992572 , 13             ,  103.55191256830601 ,                3
Random       ,               2.0,    440, CGG      ,        285,       440,                       882,            21.837088388214905,                    10.0,          7,          8823,                        810,            20.054468927952463 , -72            ,   91.83673469387756 ,                9
Random       ,               5.0,   1100, CSG-f1   ,        487,      1099,                      1354,            33.52314929437979 ,                    10.0,          7,          8823,                       1347,            33.3498390690765   , -7             ,   99.48301329394387 ,               15
Random       ,               5.0,   1100, CSG-f2   ,        533,      1099,                      1553,            38.450111413716265,                    10.0,          7,          8823,                       1209,            29.93315177024016  , -344           ,   77.84932388924662 ,               14
Random       ,               5.0,   1100, CGG      ,        619,      1099,                      2519,            62.366922505570685,                    10.0,          7,          8823,                       1693,            41.91631591978213  , -826           ,   67.20921000396983 ,               19
Random       ,              10.0,   2201, CSG-f1   ,        869,      2196,                      2883,            71.37905422134192 ,                    10.0,          7,          8823,                       2949,            73.01312205991583  , 66             ,  102.28928199791882 ,               19
Random       ,              10.0,   2201, CSG-f2   ,        979,      2201,                      3095,            76.62787818767022 ,                    10.0,          7,          8823,                       3129,            77.46967071057192  , 34             ,  101.09854604200324 ,               14
Random       ,              10.0,   2201, CGG      ,        926,      2011,                      4039,           100.0              ,                    10.0,          7,          8823,                       3086,            76.40505075513741  , -953           ,   76.40505075513741 ,               41
Random       ,              20.0,   4402, CSG-f1   ,       1495,      4399,                      4012,            99.33151770240158 ,                    10.0,          7,          8823,                       4013,            99.35627630601634  , 1              ,  100.02492522432702 ,                7
Random       ,              20.0,   4402, CSG-f2   ,       1620,      4399,                      3963,            98.11834612527853 ,                    10.0,          7,          8823,                       3975,            98.4154493686556   , 12             ,  100.30280090840273 ,                7
Random       ,              20.0,   4402, CGG      ,        926,      2011,                      4039,           100.0              ,                    10.0,          7,          8823,                       3086,            76.40505075513741  , -953           ,   76.40505075513741 ,               41
Degree       ,               1.0,    892, CSG-f1   ,        117,       888,                       158,             3.911859371131468,                    10.0,          7,          8823,                        175,             4.332755632582322 , 17             ,  110.75949367088607 ,                6
Degree       ,               1.0,    892, CSG-f2   ,        209,       888,                       211,             5.224065362713543,                    10.0,          7,          8823,                        216,             5.347858380787324 , 5              ,  102.36966824644549 ,                1
Degree       ,               1.0,    892, CGG      ,        442,       891,                       555,            13.74102500618965 ,                    10.0,          7,          8823,                        550,            13.617231988115872 , -5             ,   99.09909909909909 ,               15
Degree       ,               2.0,   1784, CSG-f1   ,        177,      1766,                       368,             9.111166130230256,                    10.0,          7,          8823,                        378,             9.358752166377817 , 10             ,  102.71739130434783 ,                6
Degree       ,               2.0,   1784, CSG-f2   ,        261,      1781,                       264,             6.536271354295618,                    10.0,          7,          8823,                        269,             6.660064372369398 , 5              ,  101.8939393939394  ,                1
Degree       ,               2.0,   1784, CGG      ,        668,      1783,                       899,            22.25798464966576 ,                    10.0,          7,          8823,                        861,            21.317157712305026 , -38            ,   95.77308120133482 ,               15
Degree       ,               5.0,   4462, CSG-f1   ,        287,      4462,                       480,            11.884129735082942,                    10.0,          7,          8823,                        496,            12.28026739291904  , 16             ,  103.33333333333334 ,                6
Degree       ,               5.0,   4462, CSG-f2   ,        408,      4426,                       412,            10.200544689279525,                    10.0,          7,          8823,                        417,            10.324337707353305 , 5              ,  101.21359223300972 ,                2
Degree       ,               5.0,   4462, CGG      ,       1100,      4456,                      1411,            34.9343897004209  ,                    10.0,          7,          8823,                       1373,            33.99356276306016  , -38            ,   97.30687455705174 ,               15
Degree       ,              10.0,   8924, CSG-f1   ,        448,      8910,                       650,            16.093092349591483,                    10.0,          7,          8823,                        663,            16.414954196583313 , 13             ,  102.0              ,                6
Degree       ,              10.0,   8924, CSG-f2   ,        613,      8915,                       617,            15.276058430304532,                    10.0,          7,          8823,                        620,            15.3503342411488   , 3              ,  100.48622366288494 ,                2
Degree       ,              10.0,   8924, CGG      ,       1539,      8919,                      2405,            59.544441693488494,                    10.0,          7,          8823,                       2154,            53.330032186184695 , -251           ,   89.56340956340956 ,               16
Degree       ,              20.0,  17848, CSG-f1   ,        849,     17836,                      1853,            45.877692498143105,                    10.0,          7,          8823,                       1865,            46.17479574152018  , 12             ,  100.64759848893685 ,                7
Degree       ,              20.0,  17848, CSG-f2   ,       1075,     17802,                      1081,            26.764050507551374,                    10.0,          7,          8823,                       1085,            26.8630849220104   , 4              ,  100.37002775208141 ,                2
Degree       ,              20.0,  17848, CGG      ,       1982,     17817,                      3467,            85.83807873235949 ,                    10.0,          7,          8823,                       3205,            79.3513245852934   , -262           ,   92.44303432362273 ,               23
Random       ,               1.0,    220, CSG-f1   ,        146,       220,                       293,             7.254270859123546,                    10.0,          8,          8823,                        308,             7.625649913344887 , 15             ,  105.11945392491468 ,                4
Random       ,               1.0,    220, CSG-f2   ,        140,       219,                       224,             5.545927209705372,                    10.0,          8,          8823,                        233,             5.768754642238178 , 9              ,  104.01785714285714 ,                4
Random       ,               1.0,    220, CGG      ,        120,       220,                       588,            14.558058925476603,                    10.0,          8,          8823,                        549,            13.592473384501114 , -39            ,   93.36734693877551 ,                8
Random       ,               2.0,    440, CSG-f1   ,        252,       440,                       409,            10.126268878435257,                    10.0,          8,          8823,                        427,            10.571923743500866 , 18             ,  104.40097799511004 ,                4
Random       ,               2.0,    440, CSG-f2   ,        244,       438,                       366,             9.061648923000742,                    10.0,          8,          8823,                        384,             9.507303788066352 , 18             ,  104.91803278688525 ,                4
Random       ,               2.0,    440, CGG      ,        285,       440,                       882,            21.837088388214905,                    10.0,          8,          8823,                        809,            20.029710324337707 , -73            ,   91.72335600907029 ,                8
Random       ,               5.0,   1100, CSG-f1   ,        487,      1099,                      1354,            33.52314929437979 ,                    10.0,          8,          8823,                       1511,            37.41025006189651  , 157            ,  111.59527326440177 ,               25
Random       ,               5.0,   1100, CSG-f2   ,        533,      1099,                      1553,            38.450111413716265,                    10.0,          8,          8823,                       1572,            38.920524882396634 , 19             ,  101.22343850611719 ,               21
Random       ,               5.0,   1100, CGG      ,        619,      1099,                      2519,            62.366922505570685,                    10.0,          8,          8823,                       1780,            44.0703144342659   , -739           ,   70.66296149265582 ,               30
Random       ,              10.0,   2201, CSG-f1   ,        869,      2196,                      2883,            71.37905422134192 ,                    10.0,          8,          8823,                       2900,            71.79995048279278  , 17             ,  100.5896635449185  ,               10
Random       ,              10.0,   2201, CSG-f2   ,        979,      2201,                      3095,            76.62787818767022 ,                    10.0,          8,          8823,                       3110,            76.99925724189156  , 15             ,  100.48465266558966 ,               16
Random       ,              10.0,   2201, CGG      ,        926,      2011,                      4039,           100.0              ,                    10.0,          8,          8823,                       3153,            78.06387719732606  , -886           ,   78.06387719732606 ,               36
Random       ,              20.0,   4402, CSG-f1   ,       1495,      4399,                      4012,            99.33151770240158 ,                    10.0,          8,          8823,                       4015,            99.40579351324585  , 3              ,  100.07477567298106 ,                6
Random       ,              20.0,   4402, CSG-f2   ,       1620,      4399,                      3963,            98.11834612527853 ,                    10.0,          8,          8823,                       3969,            98.26689774696708  , 6              ,  100.15140045420137 ,                6
Random       ,              20.0,   4402, CGG      ,        926,      2011,                      4039,           100.0              ,                    10.0,          8,          8823,                       3153,            78.06387719732606  , -886           ,   78.06387719732606 ,               36
Degree       ,               1.0,    892, CSG-f1   ,        117,       888,                       158,             3.911859371131468,                    10.0,          8,          8823,                        176,             4.357514236197078 , 18             ,  111.39240506329114 ,                5
Degree       ,               1.0,    892, CSG-f2   ,        209,       888,                       211,             5.224065362713543,                    10.0,          8,          8823,                        214,             5.298341173557811 , 3              ,  101.4218009478673  ,                1
Degree       ,               1.0,    892, CGG      ,        442,       891,                       555,            13.74102500618965 ,                    10.0,          8,          8823,                        512,            12.676405050755138 , -43            ,   92.25225225225225 ,                2
Degree       ,               2.0,   1784, CSG-f1   ,        177,      1766,                       368,             9.111166130230256,                    10.0,          8,          8823,                        383,             9.482545184451597 , 15             ,  104.07608695652173 ,                5
Degree       ,               2.0,   1784, CSG-f2   ,        261,      1781,                       264,             6.536271354295618,                    10.0,          8,          8823,                        270,             6.684822975984154 , 6              ,  102.27272727272727 ,                3
Degree       ,               2.0,   1784, CGG      ,        668,      1783,                       899,            22.25798464966576 ,                    10.0,          8,          8823,                        815,            20.178261946026243 , -84            ,   90.65628476084538 ,                7
Degree       ,               5.0,   4462, CSG-f1   ,        287,      4462,                       480,            11.884129735082942,                    10.0,          8,          8823,                        503,            12.453577618222331 , 23             ,  104.79166666666666 ,                5
Degree       ,               5.0,   4462, CSG-f2   ,        408,      4426,                       412,            10.200544689279525,                    10.0,          8,          8823,                        415,            10.274820500123793 , 3              ,  100.72815533980584 ,                1
Degree       ,               5.0,   4462, CGG      ,       1100,      4456,                      1411,            34.9343897004209  ,                    10.0,          8,          8823,                       1350,            33.42411487992077  , -61            ,   95.67682494684621 ,                8
Degree       ,              10.0,   8924, CSG-f1   ,        448,      8910,                       650,            16.093092349591483,                    10.0,          8,          8823,                        671,            16.613023025501363 , 21             ,  103.23076923076924 ,                5
Degree       ,              10.0,   8924, CSG-f2   ,        613,      8915,                       617,            15.276058430304532,                    10.0,          8,          8823,                        620,            15.3503342411488   , 3              ,  100.48622366288494 ,                1
Degree       ,              10.0,   8924, CGG      ,       1539,      8919,                      2405,            59.544441693488494,                    10.0,          8,          8823,                       2247,            55.63258232235702  , -158           ,   93.43035343035343 ,               22
Degree       ,              20.0,  17848, CSG-f1   ,        849,     17836,                      1853,            45.877692498143105,                    10.0,          8,          8823,                       1867,            46.22431294874969  , 14             ,  100.75553157042634 ,                7
Degree       ,              20.0,  17848, CSG-f2   ,       1075,     17802,                      1081,            26.764050507551374,                    10.0,          8,          8823,                       1087,            26.91260212923991  , 6              ,  100.5550416281221  ,                2
Degree       ,              20.0,  17848, CGG      ,       1982,     17817,                      3467,            85.83807873235949 ,                    10.0,          8,          8823,                       3417,            84.60014855162169  , -50            ,   98.5578309777906  ,               39
Random       ,               1.0,    220, CSG-f1   ,        146,       220,                       293,             7.254270859123546,                    10.0,          9,          8823,                        325,             8.046546174795742 , 32             ,  110.92150170648465 ,                4
Random       ,               1.0,    220, CSG-f2   ,        140,       219,                       224,             5.545927209705372,                    10.0,          9,          8823,                        249,             6.164892300074277 , 25             ,  111.16071428571428 ,                4
Random       ,               1.0,    220, CGG      ,        120,       220,                       588,            14.558058925476603,                    10.0,          9,          8823,                        538,            13.320128744738795 , -50            ,   91.49659863945578 ,               11
Random       ,               2.0,    440, CSG-f1   ,        252,       440,                       409,            10.126268878435257,                    10.0,          9,          8823,                        440,            10.893785590492696 , 31             ,  107.57946210268949 ,                4
Random       ,               2.0,    440, CSG-f2   ,        244,       438,                       366,             9.061648923000742,                    10.0,          9,          8823,                        399,             9.878682842287695 , 33             ,  109.01639344262296 ,                4
Random       ,               2.0,    440, CGG      ,        285,       440,                       882,            21.837088388214905,                    10.0,          9,          8823,                        812,            20.103986135181977 , -70            ,   92.06349206349206 ,               11
Random       ,               5.0,   1100, CSG-f1   ,        487,      1099,                      1354,            33.52314929437979 ,                    10.0,          9,          8823,                       1359,            33.646942312453575 , 5              ,  100.36927621861152 ,               13
Random       ,               5.0,   1100, CSG-f2   ,        533,      1099,                      1553,            38.450111413716265,                    10.0,          9,          8823,                       1583,            39.19286952215895  , 30             ,  101.93174500965871 ,               37
Random       ,               5.0,   1100, CGG      ,        619,      1099,                      2519,            62.366922505570685,                    10.0,          9,          8823,                       1646,            40.752661549888586 , -873           ,   65.34339023421994 ,               18
Random       ,              10.0,   2201, CSG-f1   ,        869,      2196,                      2883,            71.37905422134192 ,                    10.0,          9,          8823,                       2994,            74.12725922257984  , 111            ,  103.85015608740895 ,               19
Random       ,              10.0,   2201, CSG-f2   ,        979,      2201,                      3095,            76.62787818767022 ,                    10.0,          9,          8823,                       3136,            77.64298093587522  , 41             ,  101.32471728594507 ,               17
Random       ,              10.0,   2201, CGG      ,        926,      2011,                      4039,           100.0              ,                    10.0,          9,          8823,                       3492,            86.4570438227284   , -547           ,   86.4570438227284  ,               40
Random       ,              20.0,   4402, CSG-f1   ,       1495,      4399,                      4012,            99.33151770240158 ,                    10.0,          9,          8823,                       4015,            99.40579351324585  , 3              ,  100.07477567298106 ,                7
Random       ,              20.0,   4402, CSG-f2   ,       1620,      4399,                      3963,            98.11834612527853 ,                    10.0,          9,          8823,                       3960,            98.04407031443426  , -3             ,   99.92429977289932 ,                5
Random       ,              20.0,   4402, CGG      ,        926,      2011,                      4039,           100.0              ,                    10.0,          9,          8823,                       3492,            86.4570438227284   , -547           ,   86.4570438227284  ,               40
Degree       ,               1.0,    892, CSG-f1   ,        117,       888,                       158,             3.911859371131468,                    10.0,          9,          8823,                        170,             4.2089626145085415, 12             ,  107.59493670886076 ,                6
Degree       ,               1.0,    892, CSG-f2   ,        209,       888,                       211,             5.224065362713543,                    10.0,          9,          8823,                        217,             5.37261698440208  , 6              ,  102.84360189573461 ,                2
Degree       ,               1.0,    892, CGG      ,        442,       891,                       555,            13.74102500618965 ,                    10.0,          9,          8823,                        545,            13.49343897004209  , -10            ,   98.1981981981982  ,               14
Degree       ,               2.0,   1784, CSG-f1   ,        177,      1766,                       368,             9.111166130230256,                    10.0,          9,          8823,                        383,             9.482545184451597 , 15             ,  104.07608695652173 ,                6
Degree       ,               2.0,   1784, CSG-f2   ,        261,      1781,                       264,             6.536271354295618,                    10.0,          9,          8823,                        271,             6.709581579598911 , 7              ,  102.65151515151516 ,                2
Degree       ,               2.0,   1784, CGG      ,        668,      1783,                       899,            22.25798464966576 ,                    10.0,          9,          8823,                        851,            21.069571676157466 , -48            ,   94.6607341490545  ,               14
Degree       ,               5.0,   4462, CSG-f1   ,        287,      4462,                       480,            11.884129735082942,                    10.0,          9,          8823,                        496,            12.28026739291904  , 16             ,  103.33333333333334 ,                6
Degree       ,               5.0,   4462, CSG-f2   ,        408,      4426,                       412,            10.200544689279525,                    10.0,          9,          8823,                        417,            10.324337707353305 , 5              ,  101.21359223300972 ,                2
Degree       ,               5.0,   4462, CGG      ,       1100,      4456,                      1411,            34.9343897004209  ,                    10.0,          9,          8823,                       1369,            33.89452834860114  , -42            ,   97.02338766832034 ,               14
Degree       ,              10.0,   8924, CSG-f1   ,        448,      8910,                       650,            16.093092349591483,                    10.0,          9,          8823,                        675,            16.712057439960386 , 25             ,  103.84615384615385 ,                6
Degree       ,              10.0,   8924, CSG-f2   ,        613,      8915,                       617,            15.276058430304532,                    10.0,          9,          8823,                        623,            15.424610051993067 , 6              ,  100.97244732576986 ,                2
Degree       ,              10.0,   8924, CGG      ,       1539,      8919,                      2405,            59.544441693488494,                    10.0,          9,          8823,                       2212,            54.76603119584056  , -193           ,   91.97505197505198 ,               32
Degree       ,              20.0,  17848, CSG-f1   ,        849,     17836,                      1853,            45.877692498143105,                    10.0,          9,          8823,                       1870,            46.29858875959396  , 17             ,  100.91743119266054 ,                6
Degree       ,              20.0,  17848, CSG-f2   ,       1075,     17802,                      1081,            26.764050507551374,                    10.0,          9,          8823,                       1088,            26.937360732854664 , 7              ,  100.64754856614246 ,                2
Degree       ,              20.0,  17848, CGG      ,       1982,     17817,                      3467,            85.83807873235949 ,                    10.0,          9,          8823,                       3400,            84.17925229017084  , -67            ,   98.0674935102394  ,               34
Random       ,               1.0,    220, CSG-f1   ,        146,       220,                       293,             7.254270859123546,                    10.0,         10,          8823,                        313,             7.749442931418668 , 20             ,  106.82593856655289 ,                3
Random       ,               1.0,    220, CSG-f2   ,        140,       219,                       224,             5.545927209705372,                    10.0,         10,          8823,                        242,             5.9915820747709825, 18             ,  108.03571428571428 ,                3
Random       ,               1.0,    220, CGG      ,        120,       220,                       588,            14.558058925476603,                    10.0,         10,          8823,                        581,            14.384748700173311 , -7             ,   98.80952380952381 ,                9
Random       ,               2.0,    440, CSG-f1   ,        252,       440,                       409,            10.126268878435257,                    10.0,         10,          8823,                        428,            10.596682347115623 , 19             ,  104.64547677261614 ,                3
Random       ,               2.0,    440, CSG-f2   ,        244,       438,                       366,             9.061648923000742,                    10.0,         10,          8823,                        383,             9.482545184451597 , 17             ,  104.64480874316939 ,                3
Random       ,               2.0,    440, CGG      ,        285,       440,                       882,            21.837088388214905,                    10.0,         10,          8823,                        842,            20.84674424362466  , -40            ,   95.46485260770974 ,               10
Random       ,               5.0,   1100, CSG-f1   ,        487,      1099,                      1354,            33.52314929437979 ,                    10.0,         10,          8823,                       1531,            37.90542213419163  , 177            ,  113.07237813884785 ,               32
Random       ,               5.0,   1100, CSG-f2   ,        533,      1099,                      1553,            38.450111413716265,                    10.0,         10,          8823,                       1584,            39.21762812577371  , 31             ,  101.99613650998067 ,               27
Random       ,               5.0,   1100, CGG      ,        619,      1099,                      2519,            62.366922505570685,                    10.0,         10,          8823,                       1596,            39.51473136915078  , -923           ,   63.358475585549826,               16
Random       ,              10.0,   2201, CSG-f1   ,        869,      2196,                      2883,            71.37905422134192 ,                    10.0,         10,          8823,                       2991,            74.05298341173557  , 108            ,  103.74609781477628 ,               26
Random       ,              10.0,   2201, CSG-f2   ,        979,      2201,                      3095,            76.62787818767022 ,                    10.0,         10,          8823,                       3140,            77.74201535033424  , 45             ,  101.45395799676898 ,               19
Random       ,              10.0,   2201, CGG      ,        926,      2011,                      4039,           100.0              ,                    10.0,         10,          8823,                       3497,            86.58083684080218  , -542           ,   86.58083684080218 ,               55
Random       ,              20.0,   4402, CSG-f1   ,       1495,      4399,                      4012,            99.33151770240158 ,                    10.0,         10,          8823,                       4017,            99.45531072047537  , 5              ,  100.12462612163509 ,                6
Random       ,              20.0,   4402, CSG-f2   ,       1620,      4399,                      3963,            98.11834612527853 ,                    10.0,         10,          8823,                       3970,            98.29165635058182  , 7              ,  100.17663386323493 ,                6
Random       ,              20.0,   4402, CGG      ,        926,      2011,                      4039,           100.0              ,                    10.0,         10,          8823,                       3497,            86.58083684080218  , -542           ,   86.58083684080218 ,               55
Degree       ,               1.0,    892, CSG-f1   ,        117,       888,                       158,             3.911859371131468,                    10.0,         10,          8823,                        185,             4.580341668729884 , 27             ,  117.08860759493672 ,                5
Degree       ,               1.0,    892, CSG-f2   ,        209,       888,                       211,             5.224065362713543,                    10.0,         10,          8823,                        215,             5.323099777172567 , 4              ,  101.89573459715639 ,                1
Degree       ,               1.0,    892, CGG      ,        442,       891,                       555,            13.74102500618965 ,                    10.0,         10,          8823,                        514,            12.725922257984651 , -41            ,   92.61261261261261 ,                3
Degree       ,               2.0,   1784, CSG-f1   ,        177,      1766,                       368,             9.111166130230256,                    10.0,         10,          8823,                        382,             9.45778658083684  , 14             ,  103.80434782608697 ,                6
Degree       ,               2.0,   1784, CSG-f2   ,        261,      1781,                       264,             6.536271354295618,                    10.0,         10,          8823,                        269,             6.660064372369398 , 5              ,  101.8939393939394  ,                1
Degree       ,               2.0,   1784, CGG      ,        668,      1783,                       899,            22.25798464966576 ,                    10.0,         10,          8823,                        847,            20.97053726169844  , -52            ,   94.21579532814238 ,               10
Degree       ,               5.0,   4462, CSG-f1   ,        287,      4462,                       480,            11.884129735082942,                    10.0,         10,          8823,                        496,            12.28026739291904  , 16             ,  103.33333333333334 ,                6
Degree       ,               5.0,   4462, CSG-f2   ,        408,      4426,                       412,            10.200544689279525,                    10.0,         10,          8823,                        414,            10.250061896509036 , 2              ,  100.48543689320388 ,                1
Degree       ,               5.0,   4462, CGG      ,       1100,      4456,                      1411,            34.9343897004209  ,                    10.0,         10,          8823,                       1344,            33.27556325823224  , -67            ,   95.25159461374912 ,                6
Degree       ,              10.0,   8924, CSG-f1   ,        448,      8910,                       650,            16.093092349591483,                    10.0,         10,          8823,                        667,            16.513988611042336 , 17             ,  102.61538461538461 ,                6
Degree       ,              10.0,   8924, CSG-f2   ,        613,      8915,                       617,            15.276058430304532,                    10.0,         10,          8823,                        620,            15.3503342411488   , 3              ,  100.48622366288494 ,                1
Degree       ,              10.0,   8924, CGG      ,       1539,      8919,                      2405,            59.544441693488494,                    10.0,         10,          8823,                       2158,            53.42906660064373  , -247           ,   89.72972972972974 ,               20
Degree       ,              20.0,  17848, CSG-f1   ,        849,     17836,                      1853,            45.877692498143105,                    10.0,         10,          8823,                       1864,            46.15003713790542  , 11             ,  100.59363194819213 ,                6
Degree       ,              20.0,  17848, CSG-f2   ,       1075,     17802,                      1081,            26.764050507551374,                    10.0,         10,          8823,                       1080,            26.739291903936618 , -1             ,   99.90749306197965 ,                1
Degree       ,              20.0,  17848, CGG      ,       1982,     17817,                      3467,            85.83807873235949 ,                    10.0,         10,          8823,                       3101,            76.77642980935875  , -366           ,   89.44332275742717 ,               43
Random       ,               1.0,    220, CSG-f1   ,        146,       220,                       293,             7.254270859123546,                    10.0,         11,          8823,                        316,             7.823718742262936 , 23             ,  107.84982935153585 ,                3
Random       ,               1.0,    220, CSG-f2   ,        140,       219,                       224,             5.545927209705372,                    10.0,         11,          8823,                        242,             5.9915820747709825, 18             ,  108.03571428571428 ,                3
Random       ,               1.0,    220, CGG      ,        120,       220,                       588,            14.558058925476603,                    10.0,         11,          8823,                        509,            12.60212923991087  , -79            ,   86.56462585034014 ,                9
Random       ,               2.0,    440, CSG-f1   ,        252,       440,                       409,            10.126268878435257,                    10.0,         11,          8823,                        430,            10.646199554345134 , 21             ,  105.13447432762837 ,                3
Random       ,               2.0,    440, CSG-f2   ,        244,       438,                       366,             9.061648923000742,                    10.0,         11,          8823,                        387,             9.58157959891062  , 21             ,  105.73770491803278 ,                3
Random       ,               2.0,    440, CGG      ,        285,       440,                       882,            21.837088388214905,                    10.0,         11,          8823,                        764,            18.91557316167368  , -118           ,   86.62131519274377 ,                9
Random       ,               5.0,   1100, CSG-f1   ,        487,      1099,                      1354,            33.52314929437979 ,                    10.0,         11,          8823,                       1348,            33.37459767269126  , -6             ,   99.55686853766618 ,               13
Random       ,               5.0,   1100, CSG-f2   ,        533,      1099,                      1553,            38.450111413716265,                    10.0,         11,          8823,                       1351,            33.44887348353553  , -202           ,   86.99291693496458 ,               23
Random       ,               5.0,   1100, CGG      ,        619,      1099,                      2519,            62.366922505570685,                    10.0,         11,          8823,                       1569,            38.846249071552364 , -950           ,   62.28662167526796 ,               22
Random       ,              10.0,   2201, CSG-f1   ,        869,      2196,                      2883,            71.37905422134192 ,                    10.0,         11,          8823,                       2946,            72.93884624907156  , 63             ,  102.18522372528615 ,               17
Random       ,              10.0,   2201, CSG-f2   ,        979,      2201,                      3095,            76.62787818767022 ,                    10.0,         11,          8823,                       3146,            77.89056697202278  , 51             ,  101.64781906300485 ,               16
Random       ,              10.0,   2201, CGG      ,        926,      2011,                      4039,           100.0              ,                    10.0,         11,          8823,                       2725,            67.46719485021045  , -1314          ,   67.46719485021045 ,               32
Random       ,              20.0,   4402, CSG-f1   ,       1495,      4399,                      4012,            99.33151770240158 ,                    10.0,         11,          8823,                       4017,            99.45531072047537  , 5              ,  100.12462612163509 ,                7
Random       ,              20.0,   4402, CSG-f2   ,       1620,      4399,                      3963,            98.11834612527853 ,                    10.0,         11,          8823,                       3974,            98.39069076504086  , 11             ,  100.27756749936916 ,                6
Random       ,              20.0,   4402, CGG      ,        926,      2011,                      4039,           100.0              ,                    10.0,         11,          8823,                       2725,            67.46719485021045  , -1314          ,   67.46719485021045 ,               32
Degree       ,               1.0,    892, CSG-f1   ,        117,       888,                       158,             3.911859371131468,                    10.0,         11,          8823,                        156,             3.862342163901956 , -2             ,   98.73417721518987 ,                2
Degree       ,               1.0,    892, CSG-f2   ,        209,       888,                       211,             5.224065362713543,                    10.0,         11,          8823,                        218,             5.397375588016836 , 7              ,  103.3175355450237  ,                1
Degree       ,               1.0,    892, CGG      ,        442,       891,                       555,            13.74102500618965 ,                    10.0,         11,          8823,                        520,            12.874473879673188 , -35            ,   93.69369369369369 ,                4
Degree       ,               2.0,   1784, CSG-f1   ,        177,      1766,                       368,             9.111166130230256,                    10.0,         11,          8823,                        382,             9.45778658083684  , 14             ,  103.80434782608697 ,                6
Degree       ,               2.0,   1784, CSG-f2   ,        261,      1781,                       264,             6.536271354295618,                    10.0,         11,          8823,                        270,             6.684822975984154 , 6              ,  102.27272727272727 ,                1
Degree       ,               2.0,   1784, CGG      ,        668,      1783,                       899,            22.25798464966576 ,                    10.0,         11,          8823,                        831,            20.574399603862343 , -68            ,   92.43604004449388 ,               10
Degree       ,               5.0,   4462, CSG-f1   ,        287,      4462,                       480,            11.884129735082942,                    10.0,         11,          8823,                        503,            12.453577618222331 , 23             ,  104.79166666666666 ,                6
Degree       ,               5.0,   4462, CSG-f2   ,        408,      4426,                       412,            10.200544689279525,                    10.0,         11,          8823,                        420,            10.398613518197573 , 8              ,  101.94174757281553 ,                2
Degree       ,               5.0,   4462, CGG      ,       1100,      4456,                      1411,            34.9343897004209  ,                    10.0,         11,          8823,                       1378,            34.117355781133945 , -33            ,   97.66123316796597 ,                9
Degree       ,              10.0,   8924, CSG-f1   ,        448,      8910,                       650,            16.093092349591483,                    10.0,         11,          8823,                        674,            16.68729883634563  , 24             ,  103.69230769230768 ,                6
Degree       ,              10.0,   8924, CSG-f2   ,        613,      8915,                       617,            15.276058430304532,                    10.0,         11,          8823,                        623,            15.424610051993067 , 6              ,  100.97244732576986 ,                2
Degree       ,              10.0,   8924, CGG      ,       1539,      8919,                      2405,            59.544441693488494,                    10.0,         11,          8823,                       2281,            56.47437484525872  , -124           ,   94.84407484407484 ,               26
Degree       ,              20.0,  17848, CSG-f1   ,        849,     17836,                      1853,            45.877692498143105,                    10.0,         11,          8823,                       1863,            46.125278534290665 , 10             ,  100.53966540744739 ,                7
Degree       ,              20.0,  17848, CSG-f2   ,       1075,     17802,                      1081,            26.764050507551374,                    10.0,         11,          8823,                       1086,            26.887843525625154 , 5              ,  100.46253469010176 ,                2
Degree       ,              20.0,  17848, CGG      ,       1982,     17817,                      3467,            85.83807873235949 ,                    10.0,         11,          8823,                       3161,            78.26194602624412  , -306           ,   91.17392558407845 ,               21
Random       ,               1.0,    220, CSG-f1   ,        146,       220,                       293,             7.254270859123546,                    10.0,         12,          8823,                        310,             7.6751671205744   , 17             ,  105.80204778156997 ,                4
Random       ,               1.0,    220, CSG-f2   ,        140,       219,                       224,             5.545927209705372,                    10.0,         12,          8823,                        236,             5.843030453082446 , 12             ,  105.35714285714286 ,                4
Random       ,               1.0,    220, CGG      ,        120,       220,                       588,            14.558058925476603,                    10.0,         12,          8823,                        542,            13.419163159197822 , -46            ,   92.17687074829932 ,                8
Random       ,               2.0,    440, CSG-f1   ,        252,       440,                       409,            10.126268878435257,                    10.0,         12,          8823,                        427,            10.571923743500866 , 18             ,  104.40097799511004 ,                4
Random       ,               2.0,    440, CSG-f2   ,        244,       438,                       366,             9.061648923000742,                    10.0,         12,          8823,                        382,             9.45778658083684  , 16             ,  104.37158469945356 ,                4
Random       ,               2.0,    440, CGG      ,        285,       440,                       882,            21.837088388214905,                    10.0,         12,          8823,                        807,            19.980193117108193 , -75            ,   91.49659863945578 ,               10
Random       ,               5.0,   1100, CSG-f1   ,        487,      1099,                      1354,            33.52314929437979 ,                    10.0,         12,          8823,                       1517,            37.558801683585045 , 163            ,  112.0384047267356  ,               29
Random       ,               5.0,   1100, CSG-f2   ,        533,      1099,                      1553,            38.450111413716265,                    10.0,         12,          8823,                       1569,            38.846249071552364 , 16             ,  101.03026400515131 ,               26
Random       ,               5.0,   1100, CGG      ,        619,      1099,                      2519,            62.366922505570685,                    10.0,         12,          8823,                       1732,            42.88190146075762  , -787           ,   68.75744342993251 ,               26
Random       ,              10.0,   2201, CSG-f1   ,        869,      2196,                      2883,            71.37905422134192 ,                    10.0,         12,          8823,                       2856,            70.7105719237435   , -27            ,   99.06347554630594 ,               10
Random       ,              10.0,   2201, CSG-f2   ,        979,      2201,                      3095,            76.62787818767022 ,                    10.0,         12,          8823,                       3053,            75.58801683585045  , -42            ,   98.64297253634895 ,               17
Random       ,              10.0,   2201, CGG      ,        926,      2011,                      4039,           100.0              ,                    10.0,         12,          8823,                       3499,            86.63035404803169  , -540           ,   86.63035404803169 ,               39
Random       ,              20.0,   4402, CSG-f1   ,       1495,      4399,                      4012,            99.33151770240158 ,                    10.0,         12,          8823,                       4015,            99.40579351324585  , 3              ,  100.07477567298106 ,                6
Random       ,              20.0,   4402, CSG-f2   ,       1620,      4399,                      3963,            98.11834612527853 ,                    10.0,         12,          8823,                       3966,            98.1926219361228   , 3              ,  100.07570022710068 ,                4
Random       ,              20.0,   4402, CGG      ,        926,      2011,                      4039,           100.0              ,                    10.0,         12,          8823,                       3499,            86.63035404803169  , -540           ,   86.63035404803169 ,               39
Degree       ,               1.0,    892, CSG-f1   ,        117,       888,                       158,             3.911859371131468,                    10.0,         12,          8823,                        183,             4.530824461500371 , 25             ,  115.82278481012658 ,                5
Degree       ,               1.0,    892, CSG-f2   ,        209,       888,                       211,             5.224065362713543,                    10.0,         12,          8823,                        216,             5.347858380787324 , 5              ,  102.36966824644549 ,                1
Degree       ,               1.0,    892, CGG      ,        442,       891,                       555,            13.74102500618965 ,                    10.0,         12,          8823,                        552,            13.666749195345382 , -3             ,   99.45945945945947 ,               14
Degree       ,               2.0,   1784, CSG-f1   ,        177,      1766,                       368,             9.111166130230256,                    10.0,         12,          8823,                        375,             9.284476355533549 , 7              ,  101.90217391304348 ,                5
Degree       ,               2.0,   1784, CSG-f2   ,        261,      1781,                       264,             6.536271354295618,                    10.0,         12,          8823,                        270,             6.684822975984154 , 6              ,  102.27272727272727 ,                1
Degree       ,               2.0,   1784, CGG      ,        668,      1783,                       899,            22.25798464966576 ,                    10.0,         12,          8823,                        857,            21.218123297846    , -42            ,   95.32814238042269 ,               14
Degree       ,               5.0,   4462, CSG-f1   ,        287,      4462,                       480,            11.884129735082942,                    10.0,         12,          8823,                        487,            12.057439960386235 , 7              ,  101.45833333333334 ,                5
Degree       ,               5.0,   4462, CSG-f2   ,        408,      4426,                       412,            10.200544689279525,                    10.0,         12,          8823,                        418,            10.349096310968061 , 6              ,  101.45631067961165 ,                2
Degree       ,               5.0,   4462, CGG      ,       1100,      4456,                      1411,            34.9343897004209  ,                    10.0,         12,          8823,                       1397,            34.58776924981431  , -14            ,   99.0077958894401  ,               14
Degree       ,              10.0,   8924, CSG-f1   ,        448,      8910,                       650,            16.093092349591483,                    10.0,         12,          8823,                        660,            16.340678385739043 , 10             ,  101.53846153846153 ,                5
Degree       ,              10.0,   8924, CSG-f2   ,        613,      8915,                       617,            15.276058430304532,                    10.0,         12,          8823,                        623,            15.424610051993067 , 6              ,  100.97244732576986 ,                2
Degree       ,              10.0,   8924, CGG      ,       1539,      8919,                      2405,            59.544441693488494,                    10.0,         12,          8823,                       2255,            55.83065115127507  , -150           ,   93.76299376299376 ,               28
Degree       ,              20.0,  17848, CSG-f1   ,        849,     17836,                      1853,            45.877692498143105,                    10.0,         12,          8823,                       1861,            46.07576132706115  , 8              ,  100.4317323259579  ,                6
Degree       ,              20.0,  17848, CSG-f2   ,       1075,     17802,                      1081,            26.764050507551374,                    10.0,         12,          8823,                       1085,            26.8630849220104   , 4              ,  100.37002775208141 ,                2
Degree       ,              20.0,  17848, CGG      ,       1982,     17817,                      3467,            85.83807873235949 ,                    10.0,         12,          8823,                       2903,            71.87422629363704  , -564           ,   83.73233342947793 ,               21
Random       ,               1.0,    220, CSG-f1   ,        146,       220,                       293,             7.254270859123546,                    10.0,         13,          8823,                        296,             7.328546669967814 , 3              ,  101.02389078498292 ,                4
Random       ,               1.0,    220, CSG-f2   ,        140,       219,                       224,             5.545927209705372,                    10.0,         13,          8823,                        225,             5.570685813320129 , 1              ,  100.44642857142858 ,                4
Random       ,               1.0,    220, CGG      ,        120,       220,                       588,            14.558058925476603,                    10.0,         13,          8823,                        514,            12.725922257984651 , -74            ,   87.41496598639455 ,                9
Random       ,               2.0,    440, CSG-f1   ,        252,       440,                       409,            10.126268878435257,                    10.0,         13,          8823,                        413,            10.22530329289428  , 4              ,  100.97799511002445 ,                4
Random       ,               2.0,    440, CSG-f2   ,        244,       438,                       366,             9.061648923000742,                    10.0,         13,          8823,                        372,             9.21020054468928  , 6              ,  101.63934426229508 ,                4
Random       ,               2.0,    440, CGG      ,        285,       440,                       882,            21.837088388214905,                    10.0,         13,          8823,                        798,            19.75736568457539  , -84            ,   90.47619047619048 ,               11
Random       ,               5.0,   1100, CSG-f1   ,        487,      1099,                      1354,            33.52314929437979 ,                    10.0,         13,          8823,                       1357,            33.59742510522407  , 3              ,  100.22156573116692 ,               15
Random       ,               5.0,   1100, CSG-f2   ,        533,      1099,                      1553,            38.450111413716265,                    10.0,         13,          8823,                       1335,            33.05273582569943  , -218           ,   85.96265292981326 ,               24
Random       ,               5.0,   1100, CGG      ,        619,      1099,                      2519,            62.366922505570685,                    10.0,         13,          8823,                       1573,            38.94528348601139  , -946           ,   62.44541484716157 ,               18
Random       ,              10.0,   2201, CSG-f1   ,        869,      2196,                      2883,            71.37905422134192 ,                    10.0,         13,          8823,                       2948,            72.98836345630106  , 65             ,  102.25459590704126 ,               18
Random       ,              10.0,   2201, CSG-f2   ,        979,      2201,                      3095,            76.62787818767022 ,                    10.0,         13,          8823,                       3073,            76.08318890814559  , -22            ,   99.2891760904685  ,               17
Random       ,              10.0,   2201, CGG      ,        926,      2011,                      4039,           100.0              ,                    10.0,         13,          8823,                       2951,            73.06263926714533  , -1088          ,   73.06263926714533 ,               35
Random       ,              20.0,   4402, CSG-f1   ,       1495,      4399,                      4012,            99.33151770240158 ,                    10.0,         13,          8823,                       4017,            99.45531072047537  , 5              ,  100.12462612163509 ,                5
Random       ,              20.0,   4402, CSG-f2   ,       1620,      4399,                      3963,            98.11834612527853 ,                    10.0,         13,          8823,                       3967,            98.21738053973756  , 4              ,  100.10093363613424 ,                5
Random       ,              20.0,   4402, CGG      ,        926,      2011,                      4039,           100.0              ,                    10.0,         13,          8823,                       2951,            73.06263926714533  , -1088          ,   73.06263926714533 ,               35
Degree       ,               1.0,    892, CSG-f1   ,        117,       888,                       158,             3.911859371131468,                    10.0,         13,          8823,                        171,             4.233721218123298 , 13             ,  108.22784810126582 ,                4
Degree       ,               1.0,    892, CSG-f2   ,        209,       888,                       211,             5.224065362713543,                    10.0,         13,          8823,                        218,             5.397375588016836 , 7              ,  103.3175355450237  ,                1
Degree       ,               1.0,    892, CGG      ,        442,       891,                       555,            13.74102500618965 ,                    10.0,         13,          8823,                        544,            13.468680366427332 , -11            ,   98.01801801801801 ,               14
Degree       ,               2.0,   1784, CSG-f1   ,        177,      1766,                       368,             9.111166130230256,                    10.0,         13,          8823,                        375,             9.284476355533549 , 7              ,  101.90217391304348 ,                6
Degree       ,               2.0,   1784, CSG-f2   ,        261,      1781,                       264,             6.536271354295618,                    10.0,         13,          8823,                        271,             6.709581579598911 , 7              ,  102.65151515151516 ,                1
Degree       ,               2.0,   1784, CGG      ,        668,      1783,                       899,            22.25798464966576 ,                    10.0,         13,          8823,                        858,            21.24288190146076  , -41            ,   95.43937708565072 ,               14
Degree       ,               5.0,   4462, CSG-f1   ,        287,      4462,                       480,            11.884129735082942,                    10.0,         13,          8823,                        487,            12.057439960386235 , 7              ,  101.45833333333334 ,                6
Degree       ,               5.0,   4462, CSG-f2   ,        408,      4426,                       412,            10.200544689279525,                    10.0,         13,          8823,                        417,            10.324337707353305 , 5              ,  101.21359223300972 ,                2
Degree       ,               5.0,   4462, CGG      ,       1100,      4456,                      1411,            34.9343897004209  ,                    10.0,         13,          8823,                       1384,            34.265907402822485 , -27            ,   98.08646350106306 ,               14
Degree       ,              10.0,   8924, CSG-f1   ,        448,      8910,                       650,            16.093092349591483,                    10.0,         13,          8823,                        659,            16.31591978212429  , 9              ,  101.38461538461539 ,                6
Degree       ,              10.0,   8924, CSG-f2   ,        613,      8915,                       617,            15.276058430304532,                    10.0,         13,          8823,                        621,            15.375092844763556 , 4              ,  100.64829821717991 ,                2
Degree       ,              10.0,   8924, CGG      ,       1539,      8919,                      2405,            59.544441693488494,                    10.0,         13,          8823,                       2246,            55.60782371874227  , -159           ,   93.38877338877339 ,               27
Degree       ,              20.0,  17848, CSG-f1   ,        849,     17836,                      1853,            45.877692498143105,                    10.0,         13,          8823,                       1861,            46.07576132706115  , 8              ,  100.4317323259579  ,                6
Degree       ,              20.0,  17848, CSG-f2   ,       1075,     17802,                      1081,            26.764050507551374,                    10.0,         13,          8823,                       1083,            26.813567714780884 , 2              ,  100.18501387604071 ,                2
Degree       ,              20.0,  17848, CGG      ,       1982,     17817,                      3467,            85.83807873235949 ,                    10.0,         13,          8823,                       3044,            75.36518940331766  , -423           ,   87.79925007210845 ,               34
Random       ,               1.0,    220, CSG-f1   ,        146,       220,                       293,             7.254270859123546,                    10.0,         14,          8823,                        314,             7.774201535033424 , 21             ,  107.16723549488054 ,                5
Random       ,               1.0,    220, CSG-f2   ,        140,       219,                       224,             5.545927209705372,                    10.0,         14,          8823,                        245,             6.065857885615252 , 21             ,  109.375            ,                5
Random       ,               1.0,    220, CGG      ,        120,       220,                       588,            14.558058925476603,                    10.0,         14,          8823,                        558,            13.815300817033918 , -30            ,   94.89795918367348 ,                9
Random       ,               2.0,    440, CSG-f1   ,        252,       440,                       409,            10.126268878435257,                    10.0,         14,          8823,                        434,            10.74523396880416  , 25             ,  106.1124694376528  ,                5
Random       ,               2.0,    440, CSG-f2   ,        244,       438,                       366,             9.061648923000742,                    10.0,         14,          8823,                        392,             9.705372616984402 , 26             ,  107.10382513661203 ,                5
Random       ,               2.0,    440, CGG      ,        285,       440,                       882,            21.837088388214905,                    10.0,         14,          8823,                        847,            20.97053726169844  , -35            ,   96.03174603174604 ,               10
Random       ,               5.0,   1100, CSG-f1   ,        487,      1099,                      1354,            33.52314929437979 ,                    10.0,         14,          8823,                       1390,            34.41445902451102  , 36             ,  102.65878877400296 ,               15
Random       ,               5.0,   1100, CSG-f2   ,        533,      1099,                      1553,            38.450111413716265,                    10.0,         14,          8823,                       1373,            33.99356276306016  , -180           ,   88.40952994204766 ,               28
Random       ,               5.0,   1100, CGG      ,        619,      1099,                      2519,            62.366922505570685,                    10.0,         14,          8823,                       1647,            40.77742015350334  , -872           ,   65.38308852719334 ,               18
Random       ,              10.0,   2201, CSG-f1   ,        869,      2196,                      2883,            71.37905422134192 ,                    10.0,         14,          8823,                       3046,            75.41470661054717  , 163            ,  105.65383281304197 ,               25
Random       ,              10.0,   2201, CSG-f2   ,        979,      2201,                      3095,            76.62787818767022 ,                    10.0,         14,          8823,                       2958,            73.23594949244863  , -137           ,   95.57350565428109 ,               17
Random       ,              10.0,   2201, CGG      ,        926,      2011,                      4039,           100.0              ,                    10.0,         14,          8823,                       2347,            58.10844268383263  , -1692          ,   58.10844268383263 ,               18
Random       ,              20.0,   4402, CSG-f1   ,       1495,      4399,                      4012,            99.33151770240158 ,                    10.0,         14,          8823,                       4010,            99.28200049517207  , -2             ,   99.95014955134596 ,                5
Random       ,              20.0,   4402, CSG-f2   ,       1620,      4399,                      3963,            98.11834612527853 ,                    10.0,         14,          8823,                       3984,            98.63827680118843  , 21             ,  100.52990158970476 ,                6
Random       ,              20.0,   4402, CGG      ,        926,      2011,                      4039,           100.0              ,                    10.0,         14,          8823,                       2347,            58.10844268383263  , -1692          ,   58.10844268383263 ,               18
Degree       ,               1.0,    892, CSG-f1   ,        117,       888,                       158,             3.911859371131468,                    10.0,         14,          8823,                        166,             4.109928200049517 , 8              ,  105.0632911392405  ,                3
Degree       ,               1.0,    892, CSG-f2   ,        209,       888,                       211,             5.224065362713543,                    10.0,         14,          8823,                        218,             5.397375588016836 , 7              ,  103.3175355450237  ,                1
Degree       ,               1.0,    892, CGG      ,        442,       891,                       555,            13.74102500618965 ,                    10.0,         14,          8823,                        524,            12.97350829413221  , -31            ,   94.41441441441441 ,                6
Degree       ,               2.0,   1784, CSG-f1   ,        177,      1766,                       368,             9.111166130230256,                    10.0,         14,          8823,                        386,             9.556820995295865 , 18             ,  104.8913043478261  ,                5
Degree       ,               2.0,   1784, CSG-f2   ,        261,      1781,                       264,             6.536271354295618,                    10.0,         14,          8823,                        272,             6.734340183213666 , 8              ,  103.03030303030303 ,                1
Degree       ,               2.0,   1784, CGG      ,        668,      1783,                       899,            22.25798464966576 ,                    10.0,         14,          8823,                        861,            21.317157712305026 , -38            ,   95.77308120133482 ,               11
Degree       ,               5.0,   4462, CSG-f1   ,        287,      4462,                       480,            11.884129735082942,                    10.0,         14,          8823,                        496,            12.28026739291904  , 16             ,  103.33333333333334 ,                5
Degree       ,               5.0,   4462, CSG-f2   ,        408,      4426,                       412,            10.200544689279525,                    10.0,         14,          8823,                        419,            10.373854914582818 , 7              ,  101.6990291262136  ,                2
Degree       ,               5.0,   4462, CGG      ,       1100,      4456,                      1411,            34.9343897004209  ,                    10.0,         14,          8823,                       1378,            34.117355781133945 , -33            ,   97.66123316796597 ,               11
Degree       ,              10.0,   8924, CSG-f1   ,        448,      8910,                       650,            16.093092349591483,                    10.0,         14,          8823,                        671,            16.613023025501363 , 21             ,  103.23076923076924 ,                5
Degree       ,              10.0,   8924, CSG-f2   ,        613,      8915,                       617,            15.276058430304532,                    10.0,         14,          8823,                        624,            15.449368655607824 , 7              ,  101.13452188006482 ,                2
Degree       ,              10.0,   8924, CGG      ,       1539,      8919,                      2405,            59.544441693488494,                    10.0,         14,          8823,                       2106,            52.1416192126764   , -299           ,   87.56756756756758 ,               13
Degree       ,              20.0,  17848, CSG-f1   ,        849,     17836,                      1853,            45.877692498143105,                    10.0,         14,          8823,                       1867,            46.22431294874969  , 14             ,  100.75553157042634 ,                7
Degree       ,              20.0,  17848, CSG-f2   ,       1075,     17802,                      1081,            26.764050507551374,                    10.0,         14,          8823,                       1087,            26.91260212923991  , 6              ,  100.5550416281221  ,                2
Degree       ,              20.0,  17848, CGG      ,       1982,     17817,                      3467,            85.83807873235949 ,                    10.0,         14,          8823,                       2916,            72.19608814062887  , -551           ,   84.10729737525237 ,               15
Random       ,               1.0,    220, CSG-f1   ,        146,       220,                       293,             7.254270859123546,                    10.0,         15,          8823,                        340,             8.417925229017083 , 47             ,  116.04095563139931 ,                4
Random       ,               1.0,    220, CSG-f2   ,        140,       219,                       224,             5.545927209705372,                    10.0,         15,          8823,                        254,             6.2886853181480555, 30             ,  113.39285714285714 ,                4
Random       ,               1.0,    220, CGG      ,        120,       220,                       588,            14.558058925476603,                    10.0,         15,          8823,                        539,            13.344887348353554 , -49            ,   91.66666666666666 ,                8
Random       ,               2.0,    440, CSG-f1   ,        252,       440,                       409,            10.126268878435257,                    10.0,         15,          8823,                        455,            11.265164644714037 , 46             ,  111.24694376528117 ,                4
Random       ,               2.0,    440, CSG-f2   ,        244,       438,                       366,             9.061648923000742,                    10.0,         15,          8823,                        408,            10.1015102748205   , 42             ,  111.47540983606557 ,                4
Random       ,               2.0,    440, CGG      ,        285,       440,                       882,            21.837088388214905,                    10.0,         15,          8823,                        808,            20.004951720722953 , -74            ,   91.60997732426304 ,               11
Random       ,               5.0,   1100, CSG-f1   ,        487,      1099,                      1354,            33.52314929437979 ,                    10.0,         15,          8823,                       1405,            34.78583807873236  , 51             ,  103.76661742983752 ,               20
Random       ,               5.0,   1100, CSG-f2   ,        533,      1099,                      1553,            38.450111413716265,                    10.0,         15,          8823,                       1467,            36.32087150284724  , -86            ,   94.46233097231166 ,               17
Random       ,               5.0,   1100, CGG      ,        619,      1099,                      2519,            62.366922505570685,                    10.0,         15,          8823,                       1623,            40.1832136667492   , -896           ,   64.43032949583169 ,               21
Random       ,              10.0,   2201, CSG-f1   ,        869,      2196,                      2883,            71.37905422134192 ,                    10.0,         15,          8823,                       3005,            74.39960386234216  , 122            ,  104.23170308706209 ,               23
Random       ,              10.0,   2201, CSG-f2   ,        979,      2201,                      3095,            76.62787818767022 ,                    10.0,         15,          8823,                       3125,            77.3706362961129   , 30             ,  100.96930533117931 ,               16
Random       ,              10.0,   2201, CGG      ,        926,      2011,                      4039,           100.0              ,                    10.0,         15,          8823,                       2746,            67.98712552612032  , -1293          ,   67.98712552612032 ,               28
Random       ,              20.0,   4402, CSG-f1   ,       1495,      4399,                      4012,            99.33151770240158 ,                    10.0,         15,          8823,                       4006,            99.18296608071306  , -6             ,   99.85044865403788 ,                5
Random       ,              20.0,   4402, CSG-f2   ,       1620,      4399,                      3963,            98.11834612527853 ,                    10.0,         15,          8823,                       3963,            98.11834612527853  , 0              ,  100.0              ,                4
Random       ,              20.0,   4402, CGG      ,        926,      2011,                      4039,           100.0              ,                    10.0,         15,          8823,                       2746,            67.98712552612032  , -1293          ,   67.98712552612032 ,               28
Degree       ,               1.0,    892, CSG-f1   ,        117,       888,                       158,             3.911859371131468,                    10.0,         15,          8823,                        178,             4.4070314434265905, 20             ,  112.65822784810126 ,                6
Degree       ,               1.0,    892, CSG-f2   ,        209,       888,                       211,             5.224065362713543,                    10.0,         15,          8823,                        220,             5.446892795246348 , 9              ,  104.2654028436019  ,                1
Degree       ,               1.0,    892, CGG      ,        442,       891,                       555,            13.74102500618965 ,                    10.0,         15,          8823,                        548,            13.567714780886359 , -7             ,   98.73873873873875 ,               10
Degree       ,               2.0,   1784, CSG-f1   ,        177,      1766,                       368,             9.111166130230256,                    10.0,         15,          8823,                        381,             9.433027977222084 , 13             ,  103.53260869565217 ,                6
Degree       ,               2.0,   1784, CSG-f2   ,        261,      1781,                       264,             6.536271354295618,                    10.0,         15,          8823,                        272,             6.734340183213666 , 8              ,  103.03030303030303 ,                1
Degree       ,               2.0,   1784, CGG      ,        668,      1783,                       899,            22.25798464966576 ,                    10.0,         15,          8823,                        846,            20.945778658083682 , -53            ,   94.10456062291435 ,               10
Degree       ,               5.0,   4462, CSG-f1   ,        287,      4462,                       480,            11.884129735082942,                    10.0,         15,          8823,                        497,            12.305025996533796 , 17             ,  103.54166666666667 ,                6
Degree       ,               5.0,   4462, CSG-f2   ,        408,      4426,                       412,            10.200544689279525,                    10.0,         15,          8823,                        419,            10.373854914582818 , 7              ,  101.6990291262136  ,                2
Degree       ,               5.0,   4462, CGG      ,       1100,      4456,                      1411,            34.9343897004209  ,                    10.0,         15,          8823,                       1365,            33.795493934142115 , -46            ,   96.73990077958894 ,               10
Degree       ,              10.0,   8924, CSG-f1   ,        448,      8910,                       650,            16.093092349591483,                    10.0,         15,          8823,                        667,            16.513988611042336 , 17             ,  102.61538461538461 ,                6
Degree       ,              10.0,   8924, CSG-f2   ,        613,      8915,                       617,            15.276058430304532,                    10.0,         15,          8823,                        624,            15.449368655607824 , 7              ,  101.13452188006482 ,                2
Degree       ,              10.0,   8924, CGG      ,       1539,      8919,                      2405,            59.544441693488494,                    10.0,         15,          8823,                       2064,            51.101757860856644 , -341           ,   85.82120582120582 ,               13
Degree       ,              20.0,  17848, CSG-f1   ,        849,     17836,                      1853,            45.877692498143105,                    10.0,         15,          8823,                       1870,            46.29858875959396  , 17             ,  100.91743119266054 ,                8
Degree       ,              20.0,  17848, CSG-f2   ,       1075,     17802,                      1081,            26.764050507551374,                    10.0,         15,          8823,                       1088,            26.937360732854664 , 7              ,  100.64754856614246 ,                2
Degree       ,              20.0,  17848, CGG      ,       1982,     17817,                      3467,            85.83807873235949 ,                    10.0,         15,          8823,                       3201,            79.25229017083436  , -266           ,   92.32766080184598 ,               26
Random       ,               1.0,    220, CSG-f1   ,        146,       220,                       293,             7.254270859123546,                    10.0,         16,          8823,                        311,             7.699925724189156 , 18             ,  106.14334470989762 ,                4
Random       ,               1.0,    220, CSG-f2   ,        140,       219,                       224,             5.545927209705372,                    10.0,         16,          8823,                        236,             5.843030453082446 , 12             ,  105.35714285714286 ,                4
Random       ,               1.0,    220, CGG      ,        120,       220,                       588,            14.558058925476603,                    10.0,         16,          8823,                        531,            13.146818519435504 , -57            ,   90.3061224489796  ,                9
Random       ,               2.0,    440, CSG-f1   ,        252,       440,                       409,            10.126268878435257,                    10.0,         16,          8823,                        430,            10.646199554345134 , 21             ,  105.13447432762837 ,                4
Random       ,               2.0,    440, CSG-f2   ,        244,       438,                       366,             9.061648923000742,                    10.0,         16,          8823,                        383,             9.482545184451597 , 17             ,  104.64480874316939 ,                4
Random       ,               2.0,    440, CGG      ,        285,       440,                       882,            21.837088388214905,                    10.0,         16,          8823,                        796,            19.707848477345877 , -86            ,   90.24943310657596 ,                9
Random       ,               5.0,   1100, CSG-f1   ,        487,      1099,                      1354,            33.52314929437979 ,                    10.0,         16,          8823,                       1377,            34.09259717751919  , 23             ,  101.69867060561299 ,               12
Random       ,               5.0,   1100, CSG-f2   ,        533,      1099,                      1553,            38.450111413716265,                    10.0,         16,          8823,                       1552,            38.42535281010151  , -1             ,   99.93560849967804 ,               22
Random       ,               5.0,   1100, CGG      ,        619,      1099,                      2519,            62.366922505570685,                    10.0,         16,          8823,                       1574,            38.97004208962615  , -945           ,   62.48511314013497 ,               23
Random       ,              10.0,   2201, CSG-f1   ,        869,      2196,                      2883,            71.37905422134192 ,                    10.0,         16,          8823,                       2966,            73.43401832136668  , 83             ,  102.87894554283731 ,               20
Random       ,              10.0,   2201, CSG-f2   ,        979,      2201,                      3095,            76.62787818767022 ,                    10.0,         16,          8823,                       3101,            76.77642980935875  , 6              ,  100.19386106623587 ,               16
Random       ,              10.0,   2201, CGG      ,        926,      2011,                      4039,           100.0              ,                    10.0,         16,          8823,                       3480,            86.15994057935133  , -559           ,   86.15994057935133 ,               36
Random       ,              20.0,   4402, CSG-f1   ,       1495,      4399,                      4012,            99.33151770240158 ,                    10.0,         16,          8823,                       4000,            99.03441445902452  , -12            ,   99.70089730807578 ,                5
Random       ,              20.0,   4402, CSG-f2   ,       1620,      4399,                      3963,            98.11834612527853 ,                    10.0,         16,          8823,                       3960,            98.04407031443426  , -3             ,   99.92429977289932 ,                4
Random       ,              20.0,   4402, CGG      ,        926,      2011,                      4039,           100.0              ,                    10.0,         16,          8823,                       3480,            86.15994057935133  , -559           ,   86.15994057935133 ,               36
Degree       ,               1.0,    892, CSG-f1   ,        117,       888,                       158,             3.911859371131468,                    10.0,         16,          8823,                        181,             4.481307254270859 , 23             ,  114.55696202531647 ,                6
Degree       ,               1.0,    892, CSG-f2   ,        209,       888,                       211,             5.224065362713543,                    10.0,         16,          8823,                        217,             5.37261698440208  , 6              ,  102.84360189573461 ,                1
Degree       ,               1.0,    892, CGG      ,        442,       891,                       555,            13.74102500618965 ,                    10.0,         16,          8823,                        544,            13.468680366427332 , -11            ,   98.01801801801801 ,               12
Degree       ,               2.0,   1784, CSG-f1   ,        177,      1766,                       368,             9.111166130230256,                    10.0,         16,          8823,                        384,             9.507303788066352 , 16             ,  104.34782608695652 ,                6
Degree       ,               2.0,   1784, CSG-f2   ,        261,      1781,                       264,             6.536271354295618,                    10.0,         16,          8823,                        270,             6.684822975984154 , 6              ,  102.27272727272727 ,                1
Degree       ,               2.0,   1784, CGG      ,        668,      1783,                       899,            22.25798464966576 ,                    10.0,         16,          8823,                        836,            20.698192621936123 , -63            ,   92.99221357063404 ,               12
Degree       ,               5.0,   4462, CSG-f1   ,        287,      4462,                       480,            11.884129735082942,                    10.0,         16,          8823,                        498,            12.329784600148553 , 18             ,  103.75000000000001 ,                6
Degree       ,               5.0,   4462, CSG-f2   ,        408,      4426,                       412,            10.200544689279525,                    10.0,         16,          8823,                        417,            10.324337707353305 , 5              ,  101.21359223300972 ,                2
Degree       ,               5.0,   4462, CGG      ,       1100,      4456,                      1411,            34.9343897004209  ,                    10.0,         16,          8823,                       1384,            34.265907402822485 , -27            ,   98.08646350106306 ,               12
Degree       ,              10.0,   8924, CSG-f1   ,        448,      8910,                       650,            16.093092349591483,                    10.0,         16,          8823,                        674,            16.68729883634563  , 24             ,  103.69230769230768 ,                6
Degree       ,              10.0,   8924, CSG-f2   ,        613,      8915,                       617,            15.276058430304532,                    10.0,         16,          8823,                        624,            15.449368655607824 , 7              ,  101.13452188006482 ,                2
Degree       ,              10.0,   8924, CGG      ,       1539,      8919,                      2405,            59.544441693488494,                    10.0,         16,          8823,                       2093,            51.81975736568457  , -312           ,   87.02702702702703 ,               19
Degree       ,              20.0,  17848, CSG-f1   ,        849,     17836,                      1853,            45.877692498143105,                    10.0,         16,          8823,                       1868,            46.24907155236445  , 15             ,  100.80949811117108 ,                7
Degree       ,              20.0,  17848, CSG-f2   ,       1075,     17802,                      1081,            26.764050507551374,                    10.0,         16,          8823,                       1087,            26.91260212923991  , 6              ,  100.5550416281221  ,                2
Degree       ,              20.0,  17848, CGG      ,       1982,     17817,                      3467,            85.83807873235949 ,                    10.0,         16,          8823,                       3252,            80.51497895518692  , -215           ,   93.79867320449958 ,               35
Random       ,               1.0,    220, CSG-f1   ,        146,       220,                       293,             7.254270859123546,                    10.0,         17,          8823,                        326,             8.071304778410497 , 33             ,  111.26279863481227 ,                3
Random       ,               1.0,    220, CSG-f2   ,        140,       219,                       224,             5.545927209705372,                    10.0,         17,          8823,                        248,             6.14013369645952  , 24             ,  110.71428571428572 ,                3
Random       ,               1.0,    220, CGG      ,        120,       220,                       588,            14.558058925476603,                    10.0,         17,          8823,                        552,            13.666749195345382 , -36            ,   93.87755102040816 ,               11
Random       ,               2.0,    440, CSG-f1   ,        252,       440,                       409,            10.126268878435257,                    10.0,         17,          8823,                        443,            10.968061401336964 , 34             ,  108.31295843520783 ,                3
Random       ,               2.0,    440, CSG-f2   ,        244,       438,                       366,             9.061648923000742,                    10.0,         17,          8823,                        398,             9.853924238672938 , 32             ,  108.74316939890711 ,                3
Random       ,               2.0,    440, CGG      ,        285,       440,                       882,            21.837088388214905,                    10.0,         17,          8823,                        805,            19.930675909878683 , -77            ,   91.26984126984127 ,               10
Random       ,               5.0,   1100, CSG-f1   ,        487,      1099,                      1354,            33.52314929437979 ,                    10.0,         17,          8823,                       1388,            34.364941817281505 , 34             ,  102.51107828655834 ,               13
Random       ,               5.0,   1100, CSG-f2   ,        533,      1099,                      1553,            38.450111413716265,                    10.0,         17,          8823,                       1587,            39.29190393661797  , 34             ,  102.18931101094655 ,               25
Random       ,               5.0,   1100, CGG      ,        619,      1099,                      2519,            62.366922505570685,                    10.0,         17,          8823,                       1526,            37.78162911611785  , -993           ,   60.579595077411675,               18
Random       ,              10.0,   2201, CSG-f1   ,        869,      2196,                      2883,            71.37905422134192 ,                    10.0,         17,          8823,                       2855,            70.68581332012874  , -28            ,   99.02878945542838 ,               12
Random       ,              10.0,   2201, CSG-f2   ,        979,      2201,                      3095,            76.62787818767022 ,                    10.0,         17,          8823,                       3128,            77.44491210695716  , 33             ,  101.06623586429725 ,               16
Random       ,              10.0,   2201, CGG      ,        926,      2011,                      4039,           100.0              ,                    10.0,         17,          8823,                       2829,            70.04208962614508  , -1210          ,   70.04208962614508 ,               45
Random       ,              20.0,   4402, CSG-f1   ,       1495,      4399,                      4012,            99.33151770240158 ,                    10.0,         17,          8823,                       4017,            99.45531072047537  , 5              ,  100.12462612163509 ,                6
Random       ,              20.0,   4402, CSG-f2   ,       1620,      4399,                      3963,            98.11834612527853 ,                    10.0,         17,          8823,                       3949,            97.77172567467196  , -14            ,   99.64673227353016 ,                4
Random       ,              20.0,   4402, CGG      ,        926,      2011,                      4039,           100.0              ,                    10.0,         17,          8823,                       2829,            70.04208962614508  , -1210          ,   70.04208962614508 ,               45
Degree       ,               1.0,    892, CSG-f1   ,        117,       888,                       158,             3.911859371131468,                    10.0,         17,          8823,                        174,             4.307997028967566 , 16             ,  110.12658227848102 ,                5
Degree       ,               1.0,    892, CSG-f2   ,        209,       888,                       211,             5.224065362713543,                    10.0,         17,          8823,                        215,             5.323099777172567 , 4              ,  101.89573459715639 ,                1
Degree       ,               1.0,    892, CGG      ,        442,       891,                       555,            13.74102500618965 ,                    10.0,         17,          8823,                        520,            12.874473879673188 , -35            ,   93.69369369369369 ,                3
Degree       ,               2.0,   1784, CSG-f1   ,        177,      1766,                       368,             9.111166130230256,                    10.0,         17,          8823,                        382,             9.45778658083684  , 14             ,  103.80434782608697 ,                6
Degree       ,               2.0,   1784, CSG-f2   ,        261,      1781,                       264,             6.536271354295618,                    10.0,         17,          8823,                        268,             6.635305768754642 , 4              ,  101.51515151515152 ,                1
Degree       ,               2.0,   1784, CGG      ,        668,      1783,                       899,            22.25798464966576 ,                    10.0,         17,          8823,                        862,            21.341916315919782 , -37            ,   95.88431590656285 ,               11
Degree       ,               5.0,   4462, CSG-f1   ,        287,      4462,                       480,            11.884129735082942,                    10.0,         17,          8823,                        496,            12.28026739291904  , 16             ,  103.33333333333334 ,                6
Degree       ,               5.0,   4462, CSG-f2   ,        408,      4426,                       412,            10.200544689279525,                    10.0,         17,          8823,                        416,            10.299579103738548 , 4              ,  100.97087378640776 ,                2
Degree       ,               5.0,   4462, CGG      ,       1100,      4456,                      1411,            34.9343897004209  ,                    10.0,         17,          8823,                       1375,            34.043079970289675 , -36            ,   97.44861800141743 ,                7
Degree       ,              10.0,   8924, CSG-f1   ,        448,      8910,                       650,            16.093092349591483,                    10.0,         17,          8823,                        670,            16.588264421886606 , 20             ,  103.07692307692307 ,                6
Degree       ,              10.0,   8924, CSG-f2   ,        613,      8915,                       617,            15.276058430304532,                    10.0,         17,          8823,                        621,            15.375092844763556 , 4              ,  100.64829821717991 ,                2
Degree       ,              10.0,   8924, CGG      ,       1539,      8919,                      2405,            59.544441693488494,                    10.0,         17,          8823,                       2111,            52.26541223075019  , -294           ,   87.77546777546777 ,               16
Degree       ,              20.0,  17848, CSG-f1   ,        849,     17836,                      1853,            45.877692498143105,                    10.0,         17,          8823,                       1863,            46.125278534290665 , 10             ,  100.53966540744739 ,                8
Degree       ,              20.0,  17848, CSG-f2   ,       1075,     17802,                      1081,            26.764050507551374,                    10.0,         17,          8823,                       1085,            26.8630849220104   , 4              ,  100.37002775208141 ,                2
Degree       ,              20.0,  17848, CGG      ,       1982,     17817,                      3467,            85.83807873235949 ,                    10.0,         17,          8823,                       3226,            79.87125526120326  , -241           ,   93.04874531295067 ,               21
Random       ,               1.0,    220, CSG-f1   ,        146,       220,                       293,             7.254270859123546,                    10.0,         18,          8823,                        312,             7.724684327803912 , 19             ,  106.48464163822527 ,                4
Random       ,               1.0,    220, CSG-f2   ,        140,       219,                       224,             5.545927209705372,                    10.0,         18,          8823,                        234,             5.793513245852934 , 10             ,  104.46428571428572 ,                2
Random       ,               1.0,    220, CGG      ,        120,       220,                       588,            14.558058925476603,                    10.0,         18,          8823,                        572,            14.161921267640503 , -16            ,   97.27891156462584 ,                9
Random       ,               2.0,    440, CSG-f1   ,        252,       440,                       409,            10.126268878435257,                    10.0,         18,          8823,                        431,            10.670958157959891 , 22             ,  105.37897310513446 ,                4
Random       ,               2.0,    440, CSG-f2   ,        244,       438,                       366,             9.061648923000742,                    10.0,         18,          8823,                        383,             9.482545184451597 , 17             ,  104.64480874316939 ,                4
Random       ,               2.0,    440, CGG      ,        285,       440,                       882,            21.837088388214905,                    10.0,         18,          8823,                        846,            20.945778658083682 , -36            ,   95.91836734693877 ,                9
Random       ,               5.0,   1100, CSG-f1   ,        487,      1099,                      1354,            33.52314929437979 ,                    10.0,         18,          8823,                       1395,            34.5382520425848   , 41             ,  103.02806499261447 ,               17
Random       ,               5.0,   1100, CSG-f2   ,        533,      1099,                      1553,            38.450111413716265,                    10.0,         18,          8823,                       1564,            38.72245605347858  , 11             ,  100.70830650354152 ,               22
Random       ,               5.0,   1100, CGG      ,        619,      1099,                      2519,            62.366922505570685,                    10.0,         18,          8823,                       1715,            42.46100519930676  , -804           ,   68.08257244938468 ,               26
Random       ,              10.0,   2201, CSG-f1   ,        869,      2196,                      2883,            71.37905422134192 ,                    10.0,         18,          8823,                       2976,            73.68160435751425  , 93             ,  103.2258064516129  ,               20
Random       ,              10.0,   2201, CSG-f2   ,        979,      2201,                      3095,            76.62787818767022 ,                    10.0,         18,          8823,                       3119,            77.22208467442437  , 24             ,  100.77544426494345 ,               15
Random       ,              10.0,   2201, CGG      ,        926,      2011,                      4039,           100.0              ,                    10.0,         18,          8823,                       3449,            85.39242386729389  , -590           ,   85.39242386729389 ,               38
Random       ,              20.0,   4402, CSG-f1   ,       1495,      4399,                      4012,            99.33151770240158 ,                    10.0,         18,          8823,                       4016,            99.43055211686061  , 4              ,  100.09970089730808 ,                6
Random       ,              20.0,   4402, CSG-f2   ,       1620,      4399,                      3963,            98.11834612527853 ,                    10.0,         18,          8823,                       3955,            97.92027729636048  , -8             ,   99.79813272773151 ,                4
Random       ,              20.0,   4402, CGG      ,        926,      2011,                      4039,           100.0              ,                    10.0,         18,          8823,                       3449,            85.39242386729389  , -590           ,   85.39242386729389 ,               38
Degree       ,               1.0,    892, CSG-f1   ,        117,       888,                       158,             3.911859371131468,                    10.0,         18,          8823,                        185,             4.580341668729884 , 27             ,  117.08860759493672 ,                6
Degree       ,               1.0,    892, CSG-f2   ,        209,       888,                       211,             5.224065362713543,                    10.0,         18,          8823,                        222,             5.49641000247586  , 11             ,  105.2132701421801  ,                1
Degree       ,               1.0,    892, CGG      ,        442,       891,                       555,            13.74102500618965 ,                    10.0,         18,          8823,                        534,            13.221094330279772 , -21            ,   96.21621621621622 ,                7
Degree       ,               2.0,   1784, CSG-f1   ,        177,      1766,                       368,             9.111166130230256,                    10.0,         18,          8823,                        387,             9.58157959891062  , 19             ,  105.16304347826086 ,                6
Degree       ,               2.0,   1784, CSG-f2   ,        261,      1781,                       264,             6.536271354295618,                    10.0,         18,          8823,                        275,             6.808615994057936 , 11             ,  104.16666666666667 ,                1
Degree       ,               2.0,   1784, CGG      ,        668,      1783,                       899,            22.25798464966576 ,                    10.0,         18,          8823,                        840,            20.797227036395146 , -59            ,   93.43715239154616 ,                9
Degree       ,               5.0,   4462, CSG-f1   ,        287,      4462,                       480,            11.884129735082942,                    10.0,         18,          8823,                        510,            12.626887843525624 , 30             ,  106.25             ,                6
Degree       ,               5.0,   4462, CSG-f2   ,        408,      4426,                       412,            10.200544689279525,                    10.0,         18,          8823,                        417,            10.324337707353305 , 5              ,  101.21359223300972 ,                2
Degree       ,               5.0,   4462, CGG      ,       1100,      4456,                      1411,            34.9343897004209  ,                    10.0,         18,          8823,                       1364,            33.77073533052736  , -47            ,   96.66902905740609 ,                7
Degree       ,              10.0,   8924, CSG-f1   ,        448,      8910,                       650,            16.093092349591483,                    10.0,         18,          8823,                        677,            16.761574647189896 , 27             ,  104.15384615384615 ,                6
Degree       ,              10.0,   8924, CSG-f2   ,        613,      8915,                       617,            15.276058430304532,                    10.0,         18,          8823,                        623,            15.424610051993067 , 6              ,  100.97244732576986 ,                2
Degree       ,              10.0,   8924, CGG      ,       1539,      8919,                      2405,            59.544441693488494,                    10.0,         18,          8823,                       2183,            54.04803169101263  , -222           ,   90.76923076923077 ,               20
Degree       ,              20.0,  17848, CSG-f1   ,        849,     17836,                      1853,            45.877692498143105,                    10.0,         18,          8823,                       1875,            46.42238177766774  , 22             ,  101.18726389638424 ,                7
Degree       ,              20.0,  17848, CSG-f2   ,       1075,     17802,                      1081,            26.764050507551374,                    10.0,         18,          8823,                       1084,            26.838326318395644 , 3              ,  100.27752081406105 ,                2
Degree       ,              20.0,  17848, CGG      ,       1982,     17817,                      3467,            85.83807873235949 ,                    10.0,         18,          8823,                       3069,            75.98415449368655  , -398           ,   88.52033458321316 ,               23
Random       ,               1.0,    220, CSG-f1   ,        146,       220,                       293,             7.254270859123546,                    10.0,         19,          8823,                        332,             8.219856400099035 , 39             ,  113.31058020477815 ,               11
Random       ,               1.0,    220, CSG-f2   ,        140,       219,                       224,             5.545927209705372,                    10.0,         19,          8823,                        252,             6.239168110918544 , 28             ,  112.5              ,                3
Random       ,               1.0,    220, CGG      ,        120,       220,                       588,            14.558058925476603,                    10.0,         19,          8823,                        555,            13.74102500618965  , -33            ,   94.38775510204081 ,               11
Random       ,               2.0,    440, CSG-f1   ,        252,       440,                       409,            10.126268878435257,                    10.0,         19,          8823,                        449,            11.1166130230255   , 40             ,  109.7799511002445  ,               11
Random       ,               2.0,    440, CSG-f2   ,        244,       438,                       366,             9.061648923000742,                    10.0,         19,          8823,                        404,            10.002475860361477 , 38             ,  110.38251366120218 ,               11
Random       ,               2.0,    440, CGG      ,        285,       440,                       882,            21.837088388214905,                    10.0,         19,          8823,                        803,            19.88115870264917  , -79            ,   91.04308390022676 ,               11
Random       ,               5.0,   1100, CSG-f1   ,        487,      1099,                      1354,            33.52314929437979 ,                    10.0,         19,          8823,                       1539,            38.103490963109685 , 185            ,  113.66322008862628 ,               30
Random       ,               5.0,   1100, CSG-f2   ,        533,      1099,                      1553,            38.450111413716265,                    10.0,         19,          8823,                       1586,            39.267145333003214 , 33             ,  102.1249195106246  ,               25
Random       ,               5.0,   1100, CGG      ,        619,      1099,                      2519,            62.366922505570685,                    10.0,         19,          8823,                       1608,            39.81183461252785  , -911           ,   63.834855101230644,               26
Random       ,              10.0,   2201, CSG-f1   ,        869,      2196,                      2883,            71.37905422134192 ,                    10.0,         19,          8823,                       3075,            76.13270611537509  , 192            ,  106.65972944849116 ,               20
Random       ,              10.0,   2201, CSG-f2   ,        979,      2201,                      3095,            76.62787818767022 ,                    10.0,         19,          8823,                       3095,            76.62787818767022  , 0              ,  100.0              ,               14
Random       ,              10.0,   2201, CGG      ,        926,      2011,                      4039,           100.0              ,                    10.0,         19,          8823,                       2585,            64.0009903441446   , -1454          ,   64.0009903441446  ,               37
Random       ,              20.0,   4402, CSG-f1   ,       1495,      4399,                      4012,            99.33151770240158 ,                    10.0,         19,          8823,                       4007,            99.2077246843278   , -5             ,   99.8753738783649  ,                5
Random       ,              20.0,   4402, CSG-f2   ,       1620,      4399,                      3963,            98.11834612527853 ,                    10.0,         19,          8823,                       3956,            97.94503589997524  , -7             ,   99.82336613676507 ,                4
Random       ,              20.0,   4402, CGG      ,        926,      2011,                      4039,           100.0              ,                    10.0,         19,          8823,                       2585,            64.0009903441446   , -1454          ,   64.0009903441446  ,               37
Degree       ,               1.0,    892, CSG-f1   ,        117,       888,                       158,             3.911859371131468,                    10.0,         19,          8823,                        182,             4.506065857885615 , 24             ,  115.18987341772151 ,                8
Degree       ,               1.0,    892, CSG-f2   ,        209,       888,                       211,             5.224065362713543,                    10.0,         19,          8823,                        220,             5.446892795246348 , 9              ,  104.2654028436019  ,                1
Degree       ,               1.0,    892, CGG      ,        442,       891,                       555,            13.74102500618965 ,                    10.0,         19,          8823,                        545,            13.49343897004209  , -10            ,   98.1981981981982  ,               15
Degree       ,               2.0,   1784, CSG-f1   ,        177,      1766,                       368,             9.111166130230256,                    10.0,         19,          8823,                        376,             9.309234959148304 , 8              ,  102.17391304347827 ,                6
Degree       ,               2.0,   1784, CSG-f2   ,        261,      1781,                       264,             6.536271354295618,                    10.0,         19,          8823,                        273,             6.759098786828423 , 9              ,  103.40909090909092 ,                1
Degree       ,               2.0,   1784, CGG      ,        668,      1783,                       899,            22.25798464966576 ,                    10.0,         19,          8823,                        884,            21.886605595444415 , -15            ,   98.33147942157953 ,               15
Degree       ,               5.0,   4462, CSG-f1   ,        287,      4462,                       480,            11.884129735082942,                    10.0,         19,          8823,                        493,            12.205991582074772 , 13             ,  102.70833333333333 ,                6
Degree       ,               5.0,   4462, CSG-f2   ,        408,      4426,                       412,            10.200544689279525,                    10.0,         19,          8823,                        417,            10.324337707353305 , 5              ,  101.21359223300972 ,                1
Degree       ,               5.0,   4462, CGG      ,       1100,      4456,                      1411,            34.9343897004209  ,                    10.0,         19,          8823,                       1391,            34.439217628125775 , -20            ,   98.58256555634301 ,               15
Degree       ,              10.0,   8924, CSG-f1   ,        448,      8910,                       650,            16.093092349591483,                    10.0,         19,          8823,                        670,            16.588264421886606 , 20             ,  103.07692307692307 ,                6
Degree       ,              10.0,   8924, CSG-f2   ,        613,      8915,                       617,            15.276058430304532,                    10.0,         19,          8823,                        624,            15.449368655607824 , 7              ,  101.13452188006482 ,                1
Degree       ,              10.0,   8924, CGG      ,       1539,      8919,                      2405,            59.544441693488494,                    10.0,         19,          8823,                       2251,            55.73161673681605  , -154           ,   93.5966735966736  ,               26
Degree       ,              20.0,  17848, CSG-f1   ,        849,     17836,                      1853,            45.877692498143105,                    10.0,         19,          8823,                       1861,            46.07576132706115  , 8              ,  100.4317323259579  ,                9
Degree       ,              20.0,  17848, CSG-f2   ,       1075,     17802,                      1081,            26.764050507551374,                    10.0,         19,          8823,                       1087,            26.91260212923991  , 6              ,  100.5550416281221  ,                1
Degree       ,              20.0,  17848, CGG      ,       1982,     17817,                      3467,            85.83807873235949 ,                    10.0,         19,          8823,                       3124,            77.34587769249815  , -343           ,   90.1067205076435  ,               20
Random       ,               1.0,    220, CSG-f1   ,        146,       220,                       293,             7.254270859123546,                    20.0,          0,         17646,                        324,             8.021787571180985 , 31             ,  110.580204778157   ,                3
Random       ,               1.0,    220, CSG-f2   ,        140,       219,                       224,             5.545927209705372,                    20.0,          0,         17646,                        249,             6.164892300074277 , 25             ,  111.16071428571428 ,                4
Random       ,               1.0,    220, CGG      ,        120,       220,                       588,            14.558058925476603,                    20.0,          0,         17646,                        532,            13.171577123050259 , -56            ,   90.47619047619048 ,               10
Random       ,               2.0,    440, CSG-f1   ,        252,       440,                       409,            10.126268878435257,                    20.0,          0,         17646,                        437,            10.819509779648428 , 28             ,  106.84596577017116 ,                3
Random       ,               2.0,    440, CSG-f2   ,        244,       438,                       366,             9.061648923000742,                    20.0,          0,         17646,                        391,             9.680614013369645 , 25             ,  106.83060109289617 ,                3
Random       ,               2.0,    440, CGG      ,        285,       440,                       882,            21.837088388214905,                    20.0,          0,         17646,                        808,            20.004951720722953 , -74            ,   91.60997732426304 ,               10
Random       ,               5.0,   1100, CSG-f1   ,        487,      1099,                      1354,            33.52314929437979 ,                    20.0,          0,         17646,                       1398,            34.612527853429064 , 44             ,  103.2496307237814  ,               13
Random       ,               5.0,   1100, CSG-f2   ,        533,      1099,                      1553,            38.450111413716265,                    20.0,          0,         17646,                       1461,            36.17231988115871  , -92            ,   94.07598197037991 ,               16
Random       ,               5.0,   1100, CGG      ,        619,      1099,                      2519,            62.366922505570685,                    20.0,          0,         17646,                       1519,            37.60831889081456  , -1000          ,   60.30170702659786 ,               31
Random       ,              10.0,   2201, CSG-f1   ,        869,      2196,                      2883,            71.37905422134192 ,                    20.0,          0,         17646,                       2906,            71.9485021044813   , 23             ,  100.79778009018384 ,               10
Random       ,              10.0,   2201, CSG-f2   ,        979,      2201,                      3095,            76.62787818767022 ,                    20.0,          0,         17646,                       3189,            78.95518692745729  , 94             ,  103.03715670436186 ,               22
Random       ,              10.0,   2201, CGG      ,        926,      2011,                      4039,           100.0              ,                    20.0,          0,         17646,                       2594,            64.2238177766774   , -1445          ,   64.2238177766774  ,               23
Random       ,              20.0,   4402, CSG-f1   ,       1495,      4399,                      4012,            99.33151770240158 ,                    20.0,          0,         17646,                       4013,            99.35627630601634  , 1              ,  100.02492522432702 ,                5
Random       ,              20.0,   4402, CSG-f2   ,       1620,      4399,                      3963,            98.11834612527853 ,                    20.0,          0,         17646,                       3973,            98.3659321614261   , 10             ,  100.25233409033561 ,                4
Random       ,              20.0,   4402, CGG      ,        926,      2011,                      4039,           100.0              ,                    20.0,          0,         17646,                       2594,            64.2238177766774   , -1445          ,   64.2238177766774  ,               23
Degree       ,               1.0,    892, CSG-f1   ,        117,       888,                       158,             3.911859371131468,                    20.0,          0,         17646,                        185,             4.580341668729884 , 27             ,  117.08860759493672 ,                5
Degree       ,               1.0,    892, CSG-f2   ,        209,       888,                       211,             5.224065362713543,                    20.0,          0,         17646,                        223,             5.521168606090616 , 12             ,  105.68720379146919 ,                1
Degree       ,               1.0,    892, CGG      ,        442,       891,                       555,            13.74102500618965 ,                    20.0,          0,         17646,                        541,            13.394404555583064 , -14            ,   97.47747747747748 ,               12
Degree       ,               2.0,   1784, CSG-f1   ,        177,      1766,                       368,             9.111166130230256,                    20.0,          0,         17646,                        388,             9.606338202525377 , 20             ,  105.43478260869566 ,                6
Degree       ,               2.0,   1784, CSG-f2   ,        261,      1781,                       264,             6.536271354295618,                    20.0,          0,         17646,                        275,             6.808615994057936 , 11             ,  104.16666666666667 ,                1
Degree       ,               2.0,   1784, CGG      ,        668,      1783,                       899,            22.25798464966576 ,                    20.0,          0,         17646,                        845,            20.92102005446893  , -54            ,   93.99332591768632 ,               12
Degree       ,               5.0,   4462, CSG-f1   ,        287,      4462,                       480,            11.884129735082942,                    20.0,          0,         17646,                        503,            12.453577618222331 , 23             ,  104.79166666666666 ,                6
Degree       ,               5.0,   4462, CSG-f2   ,        408,      4426,                       412,            10.200544689279525,                    20.0,          0,         17646,                        420,            10.398613518197573 , 8              ,  101.94174757281553 ,                2
Degree       ,               5.0,   4462, CGG      ,       1100,      4456,                      1411,            34.9343897004209  ,                    20.0,          0,         17646,                       1374,            34.01832136667492  , -37            ,   97.37774627923459 ,               12
Degree       ,              10.0,   8924, CSG-f1   ,        448,      8910,                       650,            16.093092349591483,                    20.0,          0,         17646,                        674,            16.68729883634563  , 24             ,  103.69230769230768 ,                6
Degree       ,              10.0,   8924, CSG-f2   ,        613,      8915,                       617,            15.276058430304532,                    20.0,          0,         17646,                        624,            15.449368655607824 , 7              ,  101.13452188006482 ,                1
Degree       ,              10.0,   8924, CGG      ,       1539,      8919,                      2405,            59.544441693488494,                    20.0,          0,         17646,                       2237,            55.38499628620946  , -168           ,   93.01455301455302 ,               23
Degree       ,              20.0,  17848, CSG-f1   ,        849,     17836,                      1853,            45.877692498143105,                    20.0,          0,         17646,                       1857,            45.97672691260213  , 4              ,  100.21586616297895 ,                7
Degree       ,              20.0,  17848, CSG-f2   ,       1075,     17802,                      1081,            26.764050507551374,                    20.0,          0,         17646,                       1089,            26.962119336469424 , 8              ,  100.74005550416281 ,                1
Degree       ,              20.0,  17848, CGG      ,       1982,     17817,                      3467,            85.83807873235949 ,                    20.0,          0,         17646,                       3312,            82.00049517207229  , -155           ,   95.52927603115086 ,               28
Random       ,               1.0,    220, CSG-f1   ,        146,       220,                       293,             7.254270859123546,                    20.0,          1,         17646,                        334,             8.269373607328546 , 41             ,  113.99317406143345 ,                4
Random       ,               1.0,    220, CSG-f2   ,        140,       219,                       224,             5.545927209705372,                    20.0,          1,         17646,                        262,             6.486754147066105 , 38             ,  116.96428571428572 ,                4
Random       ,               1.0,    220, CGG      ,        120,       220,                       588,            14.558058925476603,                    20.0,          1,         17646,                        535,            13.245852933894527 , -53            ,   90.98639455782312 ,               13
Random       ,               2.0,    440, CSG-f1   ,        252,       440,                       409,            10.126268878435257,                    20.0,          1,         17646,                        448,            11.091854419410744 , 39             ,  109.53545232273838 ,                4
Random       ,               2.0,    440, CSG-f2   ,        244,       438,                       366,             9.061648923000742,                    20.0,          1,         17646,                        404,            10.002475860361477 , 38             ,  110.38251366120218 ,                4
Random       ,               2.0,    440, CGG      ,        285,       440,                       882,            21.837088388214905,                    20.0,          1,         17646,                        793,            19.633572666501607 , -89            ,   89.90929705215419 ,               13
Random       ,               5.0,   1100, CSG-f1   ,        487,      1099,                      1354,            33.52314929437979 ,                    20.0,          1,         17646,                       1386,            34.31542461005199  , 32             ,  102.36336779911375 ,               15
Random       ,               5.0,   1100, CSG-f2   ,        533,      1099,                      1553,            38.450111413716265,                    20.0,          1,         17646,                       1392,            34.46397623174053  , -161           ,   89.63296844816485 ,               26
Random       ,               5.0,   1100, CGG      ,        619,      1099,                      2519,            62.366922505570685,                    20.0,          1,         17646,                       1953,            48.353552859618716 , -566           ,   77.53076617705439 ,               37
Random       ,              10.0,   2201, CSG-f1   ,        869,      2196,                      2883,            71.37905422134192 ,                    20.0,          1,         17646,                       2998,            74.22629363703888  , 115            ,  103.98890045091918 ,               23
Random       ,              10.0,   2201, CSG-f2   ,        979,      2201,                      3095,            76.62787818767022 ,                    20.0,          1,         17646,                       3213,            79.54939341421144  , 118            ,  103.81260096930534 ,               17
Random       ,              10.0,   2201, CGG      ,        926,      2011,                      4039,           100.0              ,                    20.0,          1,         17646,                       3173,            78.5590492696212   , -866           ,   78.5590492696212  ,               34
Random       ,              20.0,   4402, CSG-f1   ,       1495,      4399,                      4012,            99.33151770240158 ,                    20.0,          1,         17646,                       4019,            99.50482792770488  , 7              ,  100.17447657028913 ,                5
Random       ,              20.0,   4402, CSG-f2   ,       1620,      4399,                      3963,            98.11834612527853 ,                    20.0,          1,         17646,                       3962,            98.09358752166378  , -1             ,   99.97476659096644 ,                5
Random       ,              20.0,   4402, CGG      ,        926,      2011,                      4039,           100.0              ,                    20.0,          1,         17646,                       3173,            78.5590492696212   , -866           ,   78.5590492696212  ,               34
Degree       ,               1.0,    892, CSG-f1   ,        117,       888,                       158,             3.911859371131468,                    20.0,          1,         17646,                        184,             4.555583065115128 , 26             ,  116.45569620253164 ,                7
Degree       ,               1.0,    892, CSG-f2   ,        209,       888,                       211,             5.224065362713543,                    20.0,          1,         17646,                        222,             5.49641000247586  , 11             ,  105.2132701421801  ,                1
Degree       ,               1.0,    892, CGG      ,        442,       891,                       555,            13.74102500618965 ,                    20.0,          1,         17646,                        513,            12.701163654369893 , -42            ,   92.43243243243244 ,                3
Degree       ,               2.0,   1784, CSG-f1   ,        177,      1766,                       368,             9.111166130230256,                    20.0,          1,         17646,                        391,             9.680614013369645 , 23             ,  106.25             ,                5
Degree       ,               2.0,   1784, CSG-f2   ,        261,      1781,                       264,             6.536271354295618,                    20.0,          1,         17646,                        279,             6.907650408516959 , 15             ,  105.68181818181819 ,                3
Degree       ,               2.0,   1784, CGG      ,        668,      1783,                       899,            22.25798464966576 ,                    20.0,          1,         17646,                        816,            20.203020549641    , -83            ,   90.76751946607341 ,                7
Degree       ,               5.0,   4462, CSG-f1   ,        287,      4462,                       480,            11.884129735082942,                    20.0,          1,         17646,                        503,            12.453577618222331 , 23             ,  104.79166666666666 ,                5
Degree       ,               5.0,   4462, CSG-f2   ,        408,      4426,                       412,            10.200544689279525,                    20.0,          1,         17646,                        421,            10.42337212181233  , 9              ,  102.18446601941748 ,                1
Degree       ,               5.0,   4462, CGG      ,       1100,      4456,                      1411,            34.9343897004209  ,                    20.0,          1,         17646,                       1337,            33.10225303292894  , -74            ,   94.75549255846917 ,                9
Degree       ,              10.0,   8924, CSG-f1   ,        448,      8910,                       650,            16.093092349591483,                    20.0,          1,         17646,                        686,            16.984402079722706 , 36             ,  105.53846153846153 ,                5
Degree       ,              10.0,   8924, CSG-f2   ,        613,      8915,                       617,            15.276058430304532,                    20.0,          1,         17646,                        624,            15.449368655607824 , 7              ,  101.13452188006482 ,                1
Degree       ,              10.0,   8924, CGG      ,       1539,      8919,                      2405,            59.544441693488494,                    20.0,          1,         17646,                       2171,            53.75092844763555  , -234           ,   90.27027027027027 ,               27
Degree       ,              20.0,  17848, CSG-f1   ,        849,     17836,                      1853,            45.877692498143105,                    20.0,          1,         17646,                       1871,            46.32334736320872  , 18             ,  100.97139773340528 ,                8
Degree       ,              20.0,  17848, CSG-f2   ,       1075,     17802,                      1081,            26.764050507551374,                    20.0,          1,         17646,                       1089,            26.962119336469424 , 8              ,  100.74005550416281 ,                1
Degree       ,              20.0,  17848, CGG      ,       1982,     17817,                      3467,            85.83807873235949 ,                    20.0,          1,         17646,                       3073,            76.08318890814559  , -394           ,   88.6357081049899  ,               30
Random       ,               1.0,    220, CSG-f1   ,        146,       220,                       293,             7.254270859123546,                    20.0,          2,         17646,                        344,             8.516959643476108 , 51             ,  117.40614334470989 ,                5
Random       ,               1.0,    220, CSG-f2   ,        140,       219,                       224,             5.545927209705372,                    20.0,          2,         17646,                        265,             6.561029957910374 , 41             ,  118.30357142857142 ,                5
Random       ,               1.0,    220, CGG      ,        120,       220,                       588,            14.558058925476603,                    20.0,          2,         17646,                        499,            12.354543203763308 , -89            ,   84.8639455782313  ,                8
Random       ,               2.0,    440, CSG-f1   ,        252,       440,                       409,            10.126268878435257,                    20.0,          2,         17646,                        468,            11.587026491705869 , 59             ,  114.42542787286062 ,                5
Random       ,               2.0,    440, CSG-f2   ,        244,       438,                       366,             9.061648923000742,                    20.0,          2,         17646,                        415,            10.274820500123793 , 49             ,  113.3879781420765  ,                5
Random       ,               2.0,    440, CGG      ,        285,       440,                       882,            21.837088388214905,                    20.0,          2,         17646,                        799,            19.782124288190143 , -83            ,   90.58956916099773 ,               13
Random       ,               5.0,   1100, CSG-f1   ,        487,      1099,                      1354,            33.52314929437979 ,                    20.0,          2,         17646,                       1408,            34.860113889576624 , 54             ,  103.98818316100443 ,               16
Random       ,               5.0,   1100, CSG-f2   ,        533,      1099,                      1553,            38.450111413716265,                    20.0,          2,         17646,                       1600,            39.61376578360981  , 47             ,  103.02640051513201 ,               26
Random       ,               5.0,   1100, CGG      ,        619,      1099,                      2519,            62.366922505570685,                    20.0,          2,         17646,                       1791,            44.34265907402823  , -728           ,   71.09964271536325 ,               25
Random       ,              10.0,   2201, CSG-f1   ,        869,      2196,                      2883,            71.37905422134192 ,                    20.0,          2,         17646,                       2893,            71.62664025748948  , 10             ,  100.34686090877558 ,               11
Random       ,              10.0,   2201, CSG-f2   ,        979,      2201,                      3095,            76.62787818767022 ,                    20.0,          2,         17646,                       3080,            76.25649913344887  , -15            ,   99.51534733441034 ,               13
Random       ,              10.0,   2201, CGG      ,        926,      2011,                      4039,           100.0              ,                    20.0,          2,         17646,                       3475,            86.03614756127755  , -564           ,   86.03614756127755 ,               38
Random       ,              20.0,   4402, CSG-f1   ,       1495,      4399,                      4012,            99.33151770240158 ,                    20.0,          2,         17646,                       4018,            99.48006932409012  , 6              ,  100.14955134596211 ,                5
Random       ,              20.0,   4402, CSG-f2   ,       1620,      4399,                      3963,            98.11834612527853 ,                    20.0,          2,         17646,                       3976,            98.44020797227037  , 13             ,  100.32803431743629 ,                5
Random       ,              20.0,   4402, CGG      ,        926,      2011,                      4039,           100.0              ,                    20.0,          2,         17646,                       3475,            86.03614756127755  , -564           ,   86.03614756127755 ,               38
Degree       ,               1.0,    892, CSG-f1   ,        117,       888,                       158,             3.911859371131468,                    20.0,          2,         17646,                        179,             4.431790047041346 , 21             ,  113.29113924050634 ,                3
Degree       ,               1.0,    892, CSG-f2   ,        209,       888,                       211,             5.224065362713543,                    20.0,          2,         17646,                        229,             5.669720227779154 , 18             ,  108.5308056872038  ,                2
Degree       ,               1.0,    892, CGG      ,        442,       891,                       555,            13.74102500618965 ,                    20.0,          2,         17646,                        513,            12.701163654369893 , -42            ,   92.43243243243244 ,                4
Degree       ,               2.0,   1784, CSG-f1   ,        177,      1766,                       368,             9.111166130230256,                    20.0,          2,         17646,                        390,             9.65585540975489  , 22             ,  105.9782608695652  ,                6
Degree       ,               2.0,   1784, CSG-f2   ,        261,      1781,                       264,             6.536271354295618,                    20.0,          2,         17646,                        283,             7.006684822975984 , 19             ,  107.1969696969697  ,                2
Degree       ,               2.0,   1784, CGG      ,        668,      1783,                       899,            22.25798464966576 ,                    20.0,          2,         17646,                        816,            20.203020549641    , -83            ,   90.76751946607341 ,                6
Degree       ,               5.0,   4462, CSG-f1   ,        287,      4462,                       480,            11.884129735082942,                    20.0,          2,         17646,                        503,            12.453577618222331 , 23             ,  104.79166666666666 ,                6
Degree       ,               5.0,   4462, CSG-f2   ,        408,      4426,                       412,            10.200544689279525,                    20.0,          2,         17646,                        429,            10.62144095073038  , 17             ,  104.12621359223301 ,                2
Degree       ,               5.0,   4462, CGG      ,       1100,      4456,                      1411,            34.9343897004209  ,                    20.0,          2,         17646,                       1340,            33.17652884377321  , -71            ,   94.96810772501772 ,                8
Degree       ,              10.0,   8924, CSG-f1   ,        448,      8910,                       650,            16.093092349591483,                    20.0,          2,         17646,                        679,            16.81109185441941  , 29             ,  104.46153846153847 ,                6
Degree       ,              10.0,   8924, CSG-f2   ,        613,      8915,                       617,            15.276058430304532,                    20.0,          2,         17646,                        634,            15.696954691755385 , 17             ,  102.7552674230146  ,                2
Degree       ,              10.0,   8924, CGG      ,       1539,      8919,                      2405,            59.544441693488494,                    20.0,          2,         17646,                       2188,            54.1718247090864   , -217           ,   90.97713097713098 ,               19
Degree       ,              20.0,  17848, CSG-f1   ,        849,     17836,                      1853,            45.877692498143105,                    20.0,          2,         17646,                       1869,            46.2738301559792   , 16             ,  100.8634646519158  ,                6
Degree       ,              20.0,  17848, CSG-f2   ,       1075,     17802,                      1081,            26.764050507551374,                    20.0,          2,         17646,                       1095,            27.11067095815796  , 14             ,  101.29509713228492 ,                2
Degree       ,              20.0,  17848, CGG      ,       1982,     17817,                      3467,            85.83807873235949 ,                    20.0,          2,         17646,                       3226,            79.87125526120326  , -241           ,   93.04874531295067 ,               22
Random       ,               1.0,    220, CSG-f1   ,        146,       220,                       293,             7.254270859123546,                    20.0,          3,         17646,                        320,             7.922753156721961 , 27             ,  109.21501706484642 ,                3
Random       ,               1.0,    220, CSG-f2   ,        140,       219,                       224,             5.545927209705372,                    20.0,          3,         17646,                        250,             6.189650903689032 , 26             ,  111.60714285714286 ,                3
Random       ,               1.0,    220, CGG      ,        120,       220,                       588,            14.558058925476603,                    20.0,          3,         17646,                        550,            13.617231988115872 , -38            ,   93.5374149659864  ,               10
Random       ,               2.0,    440, CSG-f1   ,        252,       440,                       409,            10.126268878435257,                    20.0,          3,         17646,                        438,            10.844268383263184 , 29             ,  107.09046454767726 ,                3
Random       ,               2.0,    440, CSG-f2   ,        244,       438,                       366,             9.061648923000742,                    20.0,          3,         17646,                        395,             9.77964842782867  , 29             ,  107.92349726775956 ,                3
Random       ,               2.0,    440, CGG      ,        285,       440,                       882,            21.837088388214905,                    20.0,          3,         17646,                        827,            20.47536518940332  , -55            ,   93.7641723356009  ,               10
Random       ,               5.0,   1100, CSG-f1   ,        487,      1099,                      1354,            33.52314929437979 ,                    20.0,          3,         17646,                       1396,            34.56301064619956  , 42             ,  103.10192023633678 ,               15
Random       ,               5.0,   1100, CSG-f2   ,        533,      1099,                      1553,            38.450111413716265,                    20.0,          3,         17646,                       1448,            35.85045803416687  , -105           ,   93.23889246619447 ,               18
Random       ,               5.0,   1100, CGG      ,        619,      1099,                      2519,            62.366922505570685,                    20.0,          3,         17646,                       2366,            58.578856152513005 , -153           ,   93.92616117506947 ,               40
Random       ,              10.0,   2201, CSG-f1   ,        869,      2196,                      2883,            71.37905422134192 ,                    20.0,          3,         17646,                       2847,            70.48774449121069  , -36            ,   98.75130072840791 ,                9
Random       ,              10.0,   2201, CSG-f2   ,        979,      2201,                      3095,            76.62787818767022 ,                    20.0,          3,         17646,                       3151,            78.01435999009657  , 56             ,  101.80936995153473 ,               23
Random       ,              10.0,   2201, CGG      ,        926,      2011,                      4039,           100.0              ,                    20.0,          3,         17646,                       3286,            81.35677147808865  , -753           ,   81.35677147808865 ,               31
Random       ,              20.0,   4402, CSG-f1   ,       1495,      4399,                      4012,            99.33151770240158 ,                    20.0,          3,         17646,                       4014,            99.3810349096311   , 2              ,  100.04985044865404 ,                5
Random       ,              20.0,   4402, CSG-f2   ,       1620,      4399,                      3963,            98.11834612527853 ,                    20.0,          3,         17646,                       4013,            99.35627630601634  , 50             ,  101.26167045167801 ,               11
Random       ,              20.0,   4402, CGG      ,        926,      2011,                      4039,           100.0              ,                    20.0,          3,         17646,                       3286,            81.35677147808865  , -753           ,   81.35677147808865 ,               31
Degree       ,               1.0,    892, CSG-f1   ,        117,       888,                       158,             3.911859371131468,                    20.0,          3,         17646,                        181,             4.481307254270859 , 23             ,  114.55696202531647 ,                5
Degree       ,               1.0,    892, CSG-f2   ,        209,       888,                       211,             5.224065362713543,                    20.0,          3,         17646,                        221,             5.471651398861104 , 10             ,  104.739336492891   ,                1
Degree       ,               1.0,    892, CGG      ,        442,       891,                       555,            13.74102500618965 ,                    20.0,          3,         17646,                        544,            13.468680366427332 , -11            ,   98.01801801801801 ,               11
Degree       ,               2.0,   1784, CSG-f1   ,        177,      1766,                       368,             9.111166130230256,                    20.0,          3,         17646,                        389,             9.631096806140134 , 21             ,  105.70652173913044 ,                6
Degree       ,               2.0,   1784, CSG-f2   ,        261,      1781,                       264,             6.536271354295618,                    20.0,          3,         17646,                        274,             6.783857390443179 , 10             ,  103.78787878787878 ,                1
Degree       ,               2.0,   1784, CGG      ,        668,      1783,                       899,            22.25798464966576 ,                    20.0,          3,         17646,                        854,            21.143847487001732 , -45            ,   94.9944382647386  ,               11
Degree       ,               5.0,   4462, CSG-f1   ,        287,      4462,                       480,            11.884129735082942,                    20.0,          3,         17646,                        502,            12.428819014607576 , 22             ,  104.58333333333334 ,                6
Degree       ,               5.0,   4462, CSG-f2   ,        408,      4426,                       412,            10.200544689279525,                    20.0,          3,         17646,                        420,            10.398613518197573 , 8              ,  101.94174757281553 ,                1
Degree       ,               5.0,   4462, CGG      ,       1100,      4456,                      1411,            34.9343897004209  ,                    20.0,          3,         17646,                       1362,            33.721218123297845 , -49            ,   96.52728561304039 ,               11
Degree       ,              10.0,   8924, CSG-f1   ,        448,      8910,                       650,            16.093092349591483,                    20.0,          3,         17646,                        680,            16.835850458034166 , 30             ,  104.61538461538463 ,                6
Degree       ,              10.0,   8924, CSG-f2   ,        613,      8915,                       617,            15.276058430304532,                    20.0,          3,         17646,                        624,            15.449368655607824 , 7              ,  101.13452188006482 ,                1
Degree       ,              10.0,   8924, CGG      ,       1539,      8919,                      2405,            59.544441693488494,                    20.0,          3,         17646,                       2152,            53.28051497895518  , -253           ,   89.48024948024948 ,               19
Degree       ,              20.0,  17848, CSG-f1   ,        849,     17836,                      1853,            45.877692498143105,                    20.0,          3,         17646,                       1874,            46.39762317405298  , 21             ,  101.1332973556395  ,                7
Degree       ,              20.0,  17848, CSG-f2   ,       1075,     17802,                      1081,            26.764050507551374,                    20.0,          3,         17646,                       1090,            26.98687794008418  , 9              ,  100.83256244218317 ,                1
Degree       ,              20.0,  17848, CGG      ,       1982,     17817,                      3467,            85.83807873235949 ,                    20.0,          3,         17646,                       3287,            81.38153008170339  , -180           ,   94.80819152004615 ,               37
Random       ,               1.0,    220, CSG-f1   ,        146,       220,                       293,             7.254270859123546,                    20.0,          4,         17646,                        327,             8.096063382025253 , 34             ,  111.60409556313992 ,                3
Random       ,               1.0,    220, CSG-f2   ,        140,       219,                       224,             5.545927209705372,                    20.0,          4,         17646,                        247,             6.115375092844764 , 23             ,  110.26785714285714 ,                3
Random       ,               1.0,    220, CGG      ,        120,       220,                       588,            14.558058925476603,                    20.0,          4,         17646,                        504,            12.478336221837088 , -84            ,   85.71428571428571 ,                7
Random       ,               2.0,    440, CSG-f1   ,        252,       440,                       409,            10.126268878435257,                    20.0,          4,         17646,                        442,            10.943302797722207 , 33             ,  108.06845965770171 ,                3
Random       ,               2.0,    440, CSG-f2   ,        244,       438,                       366,             9.061648923000742,                    20.0,          4,         17646,                        405,            10.027234463976232 , 39             ,  110.65573770491804 ,                3
Random       ,               2.0,    440, CGG      ,        285,       440,                       882,            21.837088388214905,                    20.0,          4,         17646,                        775,            19.187917801436    , -107           ,   87.86848072562358 ,                8
Random       ,               5.0,   1100, CSG-f1   ,        487,      1099,                      1354,            33.52314929437979 ,                    20.0,          4,         17646,                       1380,            34.16687298836346  , 26             ,  101.92023633677991 ,               13
Random       ,               5.0,   1100, CSG-f2   ,        533,      1099,                      1553,            38.450111413716265,                    20.0,          4,         17646,                       1441,            35.67714780886358  , -112           ,   92.78815196394076 ,               21
Random       ,               5.0,   1100, CGG      ,        619,      1099,                      2519,            62.366922505570685,                    20.0,          4,         17646,                       1635,            40.48031691012627  , -884           ,   64.9067090115125  ,               20
Random       ,              10.0,   2201, CSG-f1   ,        869,      2196,                      2883,            71.37905422134192 ,                    20.0,          4,         17646,                       3002,            74.32532805149789  , 119            ,  104.12764481442942 ,               16
Random       ,              10.0,   2201, CSG-f2   ,        979,      2201,                      3095,            76.62787818767022 ,                    20.0,          4,         17646,                       3147,            77.91532557563754  , 52             ,  101.68012924071081 ,               15
Random       ,              10.0,   2201, CGG      ,        926,      2011,                      4039,           100.0              ,                    20.0,          4,         17646,                       3187,            78.90566972022778  , -852           ,   78.90566972022778 ,               47
Random       ,              20.0,   4402, CSG-f1   ,       1495,      4399,                      4012,            99.33151770240158 ,                    20.0,          4,         17646,                       4016,            99.43055211686061  , 4              ,  100.09970089730808 ,                5
Random       ,              20.0,   4402, CSG-f2   ,       1620,      4399,                      3963,            98.11834612527853 ,                    20.0,          4,         17646,                       3983,            98.61351819757365  , 20             ,  100.5046681806712  ,                6
Random       ,              20.0,   4402, CGG      ,        926,      2011,                      4039,           100.0              ,                    20.0,          4,         17646,                       3187,            78.90566972022778  , -852           ,   78.90566972022778 ,               47
Degree       ,               1.0,    892, CSG-f1   ,        117,       888,                       158,             3.911859371131468,                    20.0,          4,         17646,                        188,             4.654617479574152 , 30             ,  118.9873417721519  ,                5
Degree       ,               1.0,    892, CSG-f2   ,        209,       888,                       211,             5.224065362713543,                    20.0,          4,         17646,                        220,             5.446892795246348 , 9              ,  104.2654028436019  ,                1
Degree       ,               1.0,    892, CGG      ,        442,       891,                       555,            13.74102500618965 ,                    20.0,          4,         17646,                        550,            13.617231988115872 , -5             ,   99.09909909909909 ,               13
Degree       ,               2.0,   1784, CSG-f1   ,        177,      1766,                       368,             9.111166130230256,                    20.0,          4,         17646,                        388,             9.606338202525377 , 20             ,  105.43478260869566 ,                5
Degree       ,               2.0,   1784, CSG-f2   ,        261,      1781,                       264,             6.536271354295618,                    20.0,          4,         17646,                        273,             6.759098786828423 , 9              ,  103.40909090909092 ,                1
Degree       ,               2.0,   1784, CGG      ,        668,      1783,                       899,            22.25798464966576 ,                    20.0,          4,         17646,                        862,            21.341916315919782 , -37            ,   95.88431590656285 ,               13
Degree       ,               5.0,   4462, CSG-f1   ,        287,      4462,                       480,            11.884129735082942,                    20.0,          4,         17646,                        510,            12.626887843525624 , 30             ,  106.25             ,                5
Degree       ,               5.0,   4462, CSG-f2   ,        408,      4426,                       412,            10.200544689279525,                    20.0,          4,         17646,                        416,            10.299579103738548 , 4              ,  100.97087378640776 ,                1
Degree       ,               5.0,   4462, CGG      ,       1100,      4456,                      1411,            34.9343897004209  ,                    20.0,          4,         17646,                       1390,            34.41445902451102  , -21            ,   98.51169383416017 ,               13
Degree       ,              10.0,   8924, CSG-f1   ,        448,      8910,                       650,            16.093092349591483,                    20.0,          4,         17646,                        683,            16.910126268878436 , 33             ,  105.07692307692307 ,                5
Degree       ,              10.0,   8924, CSG-f2   ,        613,      8915,                       617,            15.276058430304532,                    20.0,          4,         17646,                        621,            15.375092844763556 , 4              ,  100.64829821717991 ,                1
Degree       ,              10.0,   8924, CGG      ,       1539,      8919,                      2405,            59.544441693488494,                    20.0,          4,         17646,                       2165,            53.60237682594702  , -240           ,   90.02079002079002 ,               13
Degree       ,              20.0,  17848, CSG-f1   ,        849,     17836,                      1853,            45.877692498143105,                    20.0,          4,         17646,                       1883,            46.62045060658579  , 30             ,  101.61899622234213 ,                7
Degree       ,              20.0,  17848, CSG-f2   ,       1075,     17802,                      1081,            26.764050507551374,                    20.0,          4,         17646,                       1083,            26.813567714780884 , 2              ,  100.18501387604071 ,                2
Degree       ,              20.0,  17848, CGG      ,       1982,     17817,                      3467,            85.83807873235949 ,                    20.0,          4,         17646,                       3074,            76.10794751176033  , -393           ,   88.66455148543409 ,               19
Random       ,               1.0,    220, CSG-f1   ,        146,       220,                       293,             7.254270859123546,                    20.0,          5,         17646,                        338,             8.368408021787571 , 45             ,  115.35836177474404 ,                3
Random       ,               1.0,    220, CSG-f2   ,        140,       219,                       224,             5.545927209705372,                    20.0,          5,         17646,                        260,             6.437236939836594 , 36             ,  116.07142857142858 ,                3
Random       ,               1.0,    220, CGG      ,        120,       220,                       588,            14.558058925476603,                    20.0,          5,         17646,                        520,            12.874473879673188 , -68            ,   88.43537414965986 ,                9
Random       ,               2.0,    440, CSG-f1   ,        252,       440,                       409,            10.126268878435257,                    20.0,          5,         17646,                        452,            11.190888833869769 , 43             ,  110.51344743276283 ,                3
Random       ,               2.0,    440, CSG-f2   ,        244,       438,                       366,             9.061648923000742,                    20.0,          5,         17646,                        410,            10.151027482050011 , 44             ,  112.02185792349727 ,                3
Random       ,               2.0,    440, CGG      ,        285,       440,                       882,            21.837088388214905,                    20.0,          5,         17646,                        783,            19.38598663035405  , -99            ,   88.77551020408163 ,                9
Random       ,               5.0,   1100, CSG-f1   ,        487,      1099,                      1354,            33.52314929437979 ,                    20.0,          5,         17646,                       1399,            34.63728645704383  , 45             ,  103.32348596750369 ,               13
Random       ,               5.0,   1100, CSG-f2   ,        533,      1099,                      1553,            38.450111413716265,                    20.0,          5,         17646,                       1571,            38.89576627878188  , 18             ,  101.15904700579523 ,               22
Random       ,               5.0,   1100, CGG      ,        619,      1099,                      2519,            62.366922505570685,                    20.0,          5,         17646,                       2006,            49.66575885120079  , -513           ,   79.6347757046447  ,               39
Random       ,              10.0,   2201, CSG-f1   ,        869,      2196,                      2883,            71.37905422134192 ,                    20.0,          5,         17646,                       2988,            73.97870760089131  , 105            ,  103.64203954214359 ,               17
Random       ,              10.0,   2201, CSG-f2   ,        979,      2201,                      3095,            76.62787818767022 ,                    20.0,          5,         17646,                       3150,            77.9896013864818   , 55             ,  101.77705977382875 ,               28
Random       ,              10.0,   2201, CGG      ,        926,      2011,                      4039,           100.0              ,                    20.0,          5,         17646,                       3159,            78.21242881901462  , -880           ,   78.21242881901462 ,               31
Random       ,              20.0,   4402, CSG-f1   ,       1495,      4399,                      4012,            99.33151770240158 ,                    20.0,          5,         17646,                       4015,            99.40579351324585  , 3              ,  100.07477567298106 ,                5
Random       ,              20.0,   4402, CSG-f2   ,       1620,      4399,                      3963,            98.11834612527853 ,                    20.0,          5,         17646,                       3970,            98.29165635058182  , 7              ,  100.17663386323493 ,                5
Random       ,              20.0,   4402, CGG      ,        926,      2011,                      4039,           100.0              ,                    20.0,          5,         17646,                       3159,            78.21242881901462  , -880           ,   78.21242881901462 ,               31
Degree       ,               1.0,    892, CSG-f1   ,        117,       888,                       158,             3.911859371131468,                    20.0,          5,         17646,                        191,             4.72889329041842  , 33             ,  120.88607594936708 ,                7
Degree       ,               1.0,    892, CSG-f2   ,        209,       888,                       211,             5.224065362713543,                    20.0,          5,         17646,                        222,             5.49641000247586  , 11             ,  105.2132701421801  ,                1
Degree       ,               1.0,    892, CGG      ,        442,       891,                       555,            13.74102500618965 ,                    20.0,          5,         17646,                        506,            12.527853429066601 , -49            ,   91.17117117117117 ,                3
Degree       ,               2.0,   1784, CSG-f1   ,        177,      1766,                       368,             9.111166130230256,                    20.0,          5,         17646,                        394,             9.754889824213913 , 26             ,  107.06521739130434 ,                5
Degree       ,               2.0,   1784, CSG-f2   ,        261,      1781,                       264,             6.536271354295618,                    20.0,          5,         17646,                        276,             6.833374597672691 , 12             ,  104.54545454545455 ,                1
Degree       ,               2.0,   1784, CGG      ,        668,      1783,                       899,            22.25798464966576 ,                    20.0,          5,         17646,                        828,            20.500123793018073 , -71            ,   92.1023359288098  ,                9
Degree       ,               5.0,   4462, CSG-f1   ,        287,      4462,                       480,            11.884129735082942,                    20.0,          5,         17646,                        517,            12.80019806882892  , 37             ,  107.70833333333334 ,                5
Degree       ,               5.0,   4462, CSG-f2   ,        408,      4426,                       412,            10.200544689279525,                    20.0,          5,         17646,                        418,            10.349096310968061 , 6              ,  101.45631067961165 ,                1
Degree       ,               5.0,   4462, CGG      ,       1100,      4456,                      1411,            34.9343897004209  ,                    20.0,          5,         17646,                       1346,            33.325080465461745 , -65            ,   95.39333805811481 ,                7
Degree       ,              10.0,   8924, CSG-f1   ,        448,      8910,                       650,            16.093092349591483,                    20.0,          5,         17646,                        685,            16.959643476107946 , 35             ,  105.38461538461539 ,                5
Degree       ,              10.0,   8924, CSG-f2   ,        613,      8915,                       617,            15.276058430304532,                    20.0,          5,         17646,                        623,            15.424610051993067 , 6              ,  100.97244732576986 ,                1
Degree       ,              10.0,   8924, CGG      ,       1539,      8919,                      2405,            59.544441693488494,                    20.0,          5,         17646,                       2063,            51.076999257241894 , -342           ,   85.77962577962577 ,               15
Degree       ,              20.0,  17848, CSG-f1   ,        849,     17836,                      1853,            45.877692498143105,                    20.0,          5,         17646,                       1882,            46.595692002971035 , 29             ,  101.56502968159742 ,                6
Degree       ,              20.0,  17848, CSG-f2   ,       1075,     17802,                      1081,            26.764050507551374,                    20.0,          5,         17646,                       1086,            26.887843525625154 , 5              ,  100.46253469010176 ,                1
Degree       ,              20.0,  17848, CGG      ,       1982,     17817,                      3467,            85.83807873235949 ,                    20.0,          5,         17646,                       3291,            81.48056449616242  , -176           ,   94.9235650418229  ,               48
Random       ,               1.0,    220, CSG-f1   ,        146,       220,                       293,             7.254270859123546,                    20.0,          6,         17646,                        343,             8.492201039861353 , 50             ,  117.06484641638227 ,                6
Random       ,               1.0,    220, CSG-f2   ,        140,       219,                       224,             5.545927209705372,                    20.0,          6,         17646,                        261,             6.461995543451349 , 37             ,  116.51785714285714 ,                4
Random       ,               1.0,    220, CGG      ,        120,       220,                       588,            14.558058925476603,                    20.0,          6,         17646,                        539,            13.344887348353554 , -49            ,   91.66666666666666 ,                9
Random       ,               2.0,    440, CSG-f1   ,        252,       440,                       409,            10.126268878435257,                    20.0,          6,         17646,                        458,            11.339440455558307 , 49             ,  111.9804400977995  ,                6
Random       ,               2.0,    440, CSG-f2   ,        244,       438,                       366,             9.061648923000742,                    20.0,          6,         17646,                        415,            10.274820500123793 , 49             ,  113.3879781420765  ,                6
Random       ,               2.0,    440, CGG      ,        285,       440,                       882,            21.837088388214905,                    20.0,          6,         17646,                        790,            19.55929685565734  , -92            ,   89.56916099773242 ,                9
Random       ,               5.0,   1100, CSG-f1   ,        487,      1099,                      1354,            33.52314929437979 ,                    20.0,          6,         17646,                       1402,            34.71156226788809  , 48             ,  103.5450516986706  ,               16
Random       ,               5.0,   1100, CSG-f2   ,        533,      1099,                      1553,            38.450111413716265,                    20.0,          6,         17646,                       1582,            39.168110918544194 , 29             ,  101.86735350933678 ,               21
Random       ,               5.0,   1100, CGG      ,        619,      1099,                      2519,            62.366922505570685,                    20.0,          6,         17646,                       1937,            47.957415201782624 , -582           ,   76.89559348947995 ,               43
Random       ,              10.0,   2201, CSG-f1   ,        869,      2196,                      2883,            71.37905422134192 ,                    20.0,          6,         17646,                       2890,            71.55236444664521  , 7              ,  100.24280263614291 ,               12
Random       ,              10.0,   2201, CSG-f2   ,        979,      2201,                      3095,            76.62787818767022 ,                    20.0,          6,         17646,                       3006,            74.42436246595692  , -89            ,   97.12439418416801 ,               11
Random       ,              10.0,   2201, CGG      ,        926,      2011,                      4039,           100.0              ,                    20.0,          6,         17646,                       3221,            79.74746224312949  , -818           ,   79.74746224312949 ,               41
Random       ,              20.0,   4402, CSG-f1   ,       1495,      4399,                      4012,            99.33151770240158 ,                    20.0,          6,         17646,                       4006,            99.18296608071306  , -6             ,   99.85044865403788 ,                5
Random       ,              20.0,   4402, CSG-f2   ,       1620,      4399,                      3963,            98.11834612527853 ,                    20.0,          6,         17646,                       4003,            99.10869026986879  , 40             ,  101.00933636134242 ,                8
Random       ,              20.0,   4402, CGG      ,        926,      2011,                      4039,           100.0              ,                    20.0,          6,         17646,                       3221,            79.74746224312949  , -818           ,   79.74746224312949 ,               41
Degree       ,               1.0,    892, CSG-f1   ,        117,       888,                       158,             3.911859371131468,                    20.0,          6,         17646,                        196,             4.852686308492201 , 38             ,  124.0506329113924  ,                7
Degree       ,               1.0,    892, CSG-f2   ,        209,       888,                       211,             5.224065362713543,                    20.0,          6,         17646,                        224,             5.545927209705372 , 13             ,  106.1611374407583  ,                1
Degree       ,               1.0,    892, CGG      ,        442,       891,                       555,            13.74102500618965 ,                    20.0,          6,         17646,                        547,            13.5429561772716   , -8             ,   98.55855855855856 ,               13
Degree       ,               2.0,   1784, CSG-f1   ,        177,      1766,                       368,             9.111166130230256,                    20.0,          6,         17646,                        396,             9.804407031443427 , 28             ,  107.6086956521739  ,                6
Degree       ,               2.0,   1784, CSG-f2   ,        261,      1781,                       264,             6.536271354295618,                    20.0,          6,         17646,                        281,             6.957167615746472 , 17             ,  106.43939393939394 ,                2
Degree       ,               2.0,   1784, CGG      ,        668,      1783,                       899,            22.25798464966576 ,                    20.0,          6,         17646,                        856,            21.193364694231246 , -43            ,   95.21690767519466 ,               13
Degree       ,               5.0,   4462, CSG-f1   ,        287,      4462,                       480,            11.884129735082942,                    20.0,          6,         17646,                        519,            12.84971527605843  , 39             ,  108.125            ,                6
Degree       ,               5.0,   4462, CSG-f2   ,        408,      4426,                       412,            10.200544689279525,                    20.0,          6,         17646,                        423,            10.472889329041841 , 11             ,  102.66990291262137 ,                2
Degree       ,               5.0,   4462, CGG      ,       1100,      4456,                      1411,            34.9343897004209  ,                    20.0,          6,         17646,                       1367,            33.84501114137163  , -44            ,   96.88164422395464 ,               13
Degree       ,              10.0,   8924, CSG-f1   ,        448,      8910,                       650,            16.093092349591483,                    20.0,          6,         17646,                        682,            16.88536766526368  , 32             ,  104.92307692307692 ,                6
Degree       ,              10.0,   8924, CSG-f2   ,        613,      8915,                       617,            15.276058430304532,                    20.0,          6,         17646,                        627,            15.52364446645209  , 10             ,  101.62074554294975 ,                2
Degree       ,              10.0,   8924, CGG      ,       1539,      8919,                      2405,            59.544441693488494,                    20.0,          6,         17646,                       2135,            52.85961871750433  , -270           ,   88.77338877338877 ,               18
Degree       ,              20.0,  17848, CSG-f1   ,        849,     17836,                      1853,            45.877692498143105,                    20.0,          6,         17646,                       1879,            46.521416192126765 , 26             ,  101.40313005936319 ,                6
Degree       ,              20.0,  17848, CSG-f2   ,       1075,     17802,                      1081,            26.764050507551374,                    20.0,          6,         17646,                       1089,            26.962119336469424 , 8              ,  100.74005550416281 ,                2
Degree       ,              20.0,  17848, CGG      ,       1982,     17817,                      3467,            85.83807873235949 ,                    20.0,          6,         17646,                       3345,            82.81752909135925  , -122           ,   96.48110758580906 ,               33
Random       ,               1.0,    220, CSG-f1   ,        146,       220,                       293,             7.254270859123546,                    20.0,          7,         17646,                        335,             8.294132210943303 , 42             ,  114.33447098976109 ,                3
Random       ,               1.0,    220, CSG-f2   ,        140,       219,                       224,             5.545927209705372,                    20.0,          7,         17646,                        257,             6.362961128992326 , 33             ,  114.73214285714286 ,                3
Random       ,               1.0,    220, CGG      ,        120,       220,                       588,            14.558058925476603,                    20.0,          7,         17646,                        538,            13.320128744738795 , -50            ,   91.49659863945578 ,                9
Random       ,               2.0,    440, CSG-f1   ,        252,       440,                       409,            10.126268878435257,                    20.0,          7,         17646,                        451,            11.166130230255014 , 42             ,  110.26894865525672 ,                3
Random       ,               2.0,    440, CSG-f2   ,        244,       438,                       366,             9.061648923000742,                    20.0,          7,         17646,                        400,             9.903441445902452 , 34             ,  109.28961748633881 ,                3
Random       ,               2.0,    440, CGG      ,        285,       440,                       882,            21.837088388214905,                    20.0,          7,         17646,                        833,            20.623916811091856 , -49            ,   94.44444444444444 ,                9
Random       ,               5.0,   1100, CSG-f1   ,        487,      1099,                      1354,            33.52314929437979 ,                    20.0,          7,         17646,                       1383,            34.24114879920773  , 29             ,  102.14180206794683 ,               13
Random       ,               5.0,   1100, CSG-f2   ,        533,      1099,                      1553,            38.450111413716265,                    20.0,          7,         17646,                       1436,            35.5533547907898   , -117           ,   92.46619446233098 ,               16
Random       ,               5.0,   1100, CGG      ,        619,      1099,                      2519,            62.366922505570685,                    20.0,          7,         17646,                       1560,            38.62342163901956  , -959           ,   61.92933703850735 ,               24
Random       ,              10.0,   2201, CSG-f1   ,        869,      2196,                      2883,            71.37905422134192 ,                    20.0,          7,         17646,                       3069,            75.98415449368655  , 186            ,  106.4516129032258  ,               18
Random       ,              10.0,   2201, CSG-f2   ,        979,      2201,                      3095,            76.62787818767022 ,                    20.0,          7,         17646,                       3192,            79.02946273830156  , 97             ,  103.1340872374798  ,               16
Random       ,              10.0,   2201, CGG      ,        926,      2011,                      4039,           100.0              ,                    20.0,          7,         17646,                       2611,            64.64471403812824  , -1428          ,   64.64471403812824 ,               36
Random       ,              20.0,   4402, CSG-f1   ,       1495,      4399,                      4012,            99.33151770240158 ,                    20.0,          7,         17646,                       4022,            99.57910373854915  , 10             ,  100.24925224327019 ,                6
Random       ,              20.0,   4402, CSG-f2   ,       1620,      4399,                      3963,            98.11834612527853 ,                    20.0,          7,         17646,                       3964,            98.14310472889329  , 1              ,  100.02523340903355 ,                4
Random       ,              20.0,   4402, CGG      ,        926,      2011,                      4039,           100.0              ,                    20.0,          7,         17646,                       2611,            64.64471403812824  , -1428          ,   64.64471403812824 ,               36
Degree       ,               1.0,    892, CSG-f1   ,        117,       888,                       158,             3.911859371131468,                    20.0,          7,         17646,                        186,             4.60510027234464  , 28             ,  117.72151898734178 ,                6
Degree       ,               1.0,    892, CSG-f2   ,        209,       888,                       211,             5.224065362713543,                    20.0,          7,         17646,                        221,             5.471651398861104 , 10             ,  104.739336492891   ,                1
Degree       ,               1.0,    892, CGG      ,        442,       891,                       555,            13.74102500618965 ,                    20.0,          7,         17646,                        518,            12.824956672443674 , -37            ,   93.33333333333333 ,                6
Degree       ,               2.0,   1784, CSG-f1   ,        177,      1766,                       368,             9.111166130230256,                    20.0,          7,         17646,                        388,             9.606338202525377 , 20             ,  105.43478260869566 ,                5
Degree       ,               2.0,   1784, CSG-f2   ,        261,      1781,                       264,             6.536271354295618,                    20.0,          7,         17646,                        275,             6.808615994057936 , 11             ,  104.16666666666667 ,                1
Degree       ,               2.0,   1784, CGG      ,        668,      1783,                       899,            22.25798464966576 ,                    20.0,          7,         17646,                        827,            20.47536518940332  , -72            ,   91.99110122358177 ,                6
Degree       ,               5.0,   4462, CSG-f1   ,        287,      4462,                       480,            11.884129735082942,                    20.0,          7,         17646,                        507,            12.552612032681356 , 27             ,  105.62499999999999 ,                5
Degree       ,               5.0,   4462, CSG-f2   ,        408,      4426,                       412,            10.200544689279525,                    20.0,          7,         17646,                        422,            10.448130725427086 , 10             ,  102.42718446601941 ,                2
Degree       ,               5.0,   4462, CGG      ,       1100,      4456,                      1411,            34.9343897004209  ,                    20.0,          7,         17646,                       1373,            33.99356276306016  , -38            ,   97.30687455705174 ,                7
Degree       ,              10.0,   8924, CSG-f1   ,        448,      8910,                       650,            16.093092349591483,                    20.0,          7,         17646,                        680,            16.835850458034166 , 30             ,  104.61538461538463 ,                5
Degree       ,              10.0,   8924, CSG-f2   ,        613,      8915,                       617,            15.276058430304532,                    20.0,          7,         17646,                        628,            15.548403070066849 , 11             ,  101.78282009724472 ,                2
Degree       ,              10.0,   8924, CGG      ,       1539,      8919,                      2405,            59.544441693488494,                    20.0,          7,         17646,                       2148,            53.18148056449616  , -257           ,   89.31392931392932 ,               17
Degree       ,              20.0,  17848, CSG-f1   ,        849,     17836,                      1853,            45.877692498143105,                    20.0,          7,         17646,                       1875,            46.42238177766774  , 22             ,  101.18726389638424 ,                8
Degree       ,              20.0,  17848, CSG-f2   ,       1075,     17802,                      1081,            26.764050507551374,                    20.0,          7,         17646,                       1094,            27.0859123545432   , 13             ,  101.20259019426456 ,                2
Degree       ,              20.0,  17848, CGG      ,       1982,     17817,                      3467,            85.83807873235949 ,                    20.0,          7,         17646,                       3150,            77.9896013864818   , -317           ,   90.85664839919238 ,               23
Random       ,               1.0,    220, CSG-f1   ,        146,       220,                       293,             7.254270859123546,                    20.0,          8,         17646,                        331,             8.195097796484278 , 38             ,  112.96928327645051 ,                4
Random       ,               1.0,    220, CSG-f2   ,        140,       219,                       224,             5.545927209705372,                    20.0,          8,         17646,                        250,             6.189650903689032 , 26             ,  111.60714285714286 ,                4
Random       ,               1.0,    220, CGG      ,        120,       220,                       588,            14.558058925476603,                    20.0,          8,         17646,                        550,            13.617231988115872 , -38            ,   93.5374149659864  ,                8
Random       ,               2.0,    440, CSG-f1   ,        252,       440,                       409,            10.126268878435257,                    20.0,          8,         17646,                        449,            11.1166130230255   , 40             ,  109.7799511002445  ,                4
Random       ,               2.0,    440, CSG-f2   ,        244,       438,                       366,             9.061648923000742,                    20.0,          8,         17646,                        406,            10.051993067590988 , 40             ,  110.92896174863387 ,                4
Random       ,               2.0,    440, CGG      ,        285,       440,                       882,            21.837088388214905,                    20.0,          8,         17646,                        798,            19.75736568457539  , -84            ,   90.47619047619048 ,                8
Random       ,               5.0,   1100, CSG-f1   ,        487,      1099,                      1354,            33.52314929437979 ,                    20.0,          8,         17646,                       1520,            37.633077494429315 , 166            ,  112.2599704579025  ,               28
Random       ,               5.0,   1100, CSG-f2   ,        533,      1099,                      1553,            38.450111413716265,                    20.0,          8,         17646,                       1573,            38.94528348601139  , 20             ,  101.28783000643915 ,               20
Random       ,               5.0,   1100, CGG      ,        619,      1099,                      2519,            62.366922505570685,                    20.0,          8,         17646,                       1582,            39.168110918544194 , -937           ,   62.80269948392218 ,               28
Random       ,              10.0,   2201, CSG-f1   ,        869,      2196,                      2883,            71.37905422134192 ,                    20.0,          8,         17646,                       2998,            74.22629363703888  , 115            ,  103.98890045091918 ,               17
Random       ,              10.0,   2201, CSG-f2   ,        979,      2201,                      3095,            76.62787818767022 ,                    20.0,          8,         17646,                       3188,            78.93042832384253  , 93             ,  103.0048465266559  ,               17
Random       ,              10.0,   2201, CGG      ,        926,      2011,                      4039,           100.0              ,                    20.0,          8,         17646,                       2740,            67.83857390443178  , -1299          ,   67.83857390443178 ,               27
Random       ,              20.0,   4402, CSG-f1   ,       1495,      4399,                      4012,            99.33151770240158 ,                    20.0,          8,         17646,                       4022,            99.57910373854915  , 10             ,  100.24925224327019 ,                6
Random       ,              20.0,   4402, CSG-f2   ,       1620,      4399,                      3963,            98.11834612527853 ,                    20.0,          8,         17646,                       3982,            98.5887595939589   , 19             ,  100.47943477163766 ,                6
Random       ,              20.0,   4402, CGG      ,        926,      2011,                      4039,           100.0              ,                    20.0,          8,         17646,                       2740,            67.83857390443178  , -1299          ,   67.83857390443178 ,               27
Degree       ,               1.0,    892, CSG-f1   ,        117,       888,                       158,             3.911859371131468,                    20.0,          8,         17646,                        192,             4.753651894033176 , 34             ,  121.51898734177216 ,                6
Degree       ,               1.0,    892, CSG-f2   ,        209,       888,                       211,             5.224065362713543,                    20.0,          8,         17646,                        225,             5.570685813320129 , 14             ,  106.63507109004739 ,                1
Degree       ,               1.0,    892, CGG      ,        442,       891,                       555,            13.74102500618965 ,                    20.0,          8,         17646,                        519,            12.84971527605843  , -36            ,   93.51351351351352 ,                3
Degree       ,               2.0,   1784, CSG-f1   ,        177,      1766,                       368,             9.111166130230256,                    20.0,          8,         17646,                        397,             9.829165635058184 , 29             ,  107.88043478260869 ,                5
Degree       ,               2.0,   1784, CSG-f2   ,        261,      1781,                       264,             6.536271354295618,                    20.0,          8,         17646,                        280,             6.932409012131716 , 16             ,  106.06060606060606 ,                3
Degree       ,               2.0,   1784, CGG      ,        668,      1783,                       899,            22.25798464966576 ,                    20.0,          8,         17646,                        829,            20.52488239663283  , -70            ,   92.21357063403782 ,                9
Degree       ,               5.0,   4462, CSG-f1   ,        287,      4462,                       480,            11.884129735082942,                    20.0,          8,         17646,                        519,            12.84971527605843  , 39             ,  108.125            ,                5
Degree       ,               5.0,   4462, CSG-f2   ,        408,      4426,                       412,            10.200544689279525,                    20.0,          8,         17646,                        422,            10.448130725427086 , 10             ,  102.42718446601941 ,                1
Degree       ,               5.0,   4462, CGG      ,       1100,      4456,                      1411,            34.9343897004209  ,                    20.0,          8,         17646,                       1337,            33.10225303292894  , -74            ,   94.75549255846917 ,                9
Degree       ,              10.0,   8924, CSG-f1   ,        448,      8910,                       650,            16.093092349591483,                    20.0,          8,         17646,                        687,            17.00916068333746  , 37             ,  105.69230769230768 ,                5
Degree       ,              10.0,   8924, CSG-f2   ,        613,      8915,                       617,            15.276058430304532,                    20.0,          8,         17646,                        626,            15.498885862837335 , 9              ,  101.45867098865477 ,                1
Degree       ,              10.0,   8924, CGG      ,       1539,      8919,                      2405,            59.544441693488494,                    20.0,          8,         17646,                       2260,            55.95444416934885  , -145           ,   93.97089397089398 ,               26
Degree       ,              20.0,  17848, CSG-f1   ,        849,     17836,                      1853,            45.877692498143105,                    20.0,          8,         17646,                       1864,            46.15003713790542  , 11             ,  100.59363194819213 ,                6
Degree       ,              20.0,  17848, CSG-f2   ,       1075,     17802,                      1081,            26.764050507551374,                    20.0,          8,         17646,                       1091,            27.011636543698934 , 10             ,  100.92506938020351 ,                2
Degree       ,              20.0,  17848, CGG      ,       1982,     17817,                      3467,            85.83807873235949 ,                    20.0,          8,         17646,                       2923,            72.36939836593216  , -544           ,   84.30920103836169 ,               21
Random       ,               1.0,    220, CSG-f1   ,        146,       220,                       293,             7.254270859123546,                    20.0,          9,         17646,                        354,             8.76454567962367  , 61             ,  120.81911262798634 ,                4
Random       ,               1.0,    220, CSG-f2   ,        140,       219,                       224,             5.545927209705372,                    20.0,          9,         17646,                        270,             6.684822975984154 , 46             ,  120.53571428571428 ,                4
Random       ,               1.0,    220, CGG      ,        120,       220,                       588,            14.558058925476603,                    20.0,          9,         17646,                        540,            13.369645951968309 , -48            ,   91.83673469387756 ,                7
Random       ,               2.0,    440, CSG-f1   ,        252,       440,                       409,            10.126268878435257,                    20.0,          9,         17646,                        469,            11.611785095320624 , 60             ,  114.66992665036675 ,                4
Random       ,               2.0,    440, CSG-f2   ,        244,       438,                       366,             9.061648923000742,                    20.0,          9,         17646,                        425,            10.522406536271355 , 59             ,  116.12021857923497 ,                4
Random       ,               2.0,    440, CGG      ,        285,       440,                       882,            21.837088388214905,                    20.0,          9,         17646,                        821,            20.32681356771478  , -61            ,   93.08390022675736 ,                9
Random       ,               5.0,   1100, CSG-f1   ,        487,      1099,                      1354,            33.52314929437979 ,                    20.0,          9,         17646,                       1425,            35.28101015102748  , 71             ,  105.24372230428361 ,               19
Random       ,               5.0,   1100, CSG-f2   ,        533,      1099,                      1553,            38.450111413716265,                    20.0,          9,         17646,                       1606,            39.76231740529834  , 53             ,  103.41274951706374 ,               21
Random       ,               5.0,   1100, CGG      ,        619,      1099,                      2519,            62.366922505570685,                    20.0,          9,         17646,                       1886,            46.694726417430054 , -633           ,   74.87098054783644 ,               35
Random       ,              10.0,   2201, CSG-f1   ,        869,      2196,                      2883,            71.37905422134192 ,                    20.0,          9,         17646,                       2970,            73.5330527358257   , 87             ,  103.01768990634757 ,               18
Random       ,              10.0,   2201, CSG-f2   ,        979,      2201,                      3095,            76.62787818767022 ,                    20.0,          9,         17646,                       3137,            77.66773953948997  , 42             ,  101.35702746365105 ,               18
Random       ,              10.0,   2201, CGG      ,        926,      2011,                      4039,           100.0              ,                    20.0,          9,         17646,                       3296,            81.6043575142362   , -743           ,   81.6043575142362  ,               40
Random       ,              20.0,   4402, CSG-f1   ,       1495,      4399,                      4012,            99.33151770240158 ,                    20.0,          9,         17646,                       4018,            99.48006932409012  , 6              ,  100.14955134596211 ,                7
Random       ,              20.0,   4402, CSG-f2   ,       1620,      4399,                      3963,            98.11834612527853 ,                    20.0,          9,         17646,                       4010,            99.28200049517207  , 47             ,  101.18597022457733 ,               11
Random       ,              20.0,   4402, CGG      ,        926,      2011,                      4039,           100.0              ,                    20.0,          9,         17646,                       3296,            81.6043575142362   , -743           ,   81.6043575142362  ,               40
Degree       ,               1.0,    892, CSG-f1   ,        117,       888,                       158,             3.911859371131468,                    20.0,          9,         17646,                        184,             4.555583065115128 , 26             ,  116.45569620253164 ,                4
Degree       ,               1.0,    892, CSG-f2   ,        209,       888,                       211,             5.224065362713543,                    20.0,          9,         17646,                        229,             5.669720227779154 , 18             ,  108.5308056872038  ,                2
Degree       ,               1.0,    892, CGG      ,        442,       891,                       555,            13.74102500618965 ,                    20.0,          9,         17646,                        519,            12.84971527605843  , -36            ,   93.51351351351352 ,                4
Degree       ,               2.0,   1784, CSG-f1   ,        177,      1766,                       368,             9.111166130230256,                    20.0,          9,         17646,                        393,             9.730131220599159 , 25             ,  106.79347826086956 ,                5
Degree       ,               2.0,   1784, CSG-f2   ,        261,      1781,                       264,             6.536271354295618,                    20.0,          9,         17646,                        284,             7.03144342659074  , 20             ,  107.57575757575756 ,                2
Degree       ,               2.0,   1784, CGG      ,        668,      1783,                       899,            22.25798464966576 ,                    20.0,          9,         17646,                        828,            20.500123793018073 , -71            ,   92.1023359288098  ,                7
Degree       ,               5.0,   4462, CSG-f1   ,        287,      4462,                       480,            11.884129735082942,                    20.0,          9,         17646,                        507,            12.552612032681356 , 27             ,  105.62499999999999 ,                5
Degree       ,               5.0,   4462, CSG-f2   ,        408,      4426,                       412,            10.200544689279525,                    20.0,          9,         17646,                        424,            10.497647932656598 , 12             ,  102.9126213592233  ,                2
Degree       ,               5.0,   4462, CGG      ,       1100,      4456,                      1411,            34.9343897004209  ,                    20.0,          9,         17646,                       1337,            33.10225303292894  , -74            ,   94.75549255846917 ,                7
Degree       ,              10.0,   8924, CSG-f1   ,        448,      8910,                       650,            16.093092349591483,                    20.0,          9,         17646,                        684,            16.934884872493193 , 34             ,  105.23076923076924 ,                5
Degree       ,              10.0,   8924, CSG-f2   ,        613,      8915,                       617,            15.276058430304532,                    20.0,          9,         17646,                        632,            15.647437484525872 , 15             ,  102.43111831442464 ,                2
Degree       ,              10.0,   8924, CGG      ,       1539,      8919,                      2405,            59.544441693488494,                    20.0,          9,         17646,                       2171,            53.75092844763555  , -234           ,   90.27027027027027 ,               24
Degree       ,              20.0,  17848, CSG-f1   ,        849,     17836,                      1853,            45.877692498143105,                    20.0,          9,         17646,                       1873,            46.372864570438225 , 20             ,  101.07933081489477 ,                7
Degree       ,              20.0,  17848, CSG-f2   ,       1075,     17802,                      1081,            26.764050507551374,                    20.0,          9,         17646,                       1094,            27.0859123545432   , 13             ,  101.20259019426456 ,                2
Degree       ,              20.0,  17848, CGG      ,       1982,     17817,                      3467,            85.83807873235949 ,                    20.0,          9,         17646,                       3190,            78.97994553107205  , -277           ,   92.01038361695991 ,               23
Random       ,               1.0,    220, CSG-f1   ,        146,       220,                       293,             7.254270859123546,                    20.0,         10,         17646,                        351,             8.690269868779401 , 58             ,  119.79522184300342 ,                5
Random       ,               1.0,    220, CSG-f2   ,        140,       219,                       224,             5.545927209705372,                    20.0,         10,         17646,                        263,             6.511512750680862 , 39             ,  117.41071428571428 ,                5
Random       ,               1.0,    220, CGG      ,        120,       220,                       588,            14.558058925476603,                    20.0,         10,         17646,                        540,            13.369645951968309 , -48            ,   91.83673469387756 ,                9
Random       ,               2.0,    440, CSG-f1   ,        252,       440,                       409,            10.126268878435257,                    20.0,         10,         17646,                        469,            11.611785095320624 , 60             ,  114.66992665036675 ,                5
Random       ,               2.0,    440, CSG-f2   ,        244,       438,                       366,             9.061648923000742,                    20.0,         10,         17646,                        416,            10.299579103738548 , 50             ,  113.66120218579235 ,                5
Random       ,               2.0,    440, CGG      ,        285,       440,                       882,            21.837088388214905,                    20.0,         10,         17646,                        805,            19.930675909878683 , -77            ,   91.26984126984127 ,               11
Random       ,               5.0,   1100, CSG-f1   ,        487,      1099,                      1354,            33.52314929437979 ,                    20.0,         10,         17646,                       1439,            35.62763060163407  , 85             ,  106.27769571639587 ,               15
Random       ,               5.0,   1100, CSG-f2   ,        533,      1099,                      1553,            38.450111413716265,                    20.0,         10,         17646,                       1603,            39.68804159445407  , 50             ,  103.21957501609786 ,               20
Random       ,               5.0,   1100, CGG      ,        619,      1099,                      2519,            62.366922505570685,                    20.0,         10,         17646,                       1696,            41.99059173062639  , -823           ,   67.32830488289004 ,               25
Random       ,              10.0,   2201, CSG-f1   ,        869,      2196,                      2883,            71.37905422134192 ,                    20.0,         10,         17646,                       3032,            75.06808615994058  , 149            ,  105.16822754075616 ,               18
Random       ,              10.0,   2201, CSG-f2   ,        979,      2201,                      3095,            76.62787818767022 ,                    20.0,         10,         17646,                       3153,            78.06387719732606  , 58             ,  101.87399030694668 ,               15
Random       ,              10.0,   2201, CGG      ,        926,      2011,                      4039,           100.0              ,                    20.0,         10,         17646,                       3230,            79.97028967566229  , -809           ,   79.97028967566229 ,               33
Random       ,              20.0,   4402, CSG-f1   ,       1495,      4399,                      4012,            99.33151770240158 ,                    20.0,         10,         17646,                       4008,            99.23248328794256  , -4             ,   99.90029910269193 ,                5
Random       ,              20.0,   4402, CSG-f2   ,       1620,      4399,                      3963,            98.11834612527853 ,                    20.0,         10,         17646,                       3970,            98.29165635058182  , 7              ,  100.17663386323493 ,                5
Random       ,              20.0,   4402, CGG      ,        926,      2011,                      4039,           100.0              ,                    20.0,         10,         17646,                       3230,            79.97028967566229  , -809           ,   79.97028967566229 ,               33
Degree       ,               1.0,    892, CSG-f1   ,        117,       888,                       158,             3.911859371131468,                    20.0,         10,         17646,                        192,             4.753651894033176 , 34             ,  121.51898734177216 ,                4
Degree       ,               1.0,    892, CSG-f2   ,        209,       888,                       211,             5.224065362713543,                    20.0,         10,         17646,                        220,             5.446892795246348 , 9              ,  104.2654028436019  ,                1
Degree       ,               1.0,    892, CGG      ,        442,       891,                       555,            13.74102500618965 ,                    20.0,         10,         17646,                        516,            12.775439465214161 , -39            ,   92.97297297297298 ,                4
Degree       ,               2.0,   1784, CSG-f1   ,        177,      1766,                       368,             9.111166130230256,                    20.0,         10,         17646,                        389,             9.631096806140134 , 21             ,  105.70652173913044 ,                6
Degree       ,               2.0,   1784, CSG-f2   ,        261,      1781,                       264,             6.536271354295618,                    20.0,         10,         17646,                        273,             6.759098786828423 , 9              ,  103.40909090909092 ,                1
Degree       ,               2.0,   1784, CGG      ,        668,      1783,                       899,            22.25798464966576 ,                    20.0,         10,         17646,                        852,            21.094330279772223 , -47            ,   94.77196885428253 ,                9
Degree       ,               5.0,   4462, CSG-f1   ,        287,      4462,                       480,            11.884129735082942,                    20.0,         10,         17646,                        508,            12.577370636296111 , 28             ,  105.83333333333333 ,                6
Degree       ,               5.0,   4462, CSG-f2   ,        408,      4426,                       412,            10.200544689279525,                    20.0,         10,         17646,                        418,            10.349096310968061 , 6              ,  101.45631067961165 ,                1
Degree       ,               5.0,   4462, CGG      ,       1100,      4456,                      1411,            34.9343897004209  ,                    20.0,         10,         17646,                       1360,            33.67170091606833  , -51            ,   96.3855421686747  ,                7
Degree       ,              10.0,   8924, CSG-f1   ,        448,      8910,                       650,            16.093092349591483,                    20.0,         10,         17646,                        682,            16.88536766526368  , 32             ,  104.92307692307692 ,                6
Degree       ,              10.0,   8924, CSG-f2   ,        613,      8915,                       617,            15.276058430304532,                    20.0,         10,         17646,                        623,            15.424610051993067 , 6              ,  100.97244732576986 ,                1
Degree       ,              10.0,   8924, CGG      ,       1539,      8919,                      2405,            59.544441693488494,                    20.0,         10,         17646,                       2143,            53.057687546422386 , -262           ,   89.10602910602911 ,               22
Degree       ,              20.0,  17848, CSG-f1   ,        849,     17836,                      1853,            45.877692498143105,                    20.0,         10,         17646,                       1866,            46.199554345134935 , 13             ,  100.70156502968159 ,                6
Degree       ,              20.0,  17848, CSG-f2   ,       1075,     17802,                      1081,            26.764050507551374,                    20.0,         10,         17646,                       1084,            26.838326318395644 , 3              ,  100.27752081406105 ,                1
Degree       ,              20.0,  17848, CGG      ,       1982,     17817,                      3467,            85.83807873235949 ,                    20.0,         10,         17646,                       3337,            82.61946026244121  , -130           ,   96.25036054225555 ,               36
Random       ,               1.0,    220, CSG-f1   ,        146,       220,                       293,             7.254270859123546,                    20.0,         11,         17646,                        338,             8.368408021787571 , 45             ,  115.35836177474404 ,                3
Random       ,               1.0,    220, CSG-f2   ,        140,       219,                       224,             5.545927209705372,                    20.0,         11,         17646,                        259,             6.412478336221837 , 35             ,  115.625            ,                3
Random       ,               1.0,    220, CGG      ,        120,       220,                       588,            14.558058925476603,                    20.0,         11,         17646,                        536,            13.270611537509284 , -52            ,   91.15646258503402 ,               10
Random       ,               2.0,    440, CSG-f1   ,        252,       440,                       409,            10.126268878435257,                    20.0,         11,         17646,                        454,            11.240406041099282 , 45             ,  111.00244498777505 ,                3
Random       ,               2.0,    440, CSG-f2   ,        244,       438,                       366,             9.061648923000742,                    20.0,         11,         17646,                        406,            10.051993067590988 , 40             ,  110.92896174863387 ,                3
Random       ,               2.0,    440, CGG      ,        285,       440,                       882,            21.837088388214905,                    20.0,         11,         17646,                        798,            19.75736568457539  , -84            ,   90.47619047619048 ,                8
Random       ,               5.0,   1100, CSG-f1   ,        487,      1099,                      1354,            33.52314929437979 ,                    20.0,         11,         17646,                       1388,            34.364941817281505 , 34             ,  102.51107828655834 ,               14
Random       ,               5.0,   1100, CSG-f2   ,        533,      1099,                      1553,            38.450111413716265,                    20.0,         11,         17646,                       1365,            33.795493934142115 , -188           ,   87.89439793947199 ,               20
Random       ,               5.0,   1100, CGG      ,        619,      1099,                      2519,            62.366922505570685,                    20.0,         11,         17646,                       1710,            42.33721218123298  , -809           ,   67.88408098451767 ,               25
Random       ,              10.0,   2201, CSG-f1   ,        869,      2196,                      2883,            71.37905422134192 ,                    20.0,         11,         17646,                       2973,            73.60732854666998  , 90             ,  103.12174817898023 ,               24
Random       ,              10.0,   2201, CSG-f2   ,        979,      2201,                      3095,            76.62787818767022 ,                    20.0,         11,         17646,                       3163,            78.31146323347363  , 68             ,  102.19709208400647 ,               19
Random       ,              10.0,   2201, CGG      ,        926,      2011,                      4039,           100.0              ,                    20.0,         11,         17646,                       2853,            70.63629611289923  , -1186          ,   70.63629611289923 ,               25
Random       ,              20.0,   4402, CSG-f1   ,       1495,      4399,                      4012,            99.33151770240158 ,                    20.0,         11,         17646,                       4023,            99.60386234216391  , 11             ,  100.27417746759721 ,                6
Random       ,              20.0,   4402, CSG-f2   ,       1620,      4399,                      3963,            98.11834612527853 ,                    20.0,         11,         17646,                       3975,            98.4154493686556   , 12             ,  100.30280090840273 ,                4
Random       ,              20.0,   4402, CGG      ,        926,      2011,                      4039,           100.0              ,                    20.0,         11,         17646,                       2853,            70.63629611289923  , -1186          ,   70.63629611289923 ,               25
Degree       ,               1.0,    892, CSG-f1   ,        117,       888,                       158,             3.911859371131468,                    20.0,         11,         17646,                        175,             4.332755632582322 , 17             ,  110.75949367088607 ,                4
Degree       ,               1.0,    892, CSG-f2   ,        209,       888,                       211,             5.224065362713543,                    20.0,         11,         17646,                        224,             5.545927209705372 , 13             ,  106.1611374407583  ,                1
Degree       ,               1.0,    892, CGG      ,        442,       891,                       555,            13.74102500618965 ,                    20.0,         11,         17646,                        518,            12.824956672443674 , -37            ,   93.33333333333333 ,                4
Degree       ,               2.0,   1784, CSG-f1   ,        177,      1766,                       368,             9.111166130230256,                    20.0,         11,         17646,                        392,             9.705372616984402 , 24             ,  106.5217391304348  ,                6
Degree       ,               2.0,   1784, CSG-f2   ,        261,      1781,                       264,             6.536271354295618,                    20.0,         11,         17646,                        276,             6.833374597672691 , 12             ,  104.54545454545455 ,                1
Degree       ,               2.0,   1784, CGG      ,        668,      1783,                       899,            22.25798464966576 ,                    20.0,         11,         17646,                        828,            20.500123793018073 , -71            ,   92.1023359288098  ,                7
Degree       ,               5.0,   4462, CSG-f1   ,        287,      4462,                       480,            11.884129735082942,                    20.0,         11,         17646,                        514,            12.725922257984651 , 34             ,  107.08333333333333 ,                6
Degree       ,               5.0,   4462, CSG-f2   ,        408,      4426,                       412,            10.200544689279525,                    20.0,         11,         17646,                        425,            10.522406536271355 , 13             ,  103.15533980582525 ,                2
Degree       ,               5.0,   4462, CGG      ,       1100,      4456,                      1411,            34.9343897004209  ,                    20.0,         11,         17646,                       1362,            33.721218123297845 , -49            ,   96.52728561304039 ,                8
Degree       ,              10.0,   8924, CSG-f1   ,        448,      8910,                       650,            16.093092349591483,                    20.0,         11,         17646,                        688,            17.033919286952216 , 38             ,  105.84615384615385 ,                6
Degree       ,              10.0,   8924, CSG-f2   ,        613,      8915,                       617,            15.276058430304532,                    20.0,         11,         17646,                        627,            15.52364446645209  , 10             ,  101.62074554294975 ,                2
Degree       ,              10.0,   8924, CGG      ,       1539,      8919,                      2405,            59.544441693488494,                    20.0,         11,         17646,                       2376,            58.82644218866056  , -29            ,   98.7941787941788  ,               24
Degree       ,              20.0,  17848, CSG-f1   ,        849,     17836,                      1853,            45.877692498143105,                    20.0,         11,         17646,                       1870,            46.29858875959396  , 17             ,  100.91743119266054 ,                6
Degree       ,              20.0,  17848, CSG-f2   ,       1075,     17802,                      1081,            26.764050507551374,                    20.0,         11,         17646,                       1087,            26.91260212923991  , 6              ,  100.5550416281221  ,                2
Degree       ,              20.0,  17848, CGG      ,       1982,     17817,                      3467,            85.83807873235949 ,                    20.0,         11,         17646,                       3284,            81.30725427085912  , -183           ,   94.72166137871358 ,               23
Random       ,               1.0,    220, CSG-f1   ,        146,       220,                       293,             7.254270859123546,                    20.0,         12,         17646,                        322,             7.9722703639514725, 29             ,  109.8976109215017  ,                4
Random       ,               1.0,    220, CSG-f2   ,        140,       219,                       224,             5.545927209705372,                    20.0,         12,         17646,                        253,             6.263926714533301 , 29             ,  112.94642857142858 ,                4
Random       ,               1.0,    220, CGG      ,        120,       220,                       588,            14.558058925476603,                    20.0,         12,         17646,                        544,            13.468680366427332 , -44            ,   92.51700680272108 ,               11
Random       ,               2.0,    440, CSG-f1   ,        252,       440,                       409,            10.126268878435257,                    20.0,         12,         17646,                        444,            10.99282000495172  , 35             ,  108.55745721271393 ,                4
Random       ,               2.0,    440, CSG-f2   ,        244,       438,                       366,             9.061648923000742,                    20.0,         12,         17646,                        398,             9.853924238672938 , 32             ,  108.74316939890711 ,                4
Random       ,               2.0,    440, CGG      ,        285,       440,                       882,            21.837088388214905,                    20.0,         12,         17646,                        801,            19.831641495419657 , -81            ,   90.81632653061224 ,               11
Random       ,               5.0,   1100, CSG-f1   ,        487,      1099,                      1354,            33.52314929437979 ,                    20.0,         12,         17646,                       1378,            34.117355781133945 , 24             ,  101.7725258493353  ,               13
Random       ,               5.0,   1100, CSG-f2   ,        533,      1099,                      1553,            38.450111413716265,                    20.0,         12,         17646,                       1432,            35.45432037633077  , -121           ,   92.20862846104313 ,               17
Random       ,               5.0,   1100, CGG      ,        619,      1099,                      2519,            62.366922505570685,                    20.0,         12,         17646,                       1536,            38.02921515226541  , -983           ,   60.97657800714569 ,               16
Random       ,              10.0,   2201, CSG-f1   ,        869,      2196,                      2883,            71.37905422134192 ,                    20.0,         12,         17646,                       2837,            70.24015845506314  , -46            ,   98.40443981963233 ,               10
Random       ,              10.0,   2201, CSG-f2   ,        979,      2201,                      3095,            76.62787818767022 ,                    20.0,         12,         17646,                       3216,            79.6236692250557   , 121            ,  103.90953150242326 ,               21
Random       ,              10.0,   2201, CGG      ,        926,      2011,                      4039,           100.0              ,                    20.0,         12,         17646,                       3085,            76.38029215152265  , -954           ,   76.38029215152265 ,               40
Random       ,              20.0,   4402, CSG-f1   ,       1495,      4399,                      4012,            99.33151770240158 ,                    20.0,         12,         17646,                       4017,            99.45531072047537  , 5              ,  100.12462612163509 ,                6
Random       ,              20.0,   4402, CSG-f2   ,       1620,      4399,                      3963,            98.11834612527853 ,                    20.0,         12,         17646,                       4004,            99.13344887348353  , 41             ,  101.03456977037597 ,                8
Random       ,              20.0,   4402, CGG      ,        926,      2011,                      4039,           100.0              ,                    20.0,         12,         17646,                       3085,            76.38029215152265  , -954           ,   76.38029215152265 ,               40
Degree       ,               1.0,    892, CSG-f1   ,        117,       888,                       158,             3.911859371131468,                    20.0,         12,         17646,                        196,             4.852686308492201 , 38             ,  124.0506329113924  ,                7
Degree       ,               1.0,    892, CSG-f2   ,        209,       888,                       211,             5.224065362713543,                    20.0,         12,         17646,                        222,             5.49641000247586  , 11             ,  105.2132701421801  ,                2
Degree       ,               1.0,    892, CGG      ,        442,       891,                       555,            13.74102500618965 ,                    20.0,         12,         17646,                        535,            13.245852933894527 , -20            ,   96.3963963963964  ,                5
Degree       ,               2.0,   1784, CSG-f1   ,        177,      1766,                       368,             9.111166130230256,                    20.0,         12,         17646,                        385,             9.532062391681109 , 17             ,  104.61956521739131 ,                5
Degree       ,               2.0,   1784, CSG-f2   ,        261,      1781,                       264,             6.536271354295618,                    20.0,         12,         17646,                        275,             6.808615994057936 , 11             ,  104.16666666666667 ,                2
Degree       ,               2.0,   1784, CGG      ,        668,      1783,                       899,            22.25798464966576 ,                    20.0,         12,         17646,                        859,            21.267640505075512 , -40            ,   95.55061179087876 ,                9
Degree       ,               5.0,   4462, CSG-f1   ,        287,      4462,                       480,            11.884129735082942,                    20.0,         12,         17646,                        497,            12.305025996533796 , 17             ,  103.54166666666667 ,                5
Degree       ,               5.0,   4462, CSG-f2   ,        408,      4426,                       412,            10.200544689279525,                    20.0,         12,         17646,                        421,            10.42337212181233  , 9              ,  102.18446601941748 ,                2
Degree       ,               5.0,   4462, CGG      ,       1100,      4456,                      1411,            34.9343897004209  ,                    20.0,         12,         17646,                       1384,            34.265907402822485 , -27            ,   98.08646350106306 ,               12
Degree       ,              10.0,   8924, CSG-f1   ,        448,      8910,                       650,            16.093092349591483,                    20.0,         12,         17646,                        674,            16.68729883634563  , 24             ,  103.69230769230768 ,                5
Degree       ,              10.0,   8924, CSG-f2   ,        613,      8915,                       617,            15.276058430304532,                    20.0,         12,         17646,                        628,            15.548403070066849 , 11             ,  101.78282009724472 ,                2
Degree       ,              10.0,   8924, CGG      ,       1539,      8919,                      2405,            59.544441693488494,                    20.0,         12,         17646,                       2160,            53.478583807873235 , -245           ,   89.81288981288982 ,               16
Degree       ,              20.0,  17848, CSG-f1   ,        849,     17836,                      1853,            45.877692498143105,                    20.0,         12,         17646,                       1872,            46.348105966823475 , 19             ,  101.02536427415004 ,                6
Degree       ,              20.0,  17848, CSG-f2   ,       1075,     17802,                      1081,            26.764050507551374,                    20.0,         12,         17646,                       1090,            26.98687794008418  , 9              ,  100.83256244218317 ,                2
Degree       ,              20.0,  17848, CGG      ,       1982,     17817,                      3467,            85.83807873235949 ,                    20.0,         12,         17646,                       3389,            83.90690765040851  , -78            ,   97.75021632535334 ,               32
Random       ,               1.0,    220, CSG-f1   ,        146,       220,                       293,             7.254270859123546,                    20.0,         13,         17646,                        322,             7.9722703639514725, 29             ,  109.8976109215017  ,                6
Random       ,               1.0,    220, CSG-f2   ,        140,       219,                       224,             5.545927209705372,                    20.0,         13,         17646,                        243,             6.016340678385739 , 19             ,  108.48214285714286 ,                4
Random       ,               1.0,    220, CGG      ,        120,       220,                       588,            14.558058925476603,                    20.0,         13,         17646,                        547,            13.5429561772716   , -41            ,   93.02721088435374 ,               13
Random       ,               2.0,    440, CSG-f1   ,        252,       440,                       409,            10.126268878435257,                    20.0,         13,         17646,                        442,            10.943302797722207 , 33             ,  108.06845965770171 ,                6
Random       ,               2.0,    440, CSG-f2   ,        244,       438,                       366,             9.061648923000742,                    20.0,         13,         17646,                        396,             9.804407031443427 , 30             ,  108.19672131147541 ,                6
Random       ,               2.0,    440, CGG      ,        285,       440,                       882,            21.837088388214905,                    20.0,         13,         17646,                        802,            19.856400099034417 , -80            ,   90.9297052154195  ,               11
Random       ,               5.0,   1100, CSG-f1   ,        487,      1099,                      1354,            33.52314929437979 ,                    20.0,         13,         17646,                       1372,            33.96880415944541  , 18             ,  101.32939438700149 ,               17
Random       ,               5.0,   1100, CSG-f2   ,        533,      1099,                      1553,            38.450111413716265,                    20.0,         13,         17646,                       1557,            38.54914582817529  , 4              ,  100.25756600128784 ,               23
Random       ,               5.0,   1100, CGG      ,        619,      1099,                      2519,            62.366922505570685,                    20.0,         13,         17646,                       1598,            39.56424857638029  , -921           ,   63.43787217149662 ,               18
Random       ,              10.0,   2201, CSG-f1   ,        869,      2196,                      2883,            71.37905422134192 ,                    20.0,         13,         17646,                       2883,            71.37905422134192  , 0              ,  100.0              ,               10
Random       ,              10.0,   2201, CSG-f2   ,        979,      2201,                      3095,            76.62787818767022 ,                    20.0,         13,         17646,                       3096,            76.65263679128496  , 1              ,  100.03231017770598 ,               15
Random       ,              10.0,   2201, CGG      ,        926,      2011,                      4039,           100.0              ,                    20.0,         13,         17646,                       2835,            70.19064124783363  , -1204          ,   70.19064124783363 ,               32
Random       ,              20.0,   4402, CSG-f1   ,       1495,      4399,                      4012,            99.33151770240158 ,                    20.0,         13,         17646,                       4020,            99.52958653131964  , 8              ,  100.19940179461615 ,                5
Random       ,              20.0,   4402, CSG-f2   ,       1620,      4399,                      3963,            98.11834612527853 ,                    20.0,         13,         17646,                       3974,            98.39069076504086  , 11             ,  100.27756749936916 ,                5
Random       ,              20.0,   4402, CGG      ,        926,      2011,                      4039,           100.0              ,                    20.0,         13,         17646,                       2835,            70.19064124783363  , -1204          ,   70.19064124783363 ,               32
Degree       ,               1.0,    892, CSG-f1   ,        117,       888,                       158,             3.911859371131468,                    20.0,         13,         17646,                        204,             5.05075513741025  , 46             ,  129.1139240506329  ,                5
Degree       ,               1.0,    892, CSG-f2   ,        209,       888,                       211,             5.224065362713543,                    20.0,         13,         17646,                        225,             5.570685813320129 , 14             ,  106.63507109004739 ,                2
Degree       ,               1.0,    892, CGG      ,        442,       891,                       555,            13.74102500618965 ,                    20.0,         13,         17646,                        542,            13.419163159197822 , -13            ,   97.65765765765767 ,               14
Degree       ,               2.0,   1784, CSG-f1   ,        177,      1766,                       368,             9.111166130230256,                    20.0,         13,         17646,                        390,             9.65585540975489  , 22             ,  105.9782608695652  ,                6
Degree       ,               2.0,   1784, CSG-f2   ,        261,      1781,                       264,             6.536271354295618,                    20.0,         13,         17646,                        279,             6.907650408516959 , 15             ,  105.68181818181819 ,                2
Degree       ,               2.0,   1784, CGG      ,        668,      1783,                       899,            22.25798464966576 ,                    20.0,         13,         17646,                        865,            21.41619212676405  , -34            ,   96.21802002224695 ,               14
Degree       ,               5.0,   4462, CSG-f1   ,        287,      4462,                       480,            11.884129735082942,                    20.0,         13,         17646,                        505,            12.503094825451843 , 25             ,  105.20833333333333 ,                6
Degree       ,               5.0,   4462, CSG-f2   ,        408,      4426,                       412,            10.200544689279525,                    20.0,         13,         17646,                        425,            10.522406536271355 , 13             ,  103.15533980582525 ,                2
Degree       ,               5.0,   4462, CGG      ,       1100,      4456,                      1411,            34.9343897004209  ,                    20.0,         13,         17646,                       1353,            33.49839069076504  , -58            ,   95.88944011339476 ,               14
Degree       ,              10.0,   8924, CSG-f1   ,        448,      8910,                       650,            16.093092349591483,                    20.0,         13,         17646,                        679,            16.81109185441941  , 29             ,  104.46153846153847 ,                6
Degree       ,              10.0,   8924, CSG-f2   ,        613,      8915,                       617,            15.276058430304532,                    20.0,         13,         17646,                        626,            15.498885862837335 , 9              ,  101.45867098865477 ,                2
Degree       ,              10.0,   8924, CGG      ,       1539,      8919,                      2405,            59.544441693488494,                    20.0,         13,         17646,                       2226,            55.11265164644714  , -179           ,   92.55717255717256 ,               25
Degree       ,              20.0,  17848, CSG-f1   ,        849,     17836,                      1853,            45.877692498143105,                    20.0,         13,         17646,                       1878,            46.49665758851201  , 25             ,  101.34916351861844 ,                6
Degree       ,              20.0,  17848, CSG-f2   ,       1075,     17802,                      1081,            26.764050507551374,                    20.0,         13,         17646,                       1086,            26.887843525625154 , 5              ,  100.46253469010176 ,                2
Degree       ,              20.0,  17848, CGG      ,       1982,     17817,                      3467,            85.83807873235949 ,                    20.0,         13,         17646,                       3140,            77.74201535033424  , -327           ,   90.5682145947505  ,               32
Random       ,               1.0,    220, CSG-f1   ,        146,       220,                       293,             7.254270859123546,                    20.0,         14,         17646,                        343,             8.492201039861353 , 50             ,  117.06484641638227 ,                5
Random       ,               1.0,    220, CSG-f2   ,        140,       219,                       224,             5.545927209705372,                    20.0,         14,         17646,                        259,             6.412478336221837 , 35             ,  115.625            ,                5
Random       ,               1.0,    220, CGG      ,        120,       220,                       588,            14.558058925476603,                    20.0,         14,         17646,                        544,            13.468680366427332 , -44            ,   92.51700680272108 ,                9
Random       ,               2.0,    440, CSG-f1   ,        252,       440,                       409,            10.126268878435257,                    20.0,         14,         17646,                        465,            11.5127506808616   , 56             ,  113.6919315403423  ,                5
Random       ,               2.0,    440, CSG-f2   ,        244,       438,                       366,             9.061648923000742,                    20.0,         14,         17646,                        416,            10.299579103738548 , 50             ,  113.66120218579235 ,                5
Random       ,               2.0,    440, CGG      ,        285,       440,                       882,            21.837088388214905,                    20.0,         14,         17646,                        824,            20.40108937855905  , -58            ,   93.42403628117914 ,                9
Random       ,               5.0,   1100, CSG-f1   ,        487,      1099,                      1354,            33.52314929437979 ,                    20.0,         14,         17646,                       1394,            34.513493438970045 , 40             ,  102.95420974889218 ,               17
Random       ,               5.0,   1100, CSG-f2   ,        533,      1099,                      1553,            38.450111413716265,                    20.0,         14,         17646,                       1579,            39.093835107699924 , 26             ,  101.6741790083709  ,               20
Random       ,               5.0,   1100, CGG      ,        619,      1099,                      2519,            62.366922505570685,                    20.0,         14,         17646,                       1727,            42.758108442683834 , -792           ,   68.5589519650655  ,               27
Random       ,              10.0,   2201, CSG-f1   ,        869,      2196,                      2883,            71.37905422134192 ,                    20.0,         14,         17646,                       2933,            72.61698440207972  , 50             ,  101.73430454387791 ,               24
Random       ,              10.0,   2201, CSG-f2   ,        979,      2201,                      3095,            76.62787818767022 ,                    20.0,         14,         17646,                       3052,            75.5632582322357   , -43            ,   98.61066235864297 ,               15
Random       ,              10.0,   2201, CGG      ,        926,      2011,                      4039,           100.0              ,                    20.0,         14,         17646,                       2490,            61.64892300074276  , -1549          ,   61.64892300074276 ,               21
Random       ,              20.0,   4402, CSG-f1   ,       1495,      4399,                      4012,            99.33151770240158 ,                    20.0,         14,         17646,                       4017,            99.45531072047537  , 5              ,  100.12462612163509 ,                7
Random       ,              20.0,   4402, CSG-f2   ,       1620,      4399,                      3963,            98.11834612527853 ,                    20.0,         14,         17646,                       3984,            98.63827680118843  , 21             ,  100.52990158970476 ,                5
Random       ,              20.0,   4402, CGG      ,        926,      2011,                      4039,           100.0              ,                    20.0,         14,         17646,                       2490,            61.64892300074276  , -1549          ,   61.64892300074276 ,               21
Degree       ,               1.0,    892, CSG-f1   ,        117,       888,                       158,             3.911859371131468,                    20.0,         14,         17646,                        194,             4.8031691012626885, 36             ,  122.78481012658229 ,                3
Degree       ,               1.0,    892, CSG-f2   ,        209,       888,                       211,             5.224065362713543,                    20.0,         14,         17646,                        224,             5.545927209705372 , 13             ,  106.1611374407583  ,                1
Degree       ,               1.0,    892, CGG      ,        442,       891,                       555,            13.74102500618965 ,                    20.0,         14,         17646,                        518,            12.824956672443674 , -37            ,   93.33333333333333 ,                4
Degree       ,               2.0,   1784, CSG-f1   ,        177,      1766,                       368,             9.111166130230256,                    20.0,         14,         17646,                        396,             9.804407031443427 , 28             ,  107.6086956521739  ,                5
Degree       ,               2.0,   1784, CSG-f2   ,        261,      1781,                       264,             6.536271354295618,                    20.0,         14,         17646,                        278,             6.882891804902204 , 14             ,  105.3030303030303  ,                1
Degree       ,               2.0,   1784, CGG      ,        668,      1783,                       899,            22.25798464966576 ,                    20.0,         14,         17646,                        828,            20.500123793018073 , -71            ,   92.1023359288098  ,                6
Degree       ,               5.0,   4462, CSG-f1   ,        287,      4462,                       480,            11.884129735082942,                    20.0,         14,         17646,                        509,            12.60212923991087  , 29             ,  106.04166666666666 ,                5
Degree       ,               5.0,   4462, CSG-f2   ,        408,      4426,                       412,            10.200544689279525,                    20.0,         14,         17646,                        422,            10.448130725427086 , 10             ,  102.42718446601941 ,                2
Degree       ,               5.0,   4462, CGG      ,       1100,      4456,                      1411,            34.9343897004209  ,                    20.0,         14,         17646,                       1350,            33.42411487992077  , -61            ,   95.67682494684621 ,                8
Degree       ,              10.0,   8924, CSG-f1   ,        448,      8910,                       650,            16.093092349591483,                    20.0,         14,         17646,                        688,            17.033919286952216 , 38             ,  105.84615384615385 ,                5
Degree       ,              10.0,   8924, CSG-f2   ,        613,      8915,                       617,            15.276058430304532,                    20.0,         14,         17646,                        630,            15.597920277296359 , 13             ,  102.10696920583469 ,                2
Degree       ,              10.0,   8924, CGG      ,       1539,      8919,                      2405,            59.544441693488494,                    20.0,         14,         17646,                       2076,            51.39886110423372  , -329           ,   86.32016632016632 ,               16
Degree       ,              20.0,  17848, CSG-f1   ,        849,     17836,                      1853,            45.877692498143105,                    20.0,         14,         17646,                       1873,            46.372864570438225 , 20             ,  101.07933081489477 ,                6
Degree       ,              20.0,  17848, CSG-f2   ,       1075,     17802,                      1081,            26.764050507551374,                    20.0,         14,         17646,                       1093,            27.061153750928447 , 12             ,  101.11008325624422 ,                2
Degree       ,              20.0,  17848, CGG      ,       1982,     17817,                      3467,            85.83807873235949 ,                    20.0,         14,         17646,                       3246,            80.3664273334984   , -221           ,   93.62561292183443 ,               33
Random       ,               1.0,    220, CSG-f1   ,        146,       220,                       293,             7.254270859123546,                    20.0,         15,         17646,                        361,             8.937855904926963 , 68             ,  123.20819112627986 ,                4
Random       ,               1.0,    220, CSG-f2   ,        140,       219,                       224,             5.545927209705372,                    20.0,         15,         17646,                        272,             6.734340183213666 , 48             ,  121.42857142857142 ,                4
Random       ,               1.0,    220, CGG      ,        120,       220,                       588,            14.558058925476603,                    20.0,         15,         17646,                        544,            13.468680366427332 , -44            ,   92.51700680272108 ,                8
Random       ,               2.0,    440, CSG-f1   ,        252,       440,                       409,            10.126268878435257,                    20.0,         15,         17646,                        479,            11.859371131468185 , 70             ,  117.11491442542787 ,                4
Random       ,               2.0,    440, CSG-f2   ,        244,       438,                       366,             9.061648923000742,                    20.0,         15,         17646,                        431,            10.670958157959891 , 65             ,  117.75956284153007 ,                4
Random       ,               2.0,    440, CGG      ,        285,       440,                       882,            21.837088388214905,                    20.0,         15,         17646,                        818,            20.252537756870513 , -64            ,   92.7437641723356  ,                8
Random       ,               5.0,   1100, CSG-f1   ,        487,      1099,                      1354,            33.52314929437979 ,                    20.0,         15,         17646,                       1420,            35.1572171329537   , 66             ,  104.87444608567209 ,               14
Random       ,               5.0,   1100, CSG-f2   ,        533,      1099,                      1553,            38.450111413716265,                    20.0,         15,         17646,                       1611,            39.88611042337212  , 58             ,  103.73470701867353 ,               23
Random       ,               5.0,   1100, CGG      ,        619,      1099,                      2519,            62.366922505570685,                    20.0,         15,         17646,                       1902,            47.090864075266154 , -617           ,   75.50615323541088 ,               46
Random       ,              10.0,   2201, CSG-f1   ,        869,      2196,                      2883,            71.37905422134192 ,                    20.0,         15,         17646,                       2887,            71.47808863580094  , 4              ,  100.13874436351023 ,               10
Random       ,              10.0,   2201, CSG-f2   ,        979,      2201,                      3095,            76.62787818767022 ,                    20.0,         15,         17646,                       3135,            77.61822233226046  , 40             ,  101.2924071082391  ,               17
Random       ,              10.0,   2201, CGG      ,        926,      2011,                      4039,           100.0              ,                    20.0,         15,         17646,                       2942,            72.83981183461253  , -1097          ,   72.83981183461253 ,               42
Random       ,              20.0,   4402, CSG-f1   ,       1495,      4399,                      4012,            99.33151770240158 ,                    20.0,         15,         17646,                       4015,            99.40579351324585  , 3              ,  100.07477567298106 ,                5
Random       ,              20.0,   4402, CSG-f2   ,       1620,      4399,                      3963,            98.11834612527853 ,                    20.0,         15,         17646,                       3967,            98.21738053973756  , 4              ,  100.10093363613424 ,                5
Random       ,              20.0,   4402, CGG      ,        926,      2011,                      4039,           100.0              ,                    20.0,         15,         17646,                       2942,            72.83981183461253  , -1097          ,   72.83981183461253 ,               42
Degree       ,               1.0,    892, CSG-f1   ,        117,       888,                       158,             3.911859371131468,                    20.0,         15,         17646,                        210,             5.1993067590987865, 52             ,  132.91139240506328 ,                6
Degree       ,               1.0,    892, CSG-f2   ,        209,       888,                       211,             5.224065362713543,                    20.0,         15,         17646,                        226,             5.5954444169348845, 15             ,  107.10900473933648 ,                1
Degree       ,               1.0,    892, CGG      ,        442,       891,                       555,            13.74102500618965 ,                    20.0,         15,         17646,                        531,            13.146818519435504 , -24            ,   95.67567567567568 ,                6
Degree       ,               2.0,   1784, CSG-f1   ,        177,      1766,                       368,             9.111166130230256,                    20.0,         15,         17646,                        395,             9.77964842782867  , 27             ,  107.33695652173914 ,                6
Degree       ,               2.0,   1784, CSG-f2   ,        261,      1781,                       264,             6.536271354295618,                    20.0,         15,         17646,                        276,             6.833374597672691 , 12             ,  104.54545454545455 ,                1
Degree       ,               2.0,   1784, CGG      ,        668,      1783,                       899,            22.25798464966576 ,                    20.0,         15,         17646,                        860,            21.29239910869027  , -39            ,   95.66184649610679 ,                7
Degree       ,               5.0,   4462, CSG-f1   ,        287,      4462,                       480,            11.884129735082942,                    20.0,         15,         17646,                        518,            12.824956672443674 , 38             ,  107.91666666666666 ,                6
Degree       ,               5.0,   4462, CSG-f2   ,        408,      4426,                       412,            10.200544689279525,                    20.0,         15,         17646,                        421,            10.42337212181233  , 9              ,  102.18446601941748 ,                2
Degree       ,               5.0,   4462, CGG      ,       1100,      4456,                      1411,            34.9343897004209  ,                    20.0,         15,         17646,                       1369,            33.89452834860114  , -42            ,   97.02338766832034 ,                6
Degree       ,              10.0,   8924, CSG-f1   ,        448,      8910,                       650,            16.093092349591483,                    20.0,         15,         17646,                        679,            16.81109185441941  , 29             ,  104.46153846153847 ,                6
Degree       ,              10.0,   8924, CSG-f2   ,        613,      8915,                       617,            15.276058430304532,                    20.0,         15,         17646,                        629,            15.573161673681604 , 12             ,  101.94489465153971 ,                2
Degree       ,              10.0,   8924, CGG      ,       1539,      8919,                      2405,            59.544441693488494,                    20.0,         15,         17646,                       2165,            53.60237682594702  , -240           ,   90.02079002079002 ,               19
Degree       ,              20.0,  17848, CSG-f1   ,        849,     17836,                      1853,            45.877692498143105,                    20.0,         15,         17646,                       1875,            46.42238177766774  , 22             ,  101.18726389638424 ,                6
Degree       ,              20.0,  17848, CSG-f2   ,       1075,     17802,                      1081,            26.764050507551374,                    20.0,         15,         17646,                       1093,            27.061153750928447 , 12             ,  101.11008325624422 ,                2
Degree       ,              20.0,  17848, CGG      ,       1982,     17817,                      3467,            85.83807873235949 ,                    20.0,         15,         17646,                       3110,            76.99925724189156  , -357           ,   89.70291318142486 ,               20
Random       ,               1.0,    220, CSG-f1   ,        146,       220,                       293,             7.254270859123546,                    20.0,         16,         17646,                        335,             8.294132210943303 , 42             ,  114.33447098976109 ,                4
Random       ,               1.0,    220, CSG-f2   ,        140,       219,                       224,             5.545927209705372,                    20.0,         16,         17646,                        252,             6.239168110918544 , 28             ,  112.5              ,                4
Random       ,               1.0,    220, CGG      ,        120,       220,                       588,            14.558058925476603,                    20.0,         16,         17646,                        523,            12.948749690517456 , -65            ,   88.94557823129252 ,                9
Random       ,               2.0,    440, CSG-f1   ,        252,       440,                       409,            10.126268878435257,                    20.0,         16,         17646,                        450,            11.141371626640257 , 41             ,  110.02444987775061 ,                4
Random       ,               2.0,    440, CSG-f2   ,        244,       438,                       366,             9.061648923000742,                    20.0,         16,         17646,                        404,            10.002475860361477 , 38             ,  110.38251366120218 ,                4
Random       ,               2.0,    440, CGG      ,        285,       440,                       882,            21.837088388214905,                    20.0,         16,         17646,                        787,            19.485021044813074 , -95            ,   89.22902494331065 ,               11
Random       ,               5.0,   1100, CSG-f1   ,        487,      1099,                      1354,            33.52314929437979 ,                    20.0,         16,         17646,                       1410,            34.90963109680614  , 56             ,  104.13589364844904 ,               17
Random       ,               5.0,   1100, CSG-f2   ,        533,      1099,                      1553,            38.450111413716265,                    20.0,         16,         17646,                       1392,            34.46397623174053  , -161           ,   89.63296844816485 ,               27
Random       ,               5.0,   1100, CGG      ,        619,      1099,                      2519,            62.366922505570685,                    20.0,         16,         17646,                       1846,            45.70438227283981  , -673           ,   73.28304882890035 ,               33
Random       ,              10.0,   2201, CSG-f1   ,        869,      2196,                      2883,            71.37905422134192 ,                    20.0,         16,         17646,                       2920,            72.2951225550879   , 37             ,  101.28338536246966 ,               11
Random       ,              10.0,   2201, CSG-f2   ,        979,      2201,                      3095,            76.62787818767022 ,                    20.0,         16,         17646,                       3147,            77.91532557563754  , 52             ,  101.68012924071081 ,               17
Random       ,              10.0,   2201, CGG      ,        926,      2011,                      4039,           100.0              ,                    20.0,         16,         17646,                       3891,            96.3357266650161   , -148           ,   96.3357266650161  ,               42
Random       ,              20.0,   4402, CSG-f1   ,       1495,      4399,                      4012,            99.33151770240158 ,                    20.0,         16,         17646,                       4023,            99.60386234216391  , 11             ,  100.27417746759721 ,                6
Random       ,              20.0,   4402, CSG-f2   ,       1620,      4399,                      3963,            98.11834612527853 ,                    20.0,         16,         17646,                       3985,            98.66303540480317  , 22             ,  100.55513499873834 ,                5
Random       ,              20.0,   4402, CGG      ,        926,      2011,                      4039,           100.0              ,                    20.0,         16,         17646,                       3891,            96.3357266650161   , -148           ,   96.3357266650161  ,               42
Degree       ,               1.0,    892, CSG-f1   ,        117,       888,                       158,             3.911859371131468,                    20.0,         16,         17646,                        195,             4.827927704877445 , 37             ,  123.41772151898734 ,                7
Degree       ,               1.0,    892, CSG-f2   ,        209,       888,                       211,             5.224065362713543,                    20.0,         16,         17646,                        226,             5.5954444169348845, 15             ,  107.10900473933648 ,                2
Degree       ,               1.0,    892, CGG      ,        442,       891,                       555,            13.74102500618965 ,                    20.0,         16,         17646,                        545,            13.49343897004209  , -10            ,   98.1981981981982  ,               10
Degree       ,               2.0,   1784, CSG-f1   ,        177,      1766,                       368,             9.111166130230256,                    20.0,         16,         17646,                        389,             9.631096806140134 , 21             ,  105.70652173913044 ,                6
Degree       ,               2.0,   1784, CSG-f2   ,        261,      1781,                       264,             6.536271354295618,                    20.0,         16,         17646,                        279,             6.907650408516959 , 15             ,  105.68181818181819 ,                2
Degree       ,               2.0,   1784, CGG      ,        668,      1783,                       899,            22.25798464966576 ,                    20.0,         16,         17646,                        838,            20.747709829165636 , -61            ,   93.2146829810901  ,               10
Degree       ,               5.0,   4462, CSG-f1   ,        287,      4462,                       480,            11.884129735082942,                    20.0,         16,         17646,                        513,            12.701163654369893 , 33             ,  106.87500000000001 ,                6
Degree       ,               5.0,   4462, CSG-f2   ,        408,      4426,                       412,            10.200544689279525,                    20.0,         16,         17646,                        425,            10.522406536271355 , 13             ,  103.15533980582525 ,                2
Degree       ,               5.0,   4462, CGG      ,       1100,      4456,                      1411,            34.9343897004209  ,                    20.0,         16,         17646,                       1378,            34.117355781133945 , -33            ,   97.66123316796597 ,               10
Degree       ,              10.0,   8924, CSG-f1   ,        448,      8910,                       650,            16.093092349591483,                    20.0,         16,         17646,                        685,            16.959643476107946 , 35             ,  105.38461538461539 ,                6
Degree       ,              10.0,   8924, CSG-f2   ,        613,      8915,                       617,            15.276058430304532,                    20.0,         16,         17646,                        631,            15.622678880911117 , 14             ,  102.26904376012966 ,                2
Degree       ,              10.0,   8924, CGG      ,       1539,      8919,                      2405,            59.544441693488494,                    20.0,         16,         17646,                       2201,            54.49368655607824  , -204           ,   91.51767151767152 ,               16
Degree       ,              20.0,  17848, CSG-f1   ,        849,     17836,                      1853,            45.877692498143105,                    20.0,         16,         17646,                       1874,            46.39762317405298  , 21             ,  101.1332973556395  ,                6
Degree       ,              20.0,  17848, CSG-f2   ,       1075,     17802,                      1081,            26.764050507551374,                    20.0,         16,         17646,                       1095,            27.11067095815796  , 14             ,  101.29509713228492 ,                2
Degree       ,              20.0,  17848, CGG      ,       1982,     17817,                      3467,            85.83807873235949 ,                    20.0,         16,         17646,                       3272,            81.01015102748205  , -195           ,   94.37554081338332 ,               25
Random       ,               1.0,    220, CSG-f1   ,        146,       220,                       293,             7.254270859123546,                    20.0,         17,         17646,                        354,             8.76454567962367  , 61             ,  120.81911262798634 ,                5
Random       ,               1.0,    220, CSG-f2   ,        140,       219,                       224,             5.545927209705372,                    20.0,         17,         17646,                        265,             6.561029957910374 , 41             ,  118.30357142857142 ,                5
Random       ,               1.0,    220, CGG      ,        120,       220,                       588,            14.558058925476603,                    20.0,         17,         17646,                        537,            13.29537014112404  , -51            ,   91.3265306122449  ,                9
Random       ,               2.0,    440, CSG-f1   ,        252,       440,                       409,            10.126268878435257,                    20.0,         17,         17646,                        476,            11.785095320623917 , 67             ,  116.38141809290954 ,                5
Random       ,               2.0,    440, CSG-f2   ,        244,       438,                       366,             9.061648923000742,                    20.0,         17,         17646,                        424,            10.497647932656598 , 58             ,  115.84699453551912 ,                5
Random       ,               2.0,    440, CGG      ,        285,       440,                       882,            21.837088388214905,                    20.0,         17,         17646,                        805,            19.930675909878683 , -77            ,   91.26984126984127 ,                9
Random       ,               5.0,   1100, CSG-f1   ,        487,      1099,                      1354,            33.52314929437979 ,                    20.0,         17,         17646,                       1429,            35.38004456548651  , 75             ,  105.53914327917282 ,               14
Random       ,               5.0,   1100, CSG-f2   ,        533,      1099,                      1553,            38.450111413716265,                    20.0,         17,         17646,                       1594,            39.46521416192127  , 41             ,  102.64005151320026 ,               24
Random       ,               5.0,   1100, CGG      ,        619,      1099,                      2519,            62.366922505570685,                    20.0,         17,         17646,                       1612,            39.91086902698688  , -907           ,   63.99364827312426 ,               23
Random       ,              10.0,   2201, CSG-f1   ,        869,      2196,                      2883,            71.37905422134192 ,                    20.0,         17,         17646,                       3013,            74.59767269126021  , 130            ,  104.50919181408256 ,               19
Random       ,              10.0,   2201, CSG-f2   ,        979,      2201,                      3095,            76.62787818767022 ,                    20.0,         17,         17646,                       3182,            78.781876702154    , 87             ,  102.81098546042003 ,               19
Random       ,              10.0,   2201, CGG      ,        926,      2011,                      4039,           100.0              ,                    20.0,         17,         17646,                       2751,            68.1109185441941   , -1288          ,   68.1109185441941  ,               36
Random       ,              20.0,   4402, CSG-f1   ,       1495,      4399,                      4012,            99.33151770240158 ,                    20.0,         17,         17646,                       4018,            99.48006932409012  , 6              ,  100.14955134596211 ,                6
Random       ,              20.0,   4402, CSG-f2   ,       1620,      4399,                      3963,            98.11834612527853 ,                    20.0,         17,         17646,                       3975,            98.4154493686556   , 12             ,  100.30280090840273 ,                5
Random       ,              20.0,   4402, CGG      ,        926,      2011,                      4039,           100.0              ,                    20.0,         17,         17646,                       2751,            68.1109185441941   , -1288          ,   68.1109185441941  ,               36
Degree       ,               1.0,    892, CSG-f1   ,        117,       888,                       158,             3.911859371131468,                    20.0,         17,         17646,                        169,             4.184204010893786 , 11             ,  106.9620253164557  ,                3
Degree       ,               1.0,    892, CSG-f2   ,        209,       888,                       211,             5.224065362713543,                    20.0,         17,         17646,                        218,             5.397375588016836 , 7              ,  103.3175355450237  ,                1
Degree       ,               1.0,    892, CGG      ,        442,       891,                       555,            13.74102500618965 ,                    20.0,         17,         17646,                        519,            12.84971527605843  , -36            ,   93.51351351351352 ,                3
Degree       ,               2.0,   1784, CSG-f1   ,        177,      1766,                       368,             9.111166130230256,                    20.0,         17,         17646,                        384,             9.507303788066352 , 16             ,  104.34782608695652 ,                6
Degree       ,               2.0,   1784, CSG-f2   ,        261,      1781,                       264,             6.536271354295618,                    20.0,         17,         17646,                        271,             6.709581579598911 , 7              ,  102.65151515151516 ,                1
Degree       ,               2.0,   1784, CGG      ,        668,      1783,                       899,            22.25798464966576 ,                    20.0,         17,         17646,                        855,            21.16860609061649  , -44            ,   95.10567296996662 ,               11
Degree       ,               5.0,   4462, CSG-f1   ,        287,      4462,                       480,            11.884129735082942,                    20.0,         17,         17646,                        505,            12.503094825451843 , 25             ,  105.20833333333333 ,                6
Degree       ,               5.0,   4462, CSG-f2   ,        408,      4426,                       412,            10.200544689279525,                    20.0,         17,         17646,                        418,            10.349096310968061 , 6              ,  101.45631067961165 ,                2
Degree       ,               5.0,   4462, CGG      ,       1100,      4456,                      1411,            34.9343897004209  ,                    20.0,         17,         17646,                       1369,            33.89452834860114  , -42            ,   97.02338766832034 ,                9
Degree       ,              10.0,   8924, CSG-f1   ,        448,      8910,                       650,            16.093092349591483,                    20.0,         17,         17646,                        689,            17.058677890566972 , 39             ,  106.0              ,                6
Degree       ,              10.0,   8924, CSG-f2   ,        613,      8915,                       617,            15.276058430304532,                    20.0,         17,         17646,                        622,            15.399851448378312 , 5              ,  100.81037277147489 ,                2
Degree       ,              10.0,   8924, CGG      ,       1539,      8919,                      2405,            59.544441693488494,                    20.0,         17,         17646,                       2197,            54.39465214161922  , -208           ,   91.35135135135135 ,               20
Degree       ,              20.0,  17848, CSG-f1   ,        849,     17836,                      1853,            45.877692498143105,                    20.0,         17,         17646,                       1865,            46.17479574152018  , 12             ,  100.64759848893685 ,                6
Degree       ,              20.0,  17848, CSG-f2   ,       1075,     17802,                      1081,            26.764050507551374,                    20.0,         17,         17646,                       1092,            27.03639514731369  , 11             ,  101.01757631822386 ,                2
Degree       ,              20.0,  17848, CGG      ,       1982,     17817,                      3467,            85.83807873235949 ,                    20.0,         17,         17646,                       3376,            83.58504580341669  , -91            ,   97.3752523795789  ,               29
Random       ,               1.0,    220, CSG-f1   ,        146,       220,                       293,             7.254270859123546,                    20.0,         18,         17646,                        335,             8.294132210943303 , 42             ,  114.33447098976109 ,                3
Random       ,               1.0,    220, CSG-f2   ,        140,       219,                       224,             5.545927209705372,                    20.0,         18,         17646,                        266,             6.5857885615251295, 42             ,  118.75             ,                3
Random       ,               1.0,    220, CGG      ,        120,       220,                       588,            14.558058925476603,                    20.0,         18,         17646,                        553,            13.69150779896014  , -35            ,   94.04761904761905 ,                7
Random       ,               2.0,    440, CSG-f1   ,        252,       440,                       409,            10.126268878435257,                    20.0,         18,         17646,                        451,            11.166130230255014 , 42             ,  110.26894865525672 ,                3
Random       ,               2.0,    440, CSG-f2   ,        244,       438,                       366,             9.061648923000742,                    20.0,         18,         17646,                        409,            10.126268878435257 , 43             ,  111.74863387978142 ,                3
Random       ,               2.0,    440, CGG      ,        285,       440,                       882,            21.837088388214905,                    20.0,         18,         17646,                        815,            20.178261946026243 , -67            ,   92.40362811791383 ,               11
Random       ,               5.0,   1100, CSG-f1   ,        487,      1099,                      1354,            33.52314929437979 ,                    20.0,         18,         17646,                       1510,            37.385491458281756 , 156            ,  111.52141802067948 ,               29
Random       ,               5.0,   1100, CSG-f2   ,        533,      1099,                      1553,            38.450111413716265,                    20.0,         18,         17646,                       1551,            38.40059420648675  , -2             ,   99.87121699935608 ,               17
Random       ,               5.0,   1100, CGG      ,        619,      1099,                      2519,            62.366922505570685,                    20.0,         18,         17646,                       1708,            42.287694974003465 , -811           ,   67.80468439857086 ,               22
Random       ,              10.0,   2201, CSG-f1   ,        869,      2196,                      2883,            71.37905422134192 ,                    20.0,         18,         17646,                       2939,            72.76553602376826  , 56             ,  101.94242108914324 ,               15
Random       ,              10.0,   2201, CSG-f2   ,        979,      2201,                      3095,            76.62787818767022 ,                    20.0,         18,         17646,                       3052,            75.5632582322357   , -43            ,   98.61066235864297 ,               12
Random       ,              10.0,   2201, CGG      ,        926,      2011,                      4039,           100.0              ,                    20.0,         18,         17646,                       3219,            79.69794503589998  , -820           ,   79.69794503589998 ,               39
Random       ,              20.0,   4402, CSG-f1   ,       1495,      4399,                      4012,            99.33151770240158 ,                    20.0,         18,         17646,                       4012,            99.33151770240158  , 0              ,  100.0              ,                5
Random       ,              20.0,   4402, CSG-f2   ,       1620,      4399,                      3963,            98.11834612527853 ,                    20.0,         18,         17646,                       3981,            98.56400099034414  , 18             ,  100.45420136260408 ,                5
Random       ,              20.0,   4402, CGG      ,        926,      2011,                      4039,           100.0              ,                    20.0,         18,         17646,                       3219,            79.69794503589998  , -820           ,   79.69794503589998 ,               39
Degree       ,               1.0,    892, CSG-f1   ,        117,       888,                       158,             3.911859371131468,                    20.0,         18,         17646,                        200,             4.951720722951226 , 42             ,  126.58227848101266 ,                8
Degree       ,               1.0,    892, CSG-f2   ,        209,       888,                       211,             5.224065362713543,                    20.0,         18,         17646,                        233,             5.768754642238178 , 22             ,  110.42654028436019 ,                2
Degree       ,               1.0,    892, CGG      ,        442,       891,                       555,            13.74102500618965 ,                    20.0,         18,         17646,                        523,            12.948749690517456 , -32            ,   94.23423423423424 ,                4
Degree       ,               2.0,   1784, CSG-f1   ,        177,      1766,                       368,             9.111166130230256,                    20.0,         18,         17646,                        405,            10.027234463976232 , 37             ,  110.05434782608697 ,                5
Degree       ,               2.0,   1784, CSG-f2   ,        261,      1781,                       264,             6.536271354295618,                    20.0,         18,         17646,                        287,             7.105719237435008 , 23             ,  108.71212121212122 ,                2
Degree       ,               2.0,   1784, CGG      ,        668,      1783,                       899,            22.25798464966576 ,                    20.0,         18,         17646,                        809,            20.029710324337707 , -90            ,   89.9888765294772  ,                4
Degree       ,               5.0,   4462, CSG-f1   ,        287,      4462,                       480,            11.884129735082942,                    20.0,         18,         17646,                        527,            13.04778410497648  , 47             ,  109.79166666666667 ,                5
Degree       ,               5.0,   4462, CSG-f2   ,        408,      4426,                       412,            10.200544689279525,                    20.0,         18,         17646,                        424,            10.497647932656598 , 12             ,  102.9126213592233  ,                2
Degree       ,               5.0,   4462, CGG      ,       1100,      4456,                      1411,            34.9343897004209  ,                    20.0,         18,         17646,                       1342,            33.226046051002726 , -69            ,   95.10985116938342 ,                6
Degree       ,              10.0,   8924, CSG-f1   ,        448,      8910,                       650,            16.093092349591483,                    20.0,         18,         17646,                        702,            17.380539737558802 , 52             ,  108.0              ,                5
Degree       ,              10.0,   8924, CSG-f2   ,        613,      8915,                       617,            15.276058430304532,                    20.0,         18,         17646,                        628,            15.548403070066849 , 11             ,  101.78282009724472 ,                2
Degree       ,              10.0,   8924, CGG      ,       1539,      8919,                      2405,            59.544441693488494,                    20.0,         18,         17646,                       2180,            53.97375588016836  , -225           ,   90.64449064449065 ,               17
Degree       ,              20.0,  17848, CSG-f1   ,        849,     17836,                      1853,            45.877692498143105,                    20.0,         18,         17646,                       1890,            46.79376083188908  , 37             ,  101.99676200755532 ,                7
Degree       ,              20.0,  17848, CSG-f2   ,       1075,     17802,                      1081,            26.764050507551374,                    20.0,         18,         17646,                       1089,            26.962119336469424 , 8              ,  100.74005550416281 ,                2
Degree       ,              20.0,  17848, CGG      ,       1982,     17817,                      3467,            85.83807873235949 ,                    20.0,         18,         17646,                       3278,            81.15870264917059  , -189           ,   94.54860109604846 ,               36
Random       ,               1.0,    220, CSG-f1   ,        146,       220,                       293,             7.254270859123546,                    20.0,         19,         17646,                        354,             8.76454567962367  , 61             ,  120.81911262798634 ,               11
Random       ,               1.0,    220, CSG-f2   ,        140,       219,                       224,             5.545927209705372,                    20.0,         19,         17646,                        261,             6.461995543451349 , 37             ,  116.51785714285714 ,                3
Random       ,               1.0,    220, CGG      ,        120,       220,                       588,            14.558058925476603,                    20.0,         19,         17646,                        541,            13.394404555583064 , -47            ,   92.00680272108843 ,               11
Random       ,               2.0,    440, CSG-f1   ,        252,       440,                       409,            10.126268878435257,                    20.0,         19,         17646,                        474,            11.735578113394403 , 65             ,  115.8924205378973  ,               11
Random       ,               2.0,    440, CSG-f2   ,        244,       438,                       366,             9.061648923000742,                    20.0,         19,         17646,                        423,            10.472889329041841 , 57             ,  115.57377049180329 ,               11
Random       ,               2.0,    440, CGG      ,        285,       440,                       882,            21.837088388214905,                    20.0,         19,         17646,                        830,            20.549641000247586 , -52            ,   94.10430839002267 ,               11
Random       ,               5.0,   1100, CSG-f1   ,        487,      1099,                      1354,            33.52314929437979 ,                    20.0,         19,         17646,                       1559,            38.5986630354048   , 205            ,  115.14032496307239 ,               27
Random       ,               5.0,   1100, CSG-f2   ,        533,      1099,                      1553,            38.450111413716265,                    20.0,         19,         17646,                       1616,            40.00990344144591  , 63             ,  104.05666452028332 ,               22
Random       ,               5.0,   1100, CGG      ,        619,      1099,                      2519,            62.366922505570685,                    20.0,         19,         17646,                       1593,            39.44045555830652  , -926           ,   63.23938070662961 ,               22
Random       ,              10.0,   2201, CSG-f1   ,        869,      2196,                      2883,            71.37905422134192 ,                    20.0,         19,         17646,                       3005,            74.39960386234216  , 122            ,  104.23170308706209 ,               17
Random       ,              10.0,   2201, CSG-f2   ,        979,      2201,                      3095,            76.62787818767022 ,                    20.0,         19,         17646,                       3232,            80.01980688289181  , 137            ,  104.42649434571891 ,               23
Random       ,              10.0,   2201, CGG      ,        926,      2011,                      4039,           100.0              ,                    20.0,         19,         17646,                       2738,            67.78905669720228  , -1301          ,   67.78905669720228 ,               34
Random       ,              20.0,   4402, CSG-f1   ,       1495,      4399,                      4012,            99.33151770240158 ,                    20.0,         19,         17646,                       4010,            99.28200049517207  , -2             ,   99.95014955134596 ,                5
Random       ,              20.0,   4402, CSG-f2   ,       1620,      4399,                      3963,            98.11834612527853 ,                    20.0,         19,         17646,                       3960,            98.04407031443426  , -3             ,   99.92429977289932 ,                4
Random       ,              20.0,   4402, CGG      ,        926,      2011,                      4039,           100.0              ,                    20.0,         19,         17646,                       2738,            67.78905669720228  , -1301          ,   67.78905669720228 ,               34
Degree       ,               1.0,    892, CSG-f1   ,        117,       888,                       158,             3.911859371131468,                    20.0,         19,         17646,                        184,             4.555583065115128 , 26             ,  116.45569620253164 ,                5
Degree       ,               1.0,    892, CSG-f2   ,        209,       888,                       211,             5.224065362713543,                    20.0,         19,         17646,                        226,             5.5954444169348845, 15             ,  107.10900473933648 ,                1
Degree       ,               1.0,    892, CGG      ,        442,       891,                       555,            13.74102500618965 ,                    20.0,         19,         17646,                        542,            13.419163159197822 , -13            ,   97.65765765765767 ,               15
Degree       ,               2.0,   1784, CSG-f1   ,        177,      1766,                       368,             9.111166130230256,                    20.0,         19,         17646,                        390,             9.65585540975489  , 22             ,  105.9782608695652  ,                6
Degree       ,               2.0,   1784, CSG-f2   ,        261,      1781,                       264,             6.536271354295618,                    20.0,         19,         17646,                        281,             6.957167615746472 , 17             ,  106.43939393939394 ,                3
Degree       ,               2.0,   1784, CGG      ,        668,      1783,                       899,            22.25798464966576 ,                    20.0,         19,         17646,                        860,            21.29239910869027  , -39            ,   95.66184649610679 ,               15
Degree       ,               5.0,   4462, CSG-f1   ,        287,      4462,                       480,            11.884129735082942,                    20.0,         19,         17646,                        513,            12.701163654369893 , 33             ,  106.87500000000001 ,                6
Degree       ,               5.0,   4462, CSG-f2   ,        408,      4426,                       412,            10.200544689279525,                    20.0,         19,         17646,                        424,            10.497647932656598 , 12             ,  102.9126213592233  ,                1
Degree       ,               5.0,   4462, CGG      ,       1100,      4456,                      1411,            34.9343897004209  ,                    20.0,         19,         17646,                       1350,            33.42411487992077  , -61            ,   95.67682494684621 ,               15
Degree       ,              10.0,   8924, CSG-f1   ,        448,      8910,                       650,            16.093092349591483,                    20.0,         19,         17646,                        687,            17.00916068333746  , 37             ,  105.69230769230768 ,                6
Degree       ,              10.0,   8924, CSG-f2   ,        613,      8915,                       617,            15.276058430304532,                    20.0,         19,         17646,                        630,            15.597920277296359 , 13             ,  102.10696920583469 ,                1
Degree       ,              10.0,   8924, CGG      ,       1539,      8919,                      2405,            59.544441693488494,                    20.0,         19,         17646,                       2125,            52.612032681356766 , -280           ,   88.35758835758836 ,               21
Degree       ,              20.0,  17848, CSG-f1   ,        849,     17836,                      1853,            45.877692498143105,                    20.0,         19,         17646,                       1874,            46.39762317405298  , 21             ,  101.1332973556395  ,                7
Degree       ,              20.0,  17848, CSG-f2   ,       1075,     17802,                      1081,            26.764050507551374,                    20.0,         19,         17646,                       1094,            27.0859123545432   , 13             ,  101.20259019426456 ,                1
Degree       ,              20.0,  17848, CGG      ,       1982,     17817,                      3467,            85.83807873235949 ,                    20.0,         19,         17646,                       3263,            80.78732359494924  , -204           ,   94.11595038938565 ,               25
