cost_function, budget_percentage, budget, algorithm, original_seed_count, surviving_seed_count, removed_seed_count, seed_cost, baseline_influenced_nodes, node_removal_percentage, repetition, removed_nodes, remaining_nodes, perturbed_influenced_nodes, remaining_network_influence_percentage, delta_influence, retention_percentage, perturbed_rounds
Random       ,               1.0,    220, CSG-f1   ,                 146,                  144,                  2,       220,                       293,                     1.0,          0,            40,            3999,                        291,                     7.276819204801201 , -2             ,   99.31740614334471 ,                2
Random       ,               1.0,    220, CSG-f2   ,                 140,                  139,                  1,       219,                       224,                     1.0,          0,            40,            3999,                        223,                     5.576394098524632 , -1             ,   99.55357142857143 ,                2
Random       ,               1.0,    220, CGG      ,                 120,                  119,                  1,       220,                       588,                     1.0,          0,            40,            3999,                        571,                    14.278569642410602 , -17            ,   97.10884353741497 ,               13
Random       ,               2.0,    440, CSG-f1   ,                 252,                  249,                  3,       440,                       409,                     1.0,          0,            40,            3999,                        406,                    10.152538134533634 , -3             ,   99.26650366748166 ,                3
Random       ,               2.0,    440, CSG-f2   ,                 244,                  240,                  4,       438,                       366,                     1.0,          0,            40,            3999,                        362,                     9.052263065766441 , -4             ,   98.90710382513662 ,                2
Random       ,               2.0,    440, CGG      ,                 285,                  283,                  2,       440,                       882,                     1.0,          0,            40,            3999,                        863,                    21.580395098774694 , -19            ,   97.84580498866214 ,               13
Random       ,               5.0,   1100, CSG-f1   ,                 487,                  478,                  9,      1099,                      1354,                     1.0,          0,            40,            3999,                       1318,                    32.958239559889975 , -36            ,   97.34121122599704 ,               15
Random       ,               5.0,   1100, CSG-f2   ,                 533,                  525,                  8,      1099,                      1553,                     1.0,          0,            40,            3999,                       1540,                    38.50962740685171  , -13            ,   99.16291049581454 ,               32
Random       ,               5.0,   1100, CGG      ,                 619,                  615,                  4,      1099,                      2519,                     1.0,          0,            40,            3999,                       2107,                    52.68817204301075  , -412           ,   83.64430329495832 ,               49
Random       ,              10.0,   2201, CSG-f1   ,                 869,                  860,                  9,      2196,                      2883,                     1.0,          0,            40,            3999,                       2855,                    71.39284821205301  , -28            ,   99.02878945542838 ,               13
Random       ,              10.0,   2201, CSG-f2   ,                 979,                  969,                 10,      2201,                      3095,                     1.0,          0,            40,            3999,                       3067,                    76.69417354338584  , -28            ,   99.09531502423263 ,               18
Random       ,              10.0,   2201, CGG      ,                 926,                  919,                  7,      2011,                      4039,                     1.0,          0,            40,            3999,                       3603,                    90.09752438109527  , -436           ,   89.20524882396633 ,               48
Random       ,              20.0,   4402, CSG-f1   ,                1495,                 1484,                 11,      4399,                      4012,                     1.0,          0,            40,            3999,                       3972,                    99.32483120780195  , -40            ,   99.00299102691925 ,                6
Random       ,              20.0,   4402, CSG-f2   ,                1620,                 1607,                 13,      4399,                      3963,                     1.0,          0,            40,            3999,                       3924,                    98.1245311327832   , -39            ,   99.01589704769115 ,                5
Random       ,              20.0,   4402, CGG      ,                 926,                  919,                  7,      2011,                      4039,                     1.0,          0,            40,            3999,                       3603,                    90.09752438109527  , -436           ,   89.20524882396633 ,               48
Degree       ,               1.0,    892, CSG-f1   ,                 117,                  117,                  0,       888,                       158,                     1.0,          0,            40,            3999,                        158,                     3.9509877469367343, 0              ,  100.0              ,                6
Degree       ,               1.0,    892, CSG-f2   ,                 209,                  208,                  1,       888,                       211,                     1.0,          0,            40,            3999,                        210,                     5.251312828207052 , -1             ,   99.52606635071089 ,                1
Degree       ,               1.0,    892, CGG      ,                 442,                  440,                  2,       891,                       555,                     1.0,          0,            40,            3999,                        550,                    13.753438359589898 , -5             ,   99.09909909909909 ,               14
Degree       ,               2.0,   1784, CSG-f1   ,                 177,                  176,                  1,      1766,                       368,                     1.0,          0,            40,            3999,                        366,                     9.152288072018004 , -2             ,   99.45652173913044 ,                6
Degree       ,               2.0,   1784, CSG-f2   ,                 261,                  260,                  1,      1781,                       264,                     1.0,          0,            40,            3999,                        263,                     6.57664416104026  , -1             ,   99.62121212121212 ,                1
Degree       ,               2.0,   1784, CGG      ,                 668,                  665,                  3,      1783,                       899,                     1.0,          0,            40,            3999,                        892,                    22.305576394098527 , -7             ,   99.22135706340379 ,               14
Degree       ,               5.0,   4462, CSG-f1   ,                 287,                  285,                  2,      4462,                       480,                     1.0,          0,            40,            3999,                        479,                    11.977994498624655 , -1             ,   99.79166666666667 ,                6
Degree       ,               5.0,   4462, CSG-f2   ,                 408,                  407,                  1,      4426,                       412,                     1.0,          0,            40,            3999,                        411,                    10.277569392348088 , -1             ,   99.75728155339806 ,                2
Degree       ,               5.0,   4462, CGG      ,                1100,                 1094,                  6,      4456,                      1411,                     1.0,          0,            40,            3999,                       1399,                    34.98374593648413  , -12            ,   99.14953933380582 ,               14
Degree       ,              10.0,   8924, CSG-f1   ,                 448,                  445,                  3,      8910,                       650,                     1.0,          0,            40,            3999,                        647,                    16.179044761190298 , -3             ,   99.53846153846155 ,                6
Degree       ,              10.0,   8924, CSG-f2   ,                 613,                  608,                  5,      8915,                       617,                     1.0,          0,            40,            3999,                        612,                    15.303825956489122 , -5             ,   99.18962722852513 ,                2
Degree       ,              10.0,   8924, CGG      ,                1539,                 1528,                 11,      8919,                      2405,                     1.0,          0,            40,            3999,                       2265,                    56.63915978994749  , -140           ,   94.17879417879418 ,               30
Degree       ,              20.0,  17848, CSG-f1   ,                 849,                  841,                  8,     17836,                      1853,                     1.0,          0,            40,            3999,                       1841,                    46.036509127281825 , -12            ,   99.35240151106314 ,                8
Degree       ,              20.0,  17848, CSG-f2   ,                1075,                 1065,                 10,     17802,                      1081,                     1.0,          0,            40,            3999,                       1071,                    26.78169542385596  , -10            ,   99.07493061979649 ,                2
Degree       ,              20.0,  17848, CGG      ,                1982,                 1964,                 18,     17817,                      3467,                     1.0,          0,            40,            3999,                       3400,                    85.02125531382846  , -67            ,   98.0674935102394  ,               38
Random       ,               1.0,    220, CSG-f1   ,                 146,                  144,                  2,       220,                       293,                     1.0,          1,            40,            3999,                        290,                     7.25181295323831  , -3             ,   98.97610921501706 ,                2
Random       ,               1.0,    220, CSG-f2   ,                 140,                  138,                  2,       219,                       224,                     1.0,          1,            40,            3999,                        222,                     5.55138784696174  , -2             ,   99.10714285714286 ,                2
Random       ,               1.0,    220, CGG      ,                 120,                  120,                  0,       220,                       588,                     1.0,          1,            40,            3999,                        579,                    14.47861965491373  , -9             ,   98.46938775510205 ,               13
Random       ,               2.0,    440, CSG-f1   ,                 252,                  249,                  3,       440,                       409,                     1.0,          1,            40,            3999,                        404,                    10.102525631407852 , -5             ,   98.77750611246944 ,                3
Random       ,               2.0,    440, CSG-f2   ,                 244,                  242,                  2,       438,                       366,                     1.0,          1,            40,            3999,                        362,                     9.052263065766441 , -4             ,   98.90710382513662 ,                2
Random       ,               2.0,    440, CGG      ,                 285,                  282,                  3,       440,                       882,                     1.0,          1,            40,            3999,                        868,                    21.705426356589147 , -14            ,   98.4126984126984  ,               13
Random       ,               5.0,   1100, CSG-f1   ,                 487,                  483,                  4,      1099,                      1354,                     1.0,          1,            40,            3999,                       1341,                    33.53338334583646  , -13            ,   99.03988183161005 ,               20
Random       ,               5.0,   1100, CSG-f2   ,                 533,                  529,                  4,      1099,                      1553,                     1.0,          1,            40,            3999,                       1540,                    38.50962740685171  , -13            ,   99.16291049581454 ,               30
Random       ,               5.0,   1100, CGG      ,                 619,                  613,                  6,      1099,                      2519,                     1.0,          1,            40,            3999,                       2478,                    61.9654913728432   , -41            ,   98.37236998809051 ,               50
Random       ,              10.0,   2201, CSG-f1   ,                 869,                  862,                  7,      2196,                      2883,                     1.0,          1,            40,            3999,                       2856,                    71.41785446361591  , -27            ,   99.06347554630594 ,               14
Random       ,              10.0,   2201, CSG-f2   ,                 979,                  971,                  8,      2201,                      3095,                     1.0,          1,            40,            3999,                       2930,                    73.26831707926982  , -165           ,   94.66882067851373 ,               16
Random       ,              10.0,   2201, CGG      ,                 926,                  918,                  8,      2011,                      4039,                     1.0,          1,            40,            3999,                       3999,                   100.0               , -40            ,   99.00965585540975 ,               43
Random       ,              20.0,   4402, CSG-f1   ,                1495,                 1484,                 11,      4399,                      4012,                     1.0,          1,            40,            3999,                       3972,                    99.32483120780195  , -40            ,   99.00299102691925 ,                6
Random       ,              20.0,   4402, CSG-f2   ,                1620,                 1606,                 14,      4399,                      3963,                     1.0,          1,            40,            3999,                       3923,                    98.0995248812203   , -40            ,   98.99066363865758 ,                5
Random       ,              20.0,   4402, CGG      ,                 926,                  918,                  8,      2011,                      4039,                     1.0,          1,            40,            3999,                       3999,                   100.0               , -40            ,   99.00965585540975 ,               43
Degree       ,               1.0,    892, CSG-f1   ,                 117,                  114,                  3,       888,                       158,                     1.0,          1,            40,            3999,                        154,                     3.850962740685171 , -4             ,   97.46835443037975 ,                5
Degree       ,               1.0,    892, CSG-f2   ,                 209,                  206,                  3,       888,                       211,                     1.0,          1,            40,            3999,                        209,                     5.226306576644161 , -2             ,   99.0521327014218  ,                1
Degree       ,               1.0,    892, CGG      ,                 442,                  437,                  5,       891,                       555,                     1.0,          1,            40,            3999,                        548,                    13.703425856464117 , -7             ,   98.73873873873875 ,               14
Degree       ,               2.0,   1784, CSG-f1   ,                 177,                  173,                  4,      1766,                       368,                     1.0,          1,            40,            3999,                        362,                     9.052263065766441 , -6             ,   98.36956521739131 ,                8
Degree       ,               2.0,   1784, CSG-f2   ,                 261,                  258,                  3,      1781,                       264,                     1.0,          1,            40,            3999,                        262,                     6.5516379094773685, -2             ,   99.24242424242425 ,                1
Degree       ,               2.0,   1784, CGG      ,                 668,                  659,                  9,      1783,                       899,                     1.0,          1,            40,            3999,                        870,                    21.75543885971493  , -29            ,   96.7741935483871  ,               14
Degree       ,               5.0,   4462, CSG-f1   ,                 287,                  282,                  5,      4462,                       480,                     1.0,          1,            40,            3999,                        473,                    11.827956989247312 , -7             ,   98.54166666666667 ,                8
Degree       ,               5.0,   4462, CSG-f2   ,                 408,                  402,                  6,      4426,                       412,                     1.0,          1,            40,            3999,                        407,                    10.177544386096523 , -5             ,   98.7864077669903  ,                2
Degree       ,               5.0,   4462, CGG      ,                1100,                 1088,                 12,      4456,                      1411,                     1.0,          1,            40,            3999,                       1395,                    34.883720930232556 , -16            ,   98.86605244507442 ,               14
Degree       ,              10.0,   8924, CSG-f1   ,                 448,                  443,                  5,      8910,                       650,                     1.0,          1,            40,            3999,                        643,                    16.079019754938734 , -7             ,   98.92307692307692 ,                8
Degree       ,              10.0,   8924, CSG-f2   ,                 613,                  607,                  6,      8915,                       617,                     1.0,          1,            40,            3999,                        612,                    15.303825956489122 , -5             ,   99.18962722852513 ,                2
Degree       ,              10.0,   8924, CGG      ,                1539,                 1523,                 16,      8919,                      2405,                     1.0,          1,            40,            3999,                       2258,                    56.46411602900725  , -147           ,   93.88773388773389 ,               29
Degree       ,              20.0,  17848, CSG-f1   ,                 849,                  839,                 10,     17836,                      1853,                     1.0,          1,            40,            3999,                       1834,                    45.861465366341584 , -19            ,   98.97463572584996 ,                8
Degree       ,              20.0,  17848, CSG-f2   ,                1075,                 1065,                 10,     17802,                      1081,                     1.0,          1,            40,            3999,                       1072,                    26.806701675418854 , -9             ,   99.16743755781684 ,                2
Degree       ,              20.0,  17848, CGG      ,                1982,                 1960,                 22,     17817,                      3467,                     1.0,          1,            40,            3999,                       3310,                    82.77069267316828  , -157           ,   95.47158927026248 ,               37
Random       ,               1.0,    220, CSG-f1   ,                 146,                  144,                  2,       220,                       293,                     1.0,          2,            40,            3999,                        291,                     7.276819204801201 , -2             ,   99.31740614334471 ,                2
Random       ,               1.0,    220, CSG-f2   ,                 140,                  138,                  2,       219,                       224,                     1.0,          2,            40,            3999,                        221,                     5.52638159539885  , -3             ,   98.66071428571429 ,                2
Random       ,               1.0,    220, CGG      ,                 120,                  119,                  1,       220,                       588,                     1.0,          2,            40,            3999,                        579,                    14.47861965491373  , -9             ,   98.46938775510205 ,               13
Random       ,               2.0,    440, CSG-f1   ,                 252,                  249,                  3,       440,                       409,                     1.0,          2,            40,            3999,                        406,                    10.152538134533634 , -3             ,   99.26650366748166 ,                3
Random       ,               2.0,    440, CSG-f2   ,                 244,                  241,                  3,       438,                       366,                     1.0,          2,            40,            3999,                        363,                     9.077269317329332 , -3             ,   99.18032786885246 ,                2
Random       ,               2.0,    440, CGG      ,                 285,                  282,                  3,       440,                       882,                     1.0,          2,            40,            3999,                        863,                    21.580395098774694 , -19            ,   97.84580498866214 ,               13
Random       ,               5.0,   1100, CSG-f1   ,                 487,                  483,                  4,      1099,                      1354,                     1.0,          2,            40,            3999,                       1360,                    34.00850212553138  , 6              ,  100.44313146233384 ,               17
Random       ,               5.0,   1100, CSG-f2   ,                 533,                  528,                  5,      1099,                      1553,                     1.0,          2,            40,            3999,                       1542,                    38.55963990997749  , -11            ,   99.29169349645846 ,               25
Random       ,               5.0,   1100, CGG      ,                 619,                  614,                  5,      1099,                      2519,                     1.0,          2,            40,            3999,                       2023,                    50.58764691172794  , -496           ,   80.30964668519253 ,               43
Random       ,              10.0,   2201, CSG-f1   ,                 869,                  864,                  5,      2196,                      2883,                     1.0,          2,            40,            3999,                       2944,                    73.61840460115029  , 61             ,  102.11585154353105 ,               23
Random       ,              10.0,   2201, CSG-f2   ,                 979,                  973,                  6,      2201,                      3095,                     1.0,          2,            40,            3999,                       3064,                    76.61915478869717  , -31            ,   98.9983844911147  ,               16
Random       ,              10.0,   2201, CGG      ,                 926,                  919,                  7,      2011,                      4039,                     1.0,          2,            40,            3999,                       3324,                    83.12078019504877  , -715           ,   82.29759841544937 ,               47
Random       ,              20.0,   4402, CSG-f1   ,                1495,                 1485,                 10,      4399,                      4012,                     1.0,          2,            40,            3999,                       3969,                    99.24981245311328  , -43            ,   98.92821535393819 ,                6
Random       ,              20.0,   4402, CSG-f2   ,                1620,                 1610,                 10,      4399,                      3963,                     1.0,          2,            40,            3999,                       3915,                    97.89947486871718  , -48            ,   98.7887963663891  ,                5
Random       ,              20.0,   4402, CGG      ,                 926,                  919,                  7,      2011,                      4039,                     1.0,          2,            40,            3999,                       3324,                    83.12078019504877  , -715           ,   82.29759841544937 ,               47
Degree       ,               1.0,    892, CSG-f1   ,                 117,                  116,                  1,       888,                       158,                     1.0,          2,            40,            3999,                        156,                     3.900975243810953 , -2             ,   98.73417721518987 ,                6
Degree       ,               1.0,    892, CSG-f2   ,                 209,                  202,                  7,       888,                       211,                     1.0,          2,            40,            3999,                        204,                     5.101275318829708 , -7             ,   96.6824644549763  ,                1
Degree       ,               1.0,    892, CGG      ,                 442,                  432,                 10,       891,                       555,                     1.0,          2,            40,            3999,                        540,                    13.50337584396099  , -15            ,   97.2972972972973  ,               14
Degree       ,               2.0,   1784, CSG-f1   ,                 177,                  176,                  1,      1766,                       368,                     1.0,          2,            40,            3999,                        364,                     9.102275568892223 , -4             ,   98.91304347826086 ,                6
Degree       ,               2.0,   1784, CSG-f2   ,                 261,                  254,                  7,      1781,                       264,                     1.0,          2,            40,            3999,                        257,                     6.426606651662915 , -7             ,   97.34848484848484 ,                1
Degree       ,               2.0,   1784, CGG      ,                 668,                  653,                 15,      1783,                       899,                     1.0,          2,            40,            3999,                        854,                    21.355338834708675 , -45            ,   94.9944382647386  ,               14
Degree       ,               5.0,   4462, CSG-f1   ,                 287,                  286,                  1,      4462,                       480,                     1.0,          2,            40,            3999,                        476,                    11.902975743935984 , -4             ,   99.16666666666667 ,                6
Degree       ,               5.0,   4462, CSG-f2   ,                 408,                  399,                  9,      4426,                       412,                     1.0,          2,            40,            3999,                        403,                    10.077519379844961 , -9             ,   97.81553398058253 ,                2
Degree       ,               5.0,   4462, CGG      ,                1100,                 1077,                 23,      4456,                      1411,                     1.0,          2,            40,            3999,                       1361,                    34.03350837709427  , -50            ,   96.45641389085755 ,               14
Degree       ,              10.0,   8924, CSG-f1   ,                 448,                  445,                  3,      8910,                       650,                     1.0,          2,            40,            3999,                        644,                    16.104026006501627 , -6             ,   99.07692307692308 ,                6
Degree       ,              10.0,   8924, CSG-f2   ,                 613,                  601,                 12,      8915,                       617,                     1.0,          2,            40,            3999,                        605,                    15.128782195548887 , -12            ,   98.05510534846029 ,                2
Degree       ,              10.0,   8924, CGG      ,                1539,                 1512,                 27,      8919,                      2405,                     1.0,          2,            40,            3999,                       2326,                    58.16454113528382  , -79            ,   96.71517671517672 ,               30
Degree       ,              20.0,  17848, CSG-f1   ,                 849,                  844,                  5,     17836,                      1853,                     1.0,          2,            40,            3999,                       1838,                    45.96149037259315  , -15            ,   99.19050188882893 ,                7
Degree       ,              20.0,  17848, CSG-f2   ,                1075,                 1056,                 19,     17802,                      1081,                     1.0,          2,            40,            3999,                       1062,                    26.556639159789945 , -19            ,   98.24236817761333 ,                2
Degree       ,              20.0,  17848, CGG      ,                1982,                 1953,                 29,     17817,                      3467,                     1.0,          2,            40,            3999,                       3290,                    82.27056764191047  , -177           ,   94.89472166137871 ,               37
Random       ,               1.0,    220, CSG-f1   ,                 146,                  144,                  2,       220,                       293,                     1.0,          3,            40,            3999,                        291,                     7.276819204801201 , -2             ,   99.31740614334471 ,                2
Random       ,               1.0,    220, CSG-f2   ,                 140,                  138,                  2,       219,                       224,                     1.0,          3,            40,            3999,                        222,                     5.55138784696174  , -2             ,   99.10714285714286 ,                2
Random       ,               1.0,    220, CGG      ,                 120,                  117,                  3,       220,                       588,                     1.0,          3,            40,            3999,                        581,                    14.528632158039509 , -7             ,   98.80952380952381 ,               11
Random       ,               2.0,    440, CSG-f1   ,                 252,                  248,                  4,       440,                       409,                     1.0,          3,            40,            3999,                        408,                    10.202550637659416 , -1             ,   99.75550122249389 ,                3
Random       ,               2.0,    440, CSG-f2   ,                 244,                  240,                  4,       438,                       366,                     1.0,          3,            40,            3999,                        363,                     9.077269317329332 , -3             ,   99.18032786885246 ,                2
Random       ,               2.0,    440, CGG      ,                 285,                  281,                  4,       440,                       882,                     1.0,          3,            40,            3999,                        851,                    21.280320080020005 , -31            ,   96.48526077097506 ,                9
Random       ,               5.0,   1100, CSG-f1   ,                 487,                  482,                  5,      1099,                      1354,                     1.0,          3,            40,            3999,                       1343,                    33.58339584896224  , -11            ,   99.18759231905466 ,               14
Random       ,               5.0,   1100, CSG-f2   ,                 533,                  527,                  6,      1099,                      1553,                     1.0,          3,            40,            3999,                       1536,                    38.40960240060015  , -17            ,   98.90534449452673 ,               27
Random       ,               5.0,   1100, CGG      ,                 619,                  610,                  9,      1099,                      2519,                     1.0,          3,            40,            3999,                       1670,                    41.76044011002751  , -849           ,   66.29614926558159 ,               20
Random       ,              10.0,   2201, CSG-f1   ,                 869,                  859,                 10,      2196,                      2883,                     1.0,          3,            40,            3999,                       3015,                    75.39384846211553  , 132            ,  104.57856399583767 ,               19
Random       ,              10.0,   2201, CSG-f2   ,                 979,                  969,                 10,      2201,                      3095,                     1.0,          3,            40,            3999,                       3062,                    76.56914228557139  , -33            ,   98.93376413570275 ,               18
Random       ,              10.0,   2201, CGG      ,                 926,                  917,                  9,      2011,                      4039,                     1.0,          3,            40,            3999,                       3399,                    84.99624906226556  , -640           ,   84.15449368655608 ,               43
Random       ,              20.0,   4402, CSG-f1   ,                1495,                 1481,                 14,      4399,                      4012,                     1.0,          3,            40,            3999,                       3972,                    99.32483120780195  , -40            ,   99.00299102691925 ,                6
Random       ,              20.0,   4402, CSG-f2   ,                1620,                 1605,                 15,      4399,                      3963,                     1.0,          3,            40,            3999,                       3916,                    97.92448112028008  , -47            ,   98.81402977542267 ,                5
Random       ,              20.0,   4402, CGG      ,                 926,                  917,                  9,      2011,                      4039,                     1.0,          3,            40,            3999,                       3399,                    84.99624906226556  , -640           ,   84.15449368655608 ,               43
Degree       ,               1.0,    892, CSG-f1   ,                 117,                  116,                  1,       888,                       158,                     1.0,          3,            40,            3999,                        159,                     3.975993998499625 , 1              ,  100.63291139240506 ,                6
Degree       ,               1.0,    892, CSG-f2   ,                 209,                  207,                  2,       888,                       211,                     1.0,          3,            40,            3999,                        209,                     5.226306576644161 , -2             ,   99.0521327014218  ,                1
Degree       ,               1.0,    892, CGG      ,                 442,                  441,                  1,       891,                       555,                     1.0,          3,            40,            3999,                        553,                    13.828457114278569 , -2             ,   99.63963963963964 ,               14
Degree       ,               2.0,   1784, CSG-f1   ,                 177,                  176,                  1,      1766,                       368,                     1.0,          3,            40,            3999,                        365,                     9.127281820455114 , -3             ,   99.18478260869566 ,                6
Degree       ,               2.0,   1784, CSG-f2   ,                 261,                  259,                  2,      1781,                       264,                     1.0,          3,            40,            3999,                        262,                     6.5516379094773685, -2             ,   99.24242424242425 ,                1
Degree       ,               2.0,   1784, CGG      ,                 668,                  667,                  1,      1783,                       899,                     1.0,          3,            40,            3999,                        894,                    22.355588897224308 , -5             ,   99.44382647385984 ,               14
Degree       ,               5.0,   4462, CSG-f1   ,                 287,                  283,                  4,      4462,                       480,                     1.0,          3,            40,            3999,                        474,                    11.852963240810203 , -6             ,   98.75             ,                6
Degree       ,               5.0,   4462, CSG-f2   ,                 408,                  405,                  3,      4426,                       412,                     1.0,          3,            40,            3999,                        409,                    10.227556889222306 , -3             ,   99.27184466019418 ,                2
Degree       ,               5.0,   4462, CGG      ,                1100,                 1095,                  5,      4456,                      1411,                     1.0,          3,            40,            3999,                       1402,                    35.0587646911728   , -9             ,   99.36215450035436 ,               14
Degree       ,              10.0,   8924, CSG-f1   ,                 448,                  444,                  4,      8910,                       650,                     1.0,          3,            40,            3999,                        645,                    16.129032258064516 , -5             ,   99.23076923076923 ,                6
Degree       ,              10.0,   8924, CSG-f2   ,                 613,                  607,                  6,      8915,                       617,                     1.0,          3,            40,            3999,                        611,                    15.27881970492623  , -6             ,   99.02755267423015 ,                2
Degree       ,              10.0,   8924, CGG      ,                1539,                 1529,                 10,      8919,                      2405,                     1.0,          3,            40,            3999,                       2248,                    56.214053513378346 , -157           ,   93.47193347193348 ,               19
Degree       ,              20.0,  17848, CSG-f1   ,                 849,                  840,                  9,     17836,                      1853,                     1.0,          3,            40,            3999,                       1837,                    45.936484121030254 , -16            ,   99.13653534808418 ,                7
Degree       ,              20.0,  17848, CSG-f2   ,                1075,                 1068,                  7,     17802,                      1081,                     1.0,          3,            40,            3999,                       1074,                    26.85671417854464  , -7             ,   99.35245143385754 ,                2
Degree       ,              20.0,  17848, CGG      ,                1982,                 1968,                 14,     17817,                      3467,                     1.0,          3,            40,            3999,                       3276,                    81.92048012003     , -191           ,   94.49091433516008 ,               22
Random       ,               1.0,    220, CSG-f1   ,                 146,                  145,                  1,       220,                       293,                     1.0,          4,            40,            3999,                        293,                     7.326831707926981 , 0              ,  100.0              ,                2
Random       ,               1.0,    220, CSG-f2   ,                 140,                  139,                  1,       219,                       224,                     1.0,          4,            40,            3999,                        224,                     5.601400350087522 , 0              ,  100.0              ,                2
Random       ,               1.0,    220, CGG      ,                 120,                  118,                  2,       220,                       588,                     1.0,          4,            40,            3999,                        548,                    13.703425856464117 , -40            ,   93.19727891156462 ,               11
Random       ,               2.0,    440, CSG-f1   ,                 252,                  251,                  1,       440,                       409,                     1.0,          4,            40,            3999,                        409,                    10.227556889222306 , 0              ,  100.0              ,                3
Random       ,               2.0,    440, CSG-f2   ,                 244,                  243,                  1,       438,                       366,                     1.0,          4,            40,            3999,                        366,                     9.152288072018004 , 0              ,  100.0              ,                2
Random       ,               2.0,    440, CGG      ,                 285,                  281,                  4,       440,                       882,                     1.0,          4,            40,            3999,                        831,                    20.78019504876219  , -51            ,   94.21768707482994 ,                9
Random       ,               5.0,   1100, CSG-f1   ,                 487,                  480,                  7,      1099,                      1354,                     1.0,          4,            40,            3999,                       1357,                    33.93348337084271  , 3              ,  100.22156573116692 ,               19
Random       ,               5.0,   1100, CSG-f2   ,                 533,                  526,                  7,      1099,                      1553,                     1.0,          4,            40,            3999,                       1539,                    38.48462115528882  , -14            ,   99.0985189954926  ,               27
Random       ,               5.0,   1100, CGG      ,                 619,                  612,                  7,      1099,                      2519,                     1.0,          4,            40,            3999,                       1890,                    47.26181545386346  , -629           ,   75.02977371973006 ,               35
Random       ,              10.0,   2201, CSG-f1   ,                 869,                  857,                 12,      2196,                      2883,                     1.0,          4,            40,            3999,                       2859,                    71.49287321830458  , -24            ,   99.16753381893861 ,               14
Random       ,              10.0,   2201, CSG-f2   ,                 979,                  966,                 13,      2201,                      3095,                     1.0,          4,            40,            3999,                       3066,                    76.66916729182296  , -29            ,   99.06300484652665 ,               16
Random       ,              10.0,   2201, CGG      ,                 926,                  916,                 10,      2011,                      4039,                     1.0,          4,            40,            3999,                       3226,                    80.67016754188548  , -813           ,   79.87125526120326 ,               46
Random       ,              20.0,   4402, CSG-f1   ,                1495,                 1478,                 17,      4399,                      4012,                     1.0,          4,            40,            3999,                       3972,                    99.32483120780195  , -40            ,   99.00299102691925 ,                6
Random       ,              20.0,   4402, CSG-f2   ,                1620,                 1602,                 18,      4399,                      3963,                     1.0,          4,            40,            3999,                       3923,                    98.0995248812203   , -40            ,   98.99066363865758 ,                5
Random       ,              20.0,   4402, CGG      ,                 926,                  916,                 10,      2011,                      4039,                     1.0,          4,            40,            3999,                       3226,                    80.67016754188548  , -813           ,   79.87125526120326 ,               46
Degree       ,               1.0,    892, CSG-f1   ,                 117,                  115,                  2,       888,                       158,                     1.0,          4,            40,            3999,                        156,                     3.900975243810953 , -2             ,   98.73417721518987 ,                6
Degree       ,               1.0,    892, CSG-f2   ,                 209,                  206,                  3,       888,                       211,                     1.0,          4,            40,            3999,                        208,                     5.20130032508127  , -3             ,   98.5781990521327  ,                1
Degree       ,               1.0,    892, CGG      ,                 442,                  440,                  2,       891,                       555,                     1.0,          4,            40,            3999,                        545,                    13.628407101775444 , -10            ,   98.1981981981982  ,               14
Degree       ,               2.0,   1784, CSG-f1   ,                 177,                  174,                  3,      1766,                       368,                     1.0,          4,            40,            3999,                        363,                     9.077269317329332 , -5             ,   98.6413043478261  ,                6
Degree       ,               2.0,   1784, CSG-f2   ,                 261,                  257,                  4,      1781,                       264,                     1.0,          4,            40,            3999,                        260,                     6.501625406351589 , -4             ,   98.48484848484848 ,                1
Degree       ,               2.0,   1784, CGG      ,                 668,                  662,                  6,      1783,                       899,                     1.0,          4,            40,            3999,                        876,                    21.905476369092273 , -23            ,   97.44160177975529 ,               14
Degree       ,               5.0,   4462, CSG-f1   ,                 287,                  283,                  4,      4462,                       480,                     1.0,          4,            40,            3999,                        475,                    11.877969492373094 , -5             ,   98.95833333333334 ,                6
Degree       ,               5.0,   4462, CSG-f2   ,                 408,                  402,                  6,      4426,                       412,                     1.0,          4,            40,            3999,                        404,                    10.102525631407852 , -8             ,   98.05825242718447 ,                1
Degree       ,               5.0,   4462, CGG      ,                1100,                 1092,                  8,      4456,                      1411,                     1.0,          4,            40,            3999,                       1394,                    34.858714678669664 , -17            ,   98.79518072289156 ,               14
Degree       ,              10.0,   8924, CSG-f1   ,                 448,                  442,                  6,      8910,                       650,                     1.0,          4,            40,            3999,                        645,                    16.129032258064516 , -5             ,   99.23076923076923 ,                6
Degree       ,              10.0,   8924, CSG-f2   ,                 613,                  605,                  8,      8915,                       617,                     1.0,          4,            40,            3999,                        607,                    15.178794698674668 , -10            ,   98.37925445705025 ,                1
Degree       ,              10.0,   8924, CGG      ,                1539,                 1528,                 11,      8919,                      2405,                     1.0,          4,            40,            3999,                       2198,                    54.96374093523381  , -207           ,   91.3929313929314  ,               19
Degree       ,              20.0,  17848, CSG-f1   ,                 849,                  840,                  9,     17836,                      1853,                     1.0,          4,            40,            3999,                       1827,                    45.68642160540135  , -26            ,   98.5968699406368  ,                7
Degree       ,              20.0,  17848, CSG-f2   ,                1075,                 1062,                 13,     17802,                      1081,                     1.0,          4,            40,            3999,                       1066,                    26.65666416604151  , -15            ,   98.61239592969473 ,                1
Degree       ,              20.0,  17848, CGG      ,                1982,                 1968,                 14,     17817,                      3467,                     1.0,          4,            40,            3999,                       2882,                    72.06801700425106  , -585           ,   83.12662244014999 ,               19
Random       ,               1.0,    220, CSG-f1   ,                 146,                  142,                  4,       220,                       293,                     1.0,          5,            40,            3999,                        290,                     7.25181295323831  , -3             ,   98.97610921501706 ,                2
Random       ,               1.0,    220, CSG-f2   ,                 140,                  137,                  3,       219,                       224,                     1.0,          5,            40,            3999,                        222,                     5.55138784696174  , -2             ,   99.10714285714286 ,                2
Random       ,               1.0,    220, CGG      ,                 120,                  120,                  0,       220,                       588,                     1.0,          5,            40,            3999,                        586,                    14.653663415853963 , -2             ,   99.65986394557824 ,               13
Random       ,               2.0,    440, CSG-f1   ,                 252,                  247,                  5,       440,                       409,                     1.0,          5,            40,            3999,                        405,                    10.127531882970743 , -4             ,   99.02200488997555 ,                3
Random       ,               2.0,    440, CSG-f2   ,                 244,                  239,                  5,       438,                       366,                     1.0,          5,            40,            3999,                        362,                     9.052263065766441 , -4             ,   98.90710382513662 ,                2
Random       ,               2.0,    440, CGG      ,                 285,                  282,                  3,       440,                       882,                     1.0,          5,            40,            3999,                        861,                    21.530382595648913 , -21            ,   97.61904761904762 ,               13
Random       ,               5.0,   1100, CSG-f1   ,                 487,                  481,                  6,      1099,                      1354,                     1.0,          5,            40,            3999,                       1366,                    34.15853963490873  , 12             ,  100.88626292466765 ,               19
Random       ,               5.0,   1100, CSG-f2   ,                 533,                  526,                  7,      1099,                      1553,                     1.0,          5,            40,            3999,                       1352,                    33.80845211302826  , -201           ,   87.05730843528654 ,               24
Random       ,               5.0,   1100, CGG      ,                 619,                  612,                  7,      1099,                      2519,                     1.0,          5,            40,            3999,                       1746,                    43.6609152288072   , -773           ,   69.31321953156015 ,               26
Random       ,              10.0,   2201, CSG-f1   ,                 869,                  858,                 11,      2196,                      2883,                     1.0,          5,            40,            3999,                       2930,                    73.26831707926982  , 47             ,  101.63024627124524 ,               18
Random       ,              10.0,   2201, CSG-f2   ,                 979,                  967,                 12,      2201,                      3095,                     1.0,          5,            40,            3999,                       3063,                    76.59414853713429  , -32            ,   98.96607431340873 ,               18
Random       ,              10.0,   2201, CGG      ,                 926,                  914,                 12,      2011,                      4039,                     1.0,          5,            40,            3999,                       2580,                    64.51612903225806  , -1459          ,   63.877197326070814,               20
Random       ,              20.0,   4402, CSG-f1   ,                1495,                 1478,                 17,      4399,                      4012,                     1.0,          5,            40,            3999,                       3964,                    99.12478119529882  , -48            ,   98.8035892323031  ,                6
Random       ,              20.0,   4402, CSG-f2   ,                1620,                 1597,                 23,      4399,                      3963,                     1.0,          5,            40,            3999,                       3917,                    97.94948737184296  , -46            ,   98.83926318445621 ,                5
Random       ,              20.0,   4402, CGG      ,                 926,                  914,                 12,      2011,                      4039,                     1.0,          5,            40,            3999,                       2580,                    64.51612903225806  , -1459          ,   63.877197326070814,               20
Degree       ,               1.0,    892, CSG-f1   ,                 117,                  115,                  2,       888,                       158,                     1.0,          5,            40,            3999,                        158,                     3.9509877469367343, 0              ,  100.0              ,                6
Degree       ,               1.0,    892, CSG-f2   ,                 209,                  205,                  4,       888,                       211,                     1.0,          5,            40,            3999,                        207,                     5.176294073518379 , -4             ,   98.10426540284361 ,                1
Degree       ,               1.0,    892, CGG      ,                 442,                  440,                  2,       891,                       555,                     1.0,          5,            40,            3999,                        552,                    13.80345086271568  , -3             ,   99.45945945945947 ,               14
Degree       ,               2.0,   1784, CSG-f1   ,                 177,                  175,                  2,      1766,                       368,                     1.0,          5,            40,            3999,                        365,                     9.127281820455114 , -3             ,   99.18478260869566 ,                6
Degree       ,               2.0,   1784, CSG-f2   ,                 261,                  257,                  4,      1781,                       264,                     1.0,          5,            40,            3999,                        260,                     6.501625406351589 , -4             ,   98.48484848484848 ,                1
Degree       ,               2.0,   1784, CGG      ,                 668,                  664,                  4,      1783,                       899,                     1.0,          5,            40,            3999,                        894,                    22.355588897224308 , -5             ,   99.44382647385984 ,               14
Degree       ,               5.0,   4462, CSG-f1   ,                 287,                  284,                  3,      4462,                       480,                     1.0,          5,            40,            3999,                        476,                    11.902975743935984 , -4             ,   99.16666666666667 ,                6
Degree       ,               5.0,   4462, CSG-f2   ,                 408,                  404,                  4,      4426,                       412,                     1.0,          5,            40,            3999,                        408,                    10.202550637659416 , -4             ,   99.02912621359224 ,                2
Degree       ,               5.0,   4462, CGG      ,                1100,                 1090,                 10,      4456,                      1411,                     1.0,          5,            40,            3999,                       1399,                    34.98374593648413  , -12            ,   99.14953933380582 ,               14
Degree       ,              10.0,   8924, CSG-f1   ,                 448,                  444,                  4,      8910,                       650,                     1.0,          5,            40,            3999,                        646,                    16.15403850962741  , -4             ,   99.38461538461539 ,                6
Degree       ,              10.0,   8924, CSG-f2   ,                 613,                  609,                  4,      8915,                       617,                     1.0,          5,            40,            3999,                        613,                    15.328832208052013 , -4             ,   99.3517017828201  ,                2
Degree       ,              10.0,   8924, CGG      ,                1539,                 1527,                 12,      8919,                      2405,                     1.0,          5,            40,            3999,                       2324,                    58.114528632158034 , -81            ,   96.63201663201664 ,               26
Degree       ,              20.0,  17848, CSG-f1   ,                 849,                  842,                  7,     17836,                      1853,                     1.0,          5,            40,            3999,                       1839,                    45.98649662415604  , -14            ,   99.24446842957366 ,                8
Degree       ,              20.0,  17848, CSG-f2   ,                1075,                 1065,                 10,     17802,                      1081,                     1.0,          5,            40,            3999,                       1071,                    26.78169542385596  , -10            ,   99.07493061979649 ,                2
Degree       ,              20.0,  17848, CGG      ,                1982,                 1964,                 18,     17817,                      3467,                     1.0,          5,            40,            3999,                       3345,                    83.64591147786948  , -122           ,   96.48110758580906 ,               34
Random       ,               1.0,    220, CSG-f1   ,                 146,                  144,                  2,       220,                       293,                     1.0,          6,            40,            3999,                        292,                     7.301825456364091 , -1             ,   99.65870307167235 ,                2
Random       ,               1.0,    220, CSG-f2   ,                 140,                  139,                  1,       219,                       224,                     1.0,          6,            40,            3999,                        226,                     5.651412853213303 , 2              ,  100.89285714285714 ,                2
Random       ,               1.0,    220, CGG      ,                 120,                  119,                  1,       220,                       588,                     1.0,          6,            40,            3999,                        570,                    14.253563390847713 , -18            ,   96.93877551020408 ,               11
Random       ,               2.0,    440, CSG-f1   ,                 252,                  250,                  2,       440,                       409,                     1.0,          6,            40,            3999,                        411,                    10.277569392348088 , 2              ,  100.48899755501222 ,                3
Random       ,               2.0,    440, CSG-f2   ,                 244,                  242,                  2,       438,                       366,                     1.0,          6,            40,            3999,                        368,                     9.202300575143786 , 2              ,  100.5464480874317  ,                2
Random       ,               2.0,    440, CGG      ,                 285,                  283,                  2,       440,                       882,                     1.0,          6,            40,            3999,                        863,                    21.580395098774694 , -19            ,   97.84580498866214 ,               10
Random       ,               5.0,   1100, CSG-f1   ,                 487,                  482,                  5,      1099,                      1354,                     1.0,          6,            40,            3999,                       1358,                    33.9584896224056   , 4              ,  100.29542097488921 ,               17
Random       ,               5.0,   1100, CSG-f2   ,                 533,                  528,                  5,      1099,                      1553,                     1.0,          6,            40,            3999,                       1543,                    38.584646161540384 , -10            ,   99.35608499678042 ,               24
Random       ,               5.0,   1100, CGG      ,                 619,                  613,                  6,      1099,                      2519,                     1.0,          6,            40,            3999,                       1727,                    43.18579644911228  , -792           ,   68.5589519650655  ,               24
Random       ,              10.0,   2201, CSG-f1   ,                 869,                  862,                  7,      2196,                      2883,                     1.0,          6,            40,            3999,                       2950,                    73.76844211052763  , 67             ,  102.3239680887964  ,               21
Random       ,              10.0,   2201, CSG-f2   ,                 979,                  973,                  6,      2201,                      3095,                     1.0,          6,            40,            3999,                       3068,                    76.71917979494873  , -27            ,   99.12762520193861 ,               18
Random       ,              10.0,   2201, CGG      ,                 926,                  919,                  7,      2011,                      4039,                     1.0,          6,            40,            3999,                       2899,                    72.4931232808202   , -1140          ,   71.77519187917801 ,               39
Random       ,              20.0,   4402, CSG-f1   ,                1495,                 1482,                 13,      4399,                      4012,                     1.0,          6,            40,            3999,                       3973,                    99.34983745936485  , -39            ,   99.02791625124627 ,                6
Random       ,              20.0,   4402, CSG-f2   ,                1620,                 1604,                 16,      4399,                      3963,                     1.0,          6,            40,            3999,                       3925,                    98.14953738434609  , -38            ,   99.0411304567247  ,                5
Random       ,              20.0,   4402, CGG      ,                 926,                  919,                  7,      2011,                      4039,                     1.0,          6,            40,            3999,                       2899,                    72.4931232808202   , -1140          ,   71.77519187917801 ,               39
Degree       ,               1.0,    892, CSG-f1   ,                 117,                  116,                  1,       888,                       158,                     1.0,          6,            40,            3999,                        159,                     3.975993998499625 , 1              ,  100.63291139240506 ,                6
Degree       ,               1.0,    892, CSG-f2   ,                 209,                  208,                  1,       888,                       211,                     1.0,          6,            40,            3999,                        210,                     5.251312828207052 , -1             ,   99.52606635071089 ,                1
Degree       ,               1.0,    892, CGG      ,                 442,                  440,                  2,       891,                       555,                     1.0,          6,            40,            3999,                        552,                    13.80345086271568  , -3             ,   99.45945945945947 ,               14
Degree       ,               2.0,   1784, CSG-f1   ,                 177,                  176,                  1,      1766,                       368,                     1.0,          6,            40,            3999,                        364,                     9.102275568892223 , -4             ,   98.91304347826086 ,                6
Degree       ,               2.0,   1784, CSG-f2   ,                 261,                  260,                  1,      1781,                       264,                     1.0,          6,            40,            3999,                        263,                     6.57664416104026  , -1             ,   99.62121212121212 ,                1
Degree       ,               2.0,   1784, CGG      ,                 668,                  661,                  7,      1783,                       899,                     1.0,          6,            40,            3999,                        856,                    21.405351337834457 , -43            ,   95.21690767519466 ,               14
Degree       ,               5.0,   4462, CSG-f1   ,                 287,                  285,                  2,      4462,                       480,                     1.0,          6,            40,            3999,                        476,                    11.902975743935984 , -4             ,   99.16666666666667 ,                6
Degree       ,               5.0,   4462, CSG-f2   ,                 408,                  407,                  1,      4426,                       412,                     1.0,          6,            40,            3999,                        411,                    10.277569392348088 , -1             ,   99.75728155339806 ,                2
Degree       ,               5.0,   4462, CGG      ,                1100,                 1091,                  9,      4456,                      1411,                     1.0,          6,            40,            3999,                       1396,                    34.90872718179545  , -15            ,   98.93692416725727 ,               14
Degree       ,              10.0,   8924, CSG-f1   ,                 448,                  445,                  3,      8910,                       650,                     1.0,          6,            40,            3999,                        645,                    16.129032258064516 , -5             ,   99.23076923076923 ,                6
Degree       ,              10.0,   8924, CSG-f2   ,                 613,                  610,                  3,      8915,                       617,                     1.0,          6,            40,            3999,                        614,                    15.353838459614904 , -3             ,   99.51377633711506 ,                2
Degree       ,              10.0,   8924, CGG      ,                1539,                 1523,                 16,      8919,                      2405,                     1.0,          6,            40,            3999,                       2171,                    54.288572143035765 , -234           ,   90.27027027027027 ,               19
Degree       ,              20.0,  17848, CSG-f1   ,                 849,                  844,                  5,     17836,                      1853,                     1.0,          6,            40,            3999,                       1838,                    45.96149037259315  , -15            ,   99.19050188882893 ,                7
Degree       ,              20.0,  17848, CSG-f2   ,                1075,                 1068,                  7,     17802,                      1081,                     1.0,          6,            40,            3999,                       1074,                    26.85671417854464  , -7             ,   99.35245143385754 ,                2
Degree       ,              20.0,  17848, CGG      ,                1982,                 1961,                 21,     17817,                      3467,                     1.0,          6,            40,            3999,                       3271,                    81.79544886221557  , -196           ,   94.34669743293914 ,               37
Random       ,               1.0,    220, CSG-f1   ,                 146,                  144,                  2,       220,                       293,                     1.0,          7,            40,            3999,                        290,                     7.25181295323831  , -3             ,   98.97610921501706 ,                2
Random       ,               1.0,    220, CSG-f2   ,                 140,                  138,                  2,       219,                       224,                     1.0,          7,            40,            3999,                        223,                     5.576394098524632 , -1             ,   99.55357142857143 ,                2
Random       ,               1.0,    220, CGG      ,                 120,                  115,                  5,       220,                       588,                     1.0,          7,            40,            3999,                        537,                    13.42835708927232  , -51            ,   91.3265306122449  ,                9
Random       ,               2.0,    440, CSG-f1   ,                 252,                  250,                  2,       440,                       409,                     1.0,          7,            40,            3999,                        408,                    10.202550637659416 , -1             ,   99.75550122249389 ,                3
Random       ,               2.0,    440, CSG-f2   ,                 244,                  241,                  3,       438,                       366,                     1.0,          7,            40,            3999,                        364,                     9.102275568892223 , -2             ,   99.4535519125683  ,                2
Random       ,               2.0,    440, CGG      ,                 285,                  279,                  6,       440,                       882,                     1.0,          7,            40,            3999,                        799,                    19.979994998749685 , -83            ,   90.58956916099773 ,               10
Random       ,               5.0,   1100, CSG-f1   ,                 487,                  482,                  5,      1099,                      1354,                     1.0,          7,            40,            3999,                       1339,                    33.48337084271068  , -15            ,   98.89217134416543 ,               19
Random       ,               5.0,   1100, CSG-f2   ,                 533,                  528,                  5,      1099,                      1553,                     1.0,          7,            40,            3999,                       1347,                    33.683420855213804 , -206           ,   86.73535093367676 ,               30
Random       ,               5.0,   1100, CGG      ,                 619,                  613,                  6,      1099,                      2519,                     1.0,          7,            40,            3999,                       1961,                    49.03725931482871  , -558           ,   77.8483525208416  ,               47
Random       ,              10.0,   2201, CSG-f1   ,                 869,                  863,                  6,      2196,                      2883,                     1.0,          7,            40,            3999,                       2921,                    73.04326081520381  , 38             ,  101.31807145334722 ,               20
Random       ,              10.0,   2201, CSG-f2   ,                 979,                  972,                  7,      2201,                      3095,                     1.0,          7,            40,            3999,                       2975,                    74.39359839959991  , -120           ,   96.12277867528272 ,               13
Random       ,              10.0,   2201, CGG      ,                 926,                  918,                  8,      2011,                      4039,                     1.0,          7,            40,            3999,                       2673,                    66.8417104276069   , -1366          ,   66.17974746224313 ,               36
Random       ,              20.0,   4402, CSG-f1   ,                1495,                 1481,                 14,      4399,                      4012,                     1.0,          7,            40,            3999,                       3964,                    99.12478119529882  , -48            ,   98.8035892323031  ,                7
Random       ,              20.0,   4402, CSG-f2   ,                1620,                 1606,                 14,      4399,                      3963,                     1.0,          7,            40,            3999,                       3915,                    97.89947486871718  , -48            ,   98.7887963663891  ,                5
Random       ,              20.0,   4402, CGG      ,                 926,                  918,                  8,      2011,                      4039,                     1.0,          7,            40,            3999,                       2673,                    66.8417104276069   , -1366          ,   66.17974746224313 ,               36
Degree       ,               1.0,    892, CSG-f1   ,                 117,                  115,                  2,       888,                       158,                     1.0,          7,            40,            3999,                        165,                     4.126031507876969 , 7              ,  104.43037974683544 ,                6
Degree       ,               1.0,    892, CSG-f2   ,                 209,                  206,                  3,       888,                       211,                     1.0,          7,            40,            3999,                        211,                     5.276319079769943 , 0              ,  100.0              ,                3
Degree       ,               1.0,    892, CGG      ,                 442,                  436,                  6,       891,                       555,                     1.0,          7,            40,            3999,                        548,                    13.703425856464117 , -7             ,   98.73873873873875 ,               15
Degree       ,               2.0,   1784, CSG-f1   ,                 177,                  173,                  4,      1766,                       368,                     1.0,          7,            40,            3999,                        368,                     9.202300575143786 , 0              ,  100.0              ,                5
Degree       ,               2.0,   1784, CSG-f2   ,                 261,                  257,                  4,      1781,                       264,                     1.0,          7,            40,            3999,                        263,                     6.57664416104026  , -1             ,   99.62121212121212 ,                3
Degree       ,               2.0,   1784, CGG      ,                 668,                  661,                  7,      1783,                       899,                     1.0,          7,            40,            3999,                        890,                    22.255563890972745 , -9             ,   98.99888765294772 ,               15
Degree       ,               5.0,   4462, CSG-f1   ,                 287,                  282,                  5,      4462,                       480,                     1.0,          7,            40,            3999,                        479,                    11.977994498624655 , -1             ,   99.79166666666667 ,                5
Degree       ,               5.0,   4462, CSG-f2   ,                 408,                  404,                  4,      4426,                       412,                     1.0,          7,            40,            3999,                        411,                    10.277569392348088 , -1             ,   99.75728155339806 ,                3
Degree       ,               5.0,   4462, CGG      ,                1100,                 1091,                  9,      4456,                      1411,                     1.0,          7,            40,            3999,                       1397,                    34.93373343335834  , -14            ,   99.0077958894401  ,               15
Degree       ,              10.0,   8924, CSG-f1   ,                 448,                  443,                  5,      8910,                       650,                     1.0,          7,            40,            3999,                        649,                    16.22905726431608  , -1             ,   99.84615384615385 ,                5
Degree       ,              10.0,   8924, CSG-f2   ,                 613,                  609,                  4,      8915,                       617,                     1.0,          7,            40,            3999,                        616,                    15.403850962740684 , -1             ,   99.83792544570503 ,                3
Degree       ,              10.0,   8924, CGG      ,                1539,                 1527,                 12,      8919,                      2405,                     1.0,          7,            40,            3999,                       2359,                    58.98974743685922  , -46            ,   98.08731808731808 ,               28
Degree       ,              20.0,  17848, CSG-f1   ,                 849,                  842,                  7,     17836,                      1853,                     1.0,          7,            40,            3999,                       1840,                    46.01150287571893  , -13            ,   99.29843497031841 ,                7
Degree       ,              20.0,  17848, CSG-f2   ,                1075,                 1068,                  7,     17802,                      1081,                     1.0,          7,            40,            3999,                       1079,                    26.981745436359088 , -2             ,   99.81498612395929 ,                3
Degree       ,              20.0,  17848, CGG      ,                1982,                 1965,                 17,     17817,                      3467,                     1.0,          7,            40,            3999,                       3340,                    83.52088022005502  , -127           ,   96.33689068358812 ,               36
Random       ,               1.0,    220, CSG-f1   ,                 146,                  143,                  3,       220,                       293,                     1.0,          8,            40,            3999,                        283,                     7.076769192298074 , -10            ,   96.58703071672356 ,                2
Random       ,               1.0,    220, CSG-f2   ,                 140,                  138,                  2,       219,                       224,                     1.0,          8,            40,            3999,                        227,                     5.676419104776194 , 3              ,  101.33928571428572 ,                2
Random       ,               1.0,    220, CGG      ,                 120,                  117,                  3,       220,                       588,                     1.0,          8,            40,            3999,                        533,                    13.328332083020754 , -55            ,   90.64625850340136 ,               11
Random       ,               2.0,    440, CSG-f1   ,                 252,                  246,                  6,       440,                       409,                     1.0,          8,            40,            3999,                        394,                     9.852463115778946 , -15            ,   96.33251833740832 ,                2
Random       ,               2.0,    440, CSG-f2   ,                 244,                  240,                  4,       438,                       366,                     1.0,          8,            40,            3999,                        356,                     8.902225556389096 , -10            ,   97.26775956284153 ,                2
Random       ,               2.0,    440, CGG      ,                 285,                  280,                  5,       440,                       882,                     1.0,          8,            40,            3999,                        804,                    20.10502625656414  , -78            ,   91.15646258503402 ,               10
Random       ,               5.0,   1100, CSG-f1   ,                 487,                  479,                  8,      1099,                      1354,                     1.0,          8,            40,            3999,                       1304,                    32.6081520380095   , -50            ,   96.30723781388478 ,               16
Random       ,               5.0,   1100, CSG-f2   ,                 533,                  524,                  9,      1099,                      1553,                     1.0,          8,            40,            3999,                       1334,                    33.35833958489622  , -219           ,   85.89826142949131 ,               33
Random       ,               5.0,   1100, CGG      ,                 619,                  608,                 11,      1099,                      2519,                     1.0,          8,            40,            3999,                       2148,                    53.71342835708928  , -371           ,   85.27193330686781 ,               67
Random       ,              10.0,   2201, CSG-f1   ,                 869,                  860,                  9,      2196,                      2883,                     1.0,          8,            40,            3999,                       2842,                    71.06776694173543  , -41            ,   98.57787027402011 ,               14
Random       ,              10.0,   2201, CSG-f2   ,                 979,                  969,                 10,      2201,                      3095,                     1.0,          8,            40,            3999,                       3055,                    76.39409852463116  , -40            ,   98.70759289176091 ,               18
Random       ,              10.0,   2201, CGG      ,                 926,                  915,                 11,      2011,                      4039,                     1.0,          8,            40,            3999,                       3262,                    81.57039259814954  , -777           ,   80.76256499133449 ,               45
Random       ,              20.0,   4402, CSG-f1   ,                1495,                 1479,                 16,      4399,                      4012,                     1.0,          8,            40,            3999,                       3972,                    99.32483120780195  , -40            ,   99.00299102691925 ,                6
Random       ,              20.0,   4402, CSG-f2   ,                1620,                 1603,                 17,      4399,                      3963,                     1.0,          8,            40,            3999,                       3923,                    98.0995248812203   , -40            ,   98.99066363865758 ,                5
Random       ,              20.0,   4402, CGG      ,                 926,                  915,                 11,      2011,                      4039,                     1.0,          8,            40,            3999,                       3262,                    81.57039259814954  , -777           ,   80.76256499133449 ,               45
Degree       ,               1.0,    892, CSG-f1   ,                 117,                  116,                  1,       888,                       158,                     1.0,          8,            40,            3999,                        159,                     3.975993998499625 , 1              ,  100.63291139240506 ,                6
Degree       ,               1.0,    892, CSG-f2   ,                 209,                  206,                  3,       888,                       211,                     1.0,          8,            40,            3999,                        211,                     5.276319079769943 , 0              ,  100.0              ,                1
Degree       ,               1.0,    892, CGG      ,                 442,                  431,                 11,       891,                       555,                     1.0,          8,            40,            3999,                        539,                    13.4783695923981   , -16            ,   97.11711711711712 ,               14
Degree       ,               2.0,   1784, CSG-f1   ,                 177,                  176,                  1,      1766,                       368,                     1.0,          8,            40,            3999,                        369,                     9.227306826706677 , 1              ,  100.2717391304348  ,                6
Degree       ,               2.0,   1784, CSG-f2   ,                 261,                  257,                  4,      1781,                       264,                     1.0,          8,            40,            3999,                        262,                     6.5516379094773685, -2             ,   99.24242424242425 ,                1
Degree       ,               2.0,   1784, CGG      ,                 668,                  656,                 12,      1783,                       899,                     1.0,          8,            40,            3999,                        884,                    22.1055263815954   , -15            ,   98.33147942157953 ,               14
Degree       ,               5.0,   4462, CSG-f1   ,                 287,                  285,                  2,      4462,                       480,                     1.0,          8,            40,            3999,                        481,                    12.028007001750437 , 1              ,  100.20833333333334 ,                6
Degree       ,               5.0,   4462, CSG-f2   ,                 408,                  404,                  4,      4426,                       412,                     1.0,          8,            40,            3999,                        410,                    10.252563140785197 , -2             ,   99.51456310679612 ,                2
Degree       ,               5.0,   4462, CGG      ,                1100,                 1086,                 14,      4456,                      1411,                     1.0,          8,            40,            3999,                       1393,                    34.83370842710677  , -18            ,   98.72430900070871 ,               14
Degree       ,              10.0,   8924, CSG-f1   ,                 448,                  444,                  4,      8910,                       650,                     1.0,          8,            40,            3999,                        650,                    16.25406351587897  , 0              ,  100.0              ,                6
Degree       ,              10.0,   8924, CSG-f2   ,                 613,                  608,                  5,      8915,                       617,                     1.0,          8,            40,            3999,                        614,                    15.353838459614904 , -3             ,   99.51377633711506 ,                2
Degree       ,              10.0,   8924, CGG      ,                1539,                 1523,                 16,      8919,                      2405,                     1.0,          8,            40,            3999,                       2302,                    57.56439109777445  , -103           ,   95.71725571725572 ,               27
Degree       ,              20.0,  17848, CSG-f1   ,                 849,                  839,                 10,     17836,                      1853,                     1.0,          8,            40,            3999,                       1834,                    45.861465366341584 , -19            ,   98.97463572584996 ,                9
Degree       ,              20.0,  17848, CSG-f2   ,                1075,                 1065,                 10,     17802,                      1081,                     1.0,          8,            40,            3999,                       1073,                    26.831707926981746 , -8             ,   99.25994449583719 ,                2
Degree       ,              20.0,  17848, CGG      ,                1982,                 1963,                 19,     17817,                      3467,                     1.0,          8,            40,            3999,                       3273,                    81.84546136534134  , -194           ,   94.40438419382751 ,               22
Random       ,               1.0,    220, CSG-f1   ,                 146,                  145,                  1,       220,                       293,                     1.0,          9,            40,            3999,                        295,                     7.376844211052763 , 2              ,  100.6825938566553  ,                4
Random       ,               1.0,    220, CSG-f2   ,                 140,                  140,                  0,       219,                       224,                     1.0,          9,            40,            3999,                        223,                     5.576394098524632 , -1             ,   99.55357142857143 ,                2
Random       ,               1.0,    220, CGG      ,                 120,                  116,                  4,       220,                       588,                     1.0,          9,            40,            3999,                        581,                    14.528632158039509 , -7             ,   98.80952380952381 ,               13
Random       ,               2.0,    440, CSG-f1   ,                 252,                  251,                  1,       440,                       409,                     1.0,          9,            40,            3999,                        411,                    10.277569392348088 , 2              ,  100.48899755501222 ,                4
Random       ,               2.0,    440, CSG-f2   ,                 244,                  243,                  1,       438,                       366,                     1.0,          9,            40,            3999,                        366,                     9.152288072018004 , 0              ,  100.0              ,                4
Random       ,               2.0,    440, CGG      ,                 285,                  279,                  6,       440,                       882,                     1.0,          9,            40,            3999,                        866,                    21.655413853463365 , -16            ,   98.1859410430839  ,               13
Random       ,               5.0,   1100, CSG-f1   ,                 487,                  483,                  4,      1099,                      1354,                     1.0,          9,            40,            3999,                       1322,                    33.05826456614154  , -32            ,   97.63663220088627 ,               14
Random       ,               5.0,   1100, CSG-f2   ,                 533,                  529,                  4,      1099,                      1553,                     1.0,          9,            40,            3999,                       1540,                    38.50962740685171  , -13            ,   99.16291049581454 ,               26
Random       ,               5.0,   1100, CGG      ,                 619,                  612,                  7,      1099,                      2519,                     1.0,          9,            40,            3999,                       2014,                    50.36259064766192  , -505           ,   79.95236204843191 ,               56
Random       ,              10.0,   2201, CSG-f1   ,                 869,                  865,                  4,      2196,                      2883,                     1.0,          9,            40,            3999,                       2925,                    73.14328582145536  , 42             ,  101.45681581685744 ,               18
Random       ,              10.0,   2201, CSG-f2   ,                 979,                  973,                  6,      2201,                      3095,                     1.0,          9,            40,            3999,                       3061,                    76.5441360340085   , -34            ,   98.90145395799676 ,               18
Random       ,              10.0,   2201, CGG      ,                 926,                  916,                 10,      2011,                      4039,                     1.0,          9,            40,            3999,                       3443,                    86.09652413103277  , -596           ,   85.24387224560535 ,               43
Random       ,              20.0,   4402, CSG-f1   ,                1495,                 1481,                 14,      4399,                      4012,                     1.0,          9,            40,            3999,                       3972,                    99.32483120780195  , -40            ,   99.00299102691925 ,                6
Random       ,              20.0,   4402, CSG-f2   ,                1620,                 1606,                 14,      4399,                      3963,                     1.0,          9,            40,            3999,                       3923,                    98.0995248812203   , -40            ,   98.99066363865758 ,                5
Random       ,              20.0,   4402, CGG      ,                 926,                  916,                 10,      2011,                      4039,                     1.0,          9,            40,            3999,                       3443,                    86.09652413103277  , -596           ,   85.24387224560535 ,               43
Degree       ,               1.0,    892, CSG-f1   ,                 117,                  116,                  1,       888,                       158,                     1.0,          9,            40,            3999,                        156,                     3.900975243810953 , -2             ,   98.73417721518987 ,                6
Degree       ,               1.0,    892, CSG-f2   ,                 209,                  207,                  2,       888,                       211,                     1.0,          9,            40,            3999,                        209,                     5.226306576644161 , -2             ,   99.0521327014218  ,                1
Degree       ,               1.0,    892, CGG      ,                 442,                  437,                  5,       891,                       555,                     1.0,          9,            40,            3999,                        550,                    13.753438359589898 , -5             ,   99.09909909909909 ,               14
Degree       ,               2.0,   1784, CSG-f1   ,                 177,                  175,                  2,      1766,                       368,                     1.0,          9,            40,            3999,                        364,                     9.102275568892223 , -4             ,   98.91304347826086 ,                6
Degree       ,               2.0,   1784, CSG-f2   ,                 261,                  259,                  2,      1781,                       264,                     1.0,          9,            40,            3999,                        262,                     6.5516379094773685, -2             ,   99.24242424242425 ,                1
Degree       ,               2.0,   1784, CGG      ,                 668,                  661,                  7,      1783,                       899,                     1.0,          9,            40,            3999,                        874,                    21.85546386596649  , -25            ,   97.21913236929922 ,               14
Degree       ,               5.0,   4462, CSG-f1   ,                 287,                  283,                  4,      4462,                       480,                     1.0,          9,            40,            3999,                        474,                    11.852963240810203 , -6             ,   98.75             ,                6
Degree       ,               5.0,   4462, CSG-f2   ,                 408,                  404,                  4,      4426,                       412,                     1.0,          9,            40,            3999,                        408,                    10.202550637659416 , -4             ,   99.02912621359224 ,                2
Degree       ,               5.0,   4462, CGG      ,                1100,                 1087,                 13,      4456,                      1411,                     1.0,          9,            40,            3999,                       1396,                    34.90872718179545  , -15            ,   98.93692416725727 ,               14
Degree       ,              10.0,   8924, CSG-f1   ,                 448,                  441,                  7,      8910,                       650,                     1.0,          9,            40,            3999,                        641,                    16.029007251812956 , -9             ,   98.61538461538461 ,                6
Degree       ,              10.0,   8924, CSG-f2   ,                 613,                  605,                  8,      8915,                       617,                     1.0,          9,            40,            3999,                        609,                    15.228807201800452 , -8             ,   98.70340356564019 ,                2
Degree       ,              10.0,   8924, CGG      ,                1539,                 1518,                 21,      8919,                      2405,                     1.0,          9,            40,            3999,                       2185,                    54.63865966491623  , -220           ,   90.85239085239085 ,               16
Degree       ,              20.0,  17848, CSG-f1   ,                 849,                  837,                 12,     17836,                      1853,                     1.0,          9,            40,            3999,                       1835,                    45.886471617904476 , -18            ,   99.02860226659472 ,                7
Degree       ,              20.0,  17848, CSG-f2   ,                1075,                 1059,                 16,     17802,                      1081,                     1.0,          9,            40,            3999,                       1065,                    26.63165791447862  , -16            ,   98.51988899167438 ,                2
Degree       ,              20.0,  17848, CGG      ,                1982,                 1956,                 26,     17817,                      3467,                     1.0,          9,            40,            3999,                       3347,                    83.69592398099525  , -120           ,   96.53879434669743 ,               42
Random       ,               1.0,    220, CSG-f1   ,                 146,                  146,                  0,       220,                       293,                     1.0,         10,            40,            3999,                        296,                     7.401850462615654 , 3              ,  101.02389078498292 ,                2
Random       ,               1.0,    220, CSG-f2   ,                 140,                  140,                  0,       219,                       224,                     1.0,         10,            40,            3999,                        226,                     5.651412853213303 , 2              ,  100.89285714285714 ,                2
Random       ,               1.0,    220, CGG      ,                 120,                  120,                  0,       220,                       588,                     1.0,         10,            40,            3999,                        563,                    14.078519629907477 , -25            ,   95.74829931972789 ,               13
Random       ,               2.0,    440, CSG-f1   ,                 252,                  252,                  0,       440,                       409,                     1.0,         10,            40,            3999,                        415,                    10.37759439859965  , 6              ,  101.46699266503667 ,                3
Random       ,               2.0,    440, CSG-f2   ,                 244,                  244,                  0,       438,                       366,                     1.0,         10,            40,            3999,                        369,                     9.227306826706677 , 3              ,  100.81967213114753 ,                2
Random       ,               2.0,    440, CGG      ,                 285,                  285,                  0,       440,                       882,                     1.0,         10,            40,            3999,                        862,                    21.555388847211805 , -20            ,   97.73242630385488 ,               13
Random       ,               5.0,   1100, CSG-f1   ,                 487,                  486,                  1,      1099,                      1354,                     1.0,         10,            40,            3999,                       1490,                    37.259314828707176 , 136            ,  110.04431314623338 ,               30
Random       ,               5.0,   1100, CSG-f2   ,                 533,                  530,                  3,      1099,                      1553,                     1.0,         10,            40,            3999,                       1357,                    33.93348337084271  , -196           ,   87.37926593689633 ,               27
Random       ,               5.0,   1100, CGG      ,                 619,                  618,                  1,      1099,                      2519,                     1.0,         10,            40,            3999,                       2434,                    60.86521630407602  , -85            ,   96.62564509726081 ,               61
Random       ,              10.0,   2201, CSG-f1   ,                 869,                  864,                  5,      2196,                      2883,                     1.0,         10,            40,            3999,                       2866,                    71.66791697924482  , -17            ,   99.41033645508152 ,               14
Random       ,              10.0,   2201, CSG-f2   ,                 979,                  973,                  6,      2201,                      3095,                     1.0,         10,            40,            3999,                       3083,                    77.0942735683921   , -12            ,   99.61227786752828 ,               18
Random       ,              10.0,   2201, CGG      ,                 926,                  924,                  2,      2011,                      4039,                     1.0,         10,            40,            3999,                       3984,                    99.62490622655665  , -55            ,   98.63827680118843 ,               49
Random       ,              20.0,   4402, CSG-f1   ,                1495,                 1485,                 10,      4399,                      4012,                     1.0,         10,            40,            3999,                       3972,                    99.32483120780195  , -40            ,   99.00299102691925 ,                6
Random       ,              20.0,   4402, CSG-f2   ,                1620,                 1612,                  8,      4399,                      3963,                     1.0,         10,            40,            3999,                       3923,                    98.0995248812203   , -40            ,   98.99066363865758 ,                5
Random       ,              20.0,   4402, CGG      ,                 926,                  924,                  2,      2011,                      4039,                     1.0,         10,            40,            3999,                       3984,                    99.62490622655665  , -55            ,   98.63827680118843 ,               49
Degree       ,               1.0,    892, CSG-f1   ,                 117,                  115,                  2,       888,                       158,                     1.0,         10,            40,            3999,                        156,                     3.900975243810953 , -2             ,   98.73417721518987 ,                5
Degree       ,               1.0,    892, CSG-f2   ,                 209,                  207,                  2,       888,                       211,                     1.0,         10,            40,            3999,                        209,                     5.226306576644161 , -2             ,   99.0521327014218  ,                1
Degree       ,               1.0,    892, CGG      ,                 442,                  440,                  2,       891,                       555,                     1.0,         10,            40,            3999,                        547,                    13.678419604901226 , -8             ,   98.55855855855856 ,               14
Degree       ,               2.0,   1784, CSG-f1   ,                 177,                  175,                  2,      1766,                       368,                     1.0,         10,            40,            3999,                        363,                     9.077269317329332 , -5             ,   98.6413043478261  ,                6
Degree       ,               2.0,   1784, CSG-f2   ,                 261,                  259,                  2,      1781,                       264,                     1.0,         10,            40,            3999,                        262,                     6.5516379094773685, -2             ,   99.24242424242425 ,                1
Degree       ,               2.0,   1784, CGG      ,                 668,                  663,                  5,      1783,                       899,                     1.0,         10,            40,            3999,                        879,                    21.980495123780948 , -20            ,   97.77530589543937 ,               14
Degree       ,               5.0,   4462, CSG-f1   ,                 287,                  285,                  2,      4462,                       480,                     1.0,         10,            40,            3999,                        475,                    11.877969492373094 , -5             ,   98.95833333333334 ,                6
Degree       ,               5.0,   4462, CSG-f2   ,                 408,                  405,                  3,      4426,                       412,                     1.0,         10,            40,            3999,                        409,                    10.227556889222306 , -3             ,   99.27184466019418 ,                2
Degree       ,               5.0,   4462, CGG      ,                1100,                 1089,                 11,      4456,                      1411,                     1.0,         10,            40,            3999,                       1391,                    34.78369592398099  , -20            ,   98.58256555634301 ,               14
Degree       ,              10.0,   8924, CSG-f1   ,                 448,                  445,                  3,      8910,                       650,                     1.0,         10,            40,            3999,                        644,                    16.104026006501627 , -6             ,   99.07692307692308 ,                6
Degree       ,              10.0,   8924, CSG-f2   ,                 613,                  610,                  3,      8915,                       617,                     1.0,         10,            40,            3999,                        614,                    15.353838459614904 , -3             ,   99.51377633711506 ,                2
Degree       ,              10.0,   8924, CGG      ,                1539,                 1522,                 17,      8919,                      2405,                     1.0,         10,            40,            3999,                       2367,                    59.18979744936234  , -38            ,   98.41995841995842 ,               30
Degree       ,              20.0,  17848, CSG-f1   ,                 849,                  842,                  7,     17836,                      1853,                     1.0,         10,            40,            3999,                       1833,                    45.83645911477869  , -20            ,   98.92066918510524 ,                9
Degree       ,              20.0,  17848, CSG-f2   ,                1075,                 1067,                  8,     17802,                      1081,                     1.0,         10,            40,            3999,                       1072,                    26.806701675418854 , -9             ,   99.16743755781684 ,                2
Degree       ,              20.0,  17848, CGG      ,                1982,                 1962,                 20,     17817,                      3467,                     1.0,         10,            40,            3999,                       3432,                    85.82145536384095  , -35            ,   98.99048168445341 ,               38
Random       ,               1.0,    220, CSG-f1   ,                 146,                  144,                  2,       220,                       293,                     1.0,         11,            40,            3999,                        289,                     7.226806701675419 , -4             ,   98.63481228668942 ,                2
Random       ,               1.0,    220, CSG-f2   ,                 140,                  138,                  2,       219,                       224,                     1.0,         11,            40,            3999,                        222,                     5.55138784696174  , -2             ,   99.10714285714286 ,                2
Random       ,               1.0,    220, CGG      ,                 120,                  117,                  3,       220,                       588,                     1.0,         11,            40,            3999,                        557,                    13.928482120530134 , -31            ,   94.72789115646259 ,               11
Random       ,               2.0,    440, CSG-f1   ,                 252,                  250,                  2,       440,                       409,                     1.0,         11,            40,            3999,                        408,                    10.202550637659416 , -1             ,   99.75550122249389 ,                3
Random       ,               2.0,    440, CSG-f2   ,                 244,                  242,                  2,       438,                       366,                     1.0,         11,            40,            3999,                        365,                     9.127281820455114 , -1             ,   99.72677595628416 ,                2
Random       ,               2.0,    440, CGG      ,                 285,                  280,                  5,       440,                       882,                     1.0,         11,            40,            3999,                        807,                    20.180045011252815 , -75            ,   91.49659863945578 ,                9
Random       ,               5.0,   1100, CSG-f1   ,                 487,                  483,                  4,      1099,                      1354,                     1.0,         11,            40,            3999,                       1369,                    34.2335583895974   , 15             ,  101.10782865583457 ,               16
Random       ,               5.0,   1100, CSG-f2   ,                 533,                  529,                  4,      1099,                      1553,                     1.0,         11,            40,            3999,                       1542,                    38.55963990997749  , -11            ,   99.29169349645846 ,               23
Random       ,               5.0,   1100, CGG      ,                 619,                  610,                  9,      1099,                      2519,                     1.0,         11,            40,            3999,                       2002,                    50.06251562890722  , -517           ,   79.47598253275109 ,               45
Random       ,              10.0,   2201, CSG-f1   ,                 869,                  864,                  5,      2196,                      2883,                     1.0,         11,            40,            3999,                       2932,                    73.3183295823956   , 49             ,  101.69961845300035 ,               18
Random       ,              10.0,   2201, CSG-f2   ,                 979,                  970,                  9,      2201,                      3095,                     1.0,         11,            40,            3999,                       3062,                    76.56914228557139  , -33            ,   98.93376413570275 ,               18
Random       ,              10.0,   2201, CGG      ,                 926,                  916,                 10,      2011,                      4039,                     1.0,         11,            40,            3999,                       3426,                    85.67141785446361  , -613           ,   84.8229759841545  ,               43
Random       ,              20.0,   4402, CSG-f1   ,                1495,                 1481,                 14,      4399,                      4012,                     1.0,         11,            40,            3999,                       3972,                    99.32483120780195  , -40            ,   99.00299102691925 ,                6
Random       ,              20.0,   4402, CSG-f2   ,                1620,                 1603,                 17,      4399,                      3963,                     1.0,         11,            40,            3999,                       3919,                    97.99949987496875  , -44            ,   98.88973000252335 ,                5
Random       ,              20.0,   4402, CGG      ,                 926,                  916,                 10,      2011,                      4039,                     1.0,         11,            40,            3999,                       3426,                    85.67141785446361  , -613           ,   84.8229759841545  ,               43
Degree       ,               1.0,    892, CSG-f1   ,                 117,                  116,                  1,       888,                       158,                     1.0,         11,            40,            3999,                        151,                     3.7759439859964994, -7             ,   95.56962025316456 ,                6
Degree       ,               1.0,    892, CSG-f2   ,                 209,                  205,                  4,       888,                       211,                     1.0,         11,            40,            3999,                        210,                     5.251312828207052 , -1             ,   99.52606635071089 ,                2
Degree       ,               1.0,    892, CGG      ,                 442,                  433,                  9,       891,                       555,                     1.0,         11,            40,            3999,                        506,                    12.653163290822706 , -49            ,   91.17117117117117 ,                2
Degree       ,               2.0,   1784, CSG-f1   ,                 177,                  176,                  1,      1766,                       368,                     1.0,         11,            40,            3999,                        363,                     9.077269317329332 , -5             ,   98.6413043478261  ,                6
Degree       ,               2.0,   1784, CSG-f2   ,                 261,                  256,                  5,      1781,                       264,                     1.0,         11,            40,            3999,                        262,                     6.5516379094773685, -2             ,   99.24242424242425 ,                2
Degree       ,               2.0,   1784, CGG      ,                 668,                  657,                 11,      1783,                       899,                     1.0,         11,            40,            3999,                        841,                    21.030257564391096 , -58            ,   93.54838709677419 ,               10
Degree       ,               5.0,   4462, CSG-f1   ,                 287,                  286,                  1,      4462,                       480,                     1.0,         11,            40,            3999,                        476,                    11.902975743935984 , -4             ,   99.16666666666667 ,                6
Degree       ,               5.0,   4462, CSG-f2   ,                 408,                  403,                  5,      4426,                       412,                     1.0,         11,            40,            3999,                        410,                    10.252563140785197 , -2             ,   99.51456310679612 ,                2
Degree       ,               5.0,   4462, CGG      ,                1100,                 1082,                 18,      4456,                      1411,                     1.0,         11,            40,            3999,                       1340,                    33.50837709427357  , -71            ,   94.96810772501772 ,                8
Degree       ,              10.0,   8924, CSG-f1   ,                 448,                  445,                  3,      8910,                       650,                     1.0,         11,            40,            3999,                        643,                    16.079019754938734 , -7             ,   98.92307692307692 ,                6
Degree       ,              10.0,   8924, CSG-f2   ,                 613,                  605,                  8,      8915,                       617,                     1.0,         11,            40,            3999,                        611,                    15.27881970492623  , -6             ,   99.02755267423015 ,                2
Degree       ,              10.0,   8924, CGG      ,                1539,                 1519,                 20,      8919,                      2405,                     1.0,         11,            40,            3999,                       2148,                    53.71342835708928  , -257           ,   89.31392931392932 ,               22
Degree       ,              20.0,  17848, CSG-f1   ,                 849,                  842,                  7,     17836,                      1853,                     1.0,         11,            40,            3999,                       1840,                    46.01150287571893  , -13            ,   99.29843497031841 ,                7
Degree       ,              20.0,  17848, CSG-f2   ,                1075,                 1066,                  9,     17802,                      1081,                     1.0,         11,            40,            3999,                       1074,                    26.85671417854464  , -7             ,   99.35245143385754 ,                2
Degree       ,              20.0,  17848, CGG      ,                1982,                 1959,                 23,     17817,                      3467,                     1.0,         11,            40,            3999,                       3067,                    76.69417354338584  , -400           ,   88.46264782232478 ,               21
Random       ,               1.0,    220, CSG-f1   ,                 146,                  145,                  1,       220,                       293,                     1.0,         12,            40,            3999,                        292,                     7.301825456364091 , -1             ,   99.65870307167235 ,                2
Random       ,               1.0,    220, CSG-f2   ,                 140,                  139,                  1,       219,                       224,                     1.0,         12,            40,            3999,                        222,                     5.55138784696174  , -2             ,   99.10714285714286 ,                2
Random       ,               1.0,    220, CGG      ,                 120,                  116,                  4,       220,                       588,                     1.0,         12,            40,            3999,                        548,                    13.703425856464117 , -40            ,   93.19727891156462 ,               13
Random       ,               2.0,    440, CSG-f1   ,                 252,                  249,                  3,       440,                       409,                     1.0,         12,            40,            3999,                        405,                    10.127531882970743 , -4             ,   99.02200488997555 ,                3
Random       ,               2.0,    440, CSG-f2   ,                 244,                  241,                  3,       438,                       366,                     1.0,         12,            40,            3999,                        363,                     9.077269317329332 , -3             ,   99.18032786885246 ,                2
Random       ,               2.0,    440, CGG      ,                 285,                  281,                  4,       440,                       882,                     1.0,         12,            40,            3999,                        840,                    21.005251312828207 , -42            ,   95.23809523809523 ,               13
Random       ,               5.0,   1100, CSG-f1   ,                 487,                  482,                  5,      1099,                      1354,                     1.0,         12,            40,            3999,                       1342,                    33.558389597399355 , -12            ,   99.11373707533235 ,               13
Random       ,               5.0,   1100, CSG-f2   ,                 533,                  528,                  5,      1099,                      1553,                     1.0,         12,            40,            3999,                       1543,                    38.584646161540384 , -10            ,   99.35608499678042 ,               27
Random       ,               5.0,   1100, CGG      ,                 619,                  612,                  7,      1099,                      2519,                     1.0,         12,            40,            3999,                       2142,                    53.56339084771192  , -377           ,   85.03374354902739 ,               47
Random       ,              10.0,   2201, CSG-f1   ,                 869,                  860,                  9,      2196,                      2883,                     1.0,         12,            40,            3999,                       2853,                    71.34283570892723  , -30            ,   98.95941727367325 ,               14
Random       ,              10.0,   2201, CSG-f2   ,                 979,                  970,                  9,      2201,                      3095,                     1.0,         12,            40,            3999,                       3088,                    77.21930482620655  , -7             ,   99.77382875605815 ,               18
Random       ,              10.0,   2201, CGG      ,                 926,                  917,                  9,      2011,                      4039,                     1.0,         12,            40,            3999,                       3830,                    95.77394348587147  , -209           ,   94.82545184451597 ,               47
Random       ,              20.0,   4402, CSG-f1   ,                1495,                 1480,                 15,      4399,                      4012,                     1.0,         12,            40,            3999,                       3968,                    99.2248062015504   , -44            ,   98.90329012961116 ,                6
Random       ,              20.0,   4402, CSG-f2   ,                1620,                 1604,                 16,      4399,                      3963,                     1.0,         12,            40,            3999,                       3914,                    97.87446861715429  , -49            ,   98.76356295735555 ,                5
Random       ,              20.0,   4402, CGG      ,                 926,                  917,                  9,      2011,                      4039,                     1.0,         12,            40,            3999,                       3830,                    95.77394348587147  , -209           ,   94.82545184451597 ,               47
Degree       ,               1.0,    892, CSG-f1   ,                 117,                  115,                  2,       888,                       158,                     1.0,         12,            40,            3999,                        156,                     3.900975243810953 , -2             ,   98.73417721518987 ,                7
Degree       ,               1.0,    892, CSG-f2   ,                 209,                  207,                  2,       888,                       211,                     1.0,         12,            40,            3999,                        209,                     5.226306576644161 , -2             ,   99.0521327014218  ,                1
Degree       ,               1.0,    892, CGG      ,                 442,                  437,                  5,       891,                       555,                     1.0,         12,            40,            3999,                        524,                    13.103275818954737 , -31            ,   94.41441441441441 ,                5
Degree       ,               2.0,   1784, CSG-f1   ,                 177,                  174,                  3,      1766,                       368,                     1.0,         12,            40,            3999,                        364,                     9.102275568892223 , -4             ,   98.91304347826086 ,                6
Degree       ,               2.0,   1784, CSG-f2   ,                 261,                  259,                  2,      1781,                       264,                     1.0,         12,            40,            3999,                        262,                     6.5516379094773685, -2             ,   99.24242424242425 ,                1
Degree       ,               2.0,   1784, CGG      ,                 668,                  662,                  6,      1783,                       899,                     1.0,         12,            40,            3999,                        841,                    21.030257564391096 , -58            ,   93.54838709677419 ,               11
Degree       ,               5.0,   4462, CSG-f1   ,                 287,                  283,                  4,      4462,                       480,                     1.0,         12,            40,            3999,                        475,                    11.877969492373094 , -5             ,   98.95833333333334 ,                6
Degree       ,               5.0,   4462, CSG-f2   ,                 408,                  405,                  3,      4426,                       412,                     1.0,         12,            40,            3999,                        409,                    10.227556889222306 , -3             ,   99.27184466019418 ,                2
Degree       ,               5.0,   4462, CGG      ,                1100,                 1090,                 10,      4456,                      1411,                     1.0,         12,            40,            3999,                       1377,                    34.433608402100525 , -34            ,   97.59036144578313 ,                8
Degree       ,              10.0,   8924, CSG-f1   ,                 448,                  442,                  6,      8910,                       650,                     1.0,         12,            40,            3999,                        643,                    16.079019754938734 , -7             ,   98.92307692307692 ,                6
Degree       ,              10.0,   8924, CSG-f2   ,                 613,                  610,                  3,      8915,                       617,                     1.0,         12,            40,            3999,                        614,                    15.353838459614904 , -3             ,   99.51377633711506 ,                2
Degree       ,              10.0,   8924, CGG      ,                1539,                 1525,                 14,      8919,                      2405,                     1.0,         12,            40,            3999,                       2279,                    56.98924731182796  , -126           ,   94.76091476091476 ,               21
Degree       ,              20.0,  17848, CSG-f1   ,                 849,                  839,                 10,     17836,                      1853,                     1.0,         12,            40,            3999,                       1834,                    45.861465366341584 , -19            ,   98.97463572584996 ,                7
Degree       ,              20.0,  17848, CSG-f2   ,                1075,                 1067,                  8,     17802,                      1081,                     1.0,         12,            40,            3999,                       1073,                    26.831707926981746 , -8             ,   99.25994449583719 ,                2
Degree       ,              20.0,  17848, CGG      ,                1982,                 1964,                 18,     17817,                      3467,                     1.0,         12,            40,            3999,                       2985,                    74.6436609152288   , -482           ,   86.09749062590136 ,               21
Random       ,               1.0,    220, CSG-f1   ,                 146,                  143,                  3,       220,                       293,                     1.0,         13,            40,            3999,                        288,                     7.201800450112527 , -5             ,   98.29351535836177 ,                2
Random       ,               1.0,    220, CSG-f2   ,                 140,                  138,                  2,       219,                       224,                     1.0,         13,            40,            3999,                        222,                     5.55138784696174  , -2             ,   99.10714285714286 ,                2
Random       ,               1.0,    220, CGG      ,                 120,                  119,                  1,       220,                       588,                     1.0,         13,            40,            3999,                        582,                    14.553638409602401 , -6             ,   98.9795918367347  ,               13
Random       ,               2.0,    440, CSG-f1   ,                 252,                  249,                  3,       440,                       409,                     1.0,         13,            40,            3999,                        405,                    10.127531882970743 , -4             ,   99.02200488997555 ,                3
Random       ,               2.0,    440, CSG-f2   ,                 244,                  240,                  4,       438,                       366,                     1.0,         13,            40,            3999,                        360,                     9.00225056264066  , -6             ,   98.36065573770492 ,                2
Random       ,               2.0,    440, CGG      ,                 285,                  282,                  3,       440,                       882,                     1.0,         13,            40,            3999,                        866,                    21.655413853463365 , -16            ,   98.1859410430839  ,               13
Random       ,               5.0,   1100, CSG-f1   ,                 487,                  482,                  5,      1099,                      1354,                     1.0,         13,            40,            3999,                       1336,                    33.408352088022006 , -18            ,   98.67060561299851 ,               15
Random       ,               5.0,   1100, CSG-f2   ,                 533,                  528,                  5,      1099,                      1553,                     1.0,         13,            40,            3999,                       1540,                    38.50962740685171  , -13            ,   99.16291049581454 ,               29
Random       ,               5.0,   1100, CGG      ,                 619,                  615,                  4,      1099,                      2519,                     1.0,         13,            40,            3999,                       1779,                    44.4861215303826   , -740           ,   70.62326319968241 ,               27
Random       ,              10.0,   2201, CSG-f1   ,                 869,                  861,                  8,      2196,                      2883,                     1.0,         13,            40,            3999,                       2863,                    71.59289822455614  , -20            ,   99.30627818244884 ,               14
Random       ,              10.0,   2201, CSG-f2   ,                 979,                  971,                  8,      2201,                      3095,                     1.0,         13,            40,            3999,                       3071,                    76.7941985496374   , -24            ,   99.22455573505654 ,               19
Random       ,              10.0,   2201, CGG      ,                 926,                  919,                  7,      2011,                      4039,                     1.0,         13,            40,            3999,                       3590,                    89.7724431107777   , -449           ,   88.88338697697449 ,               65
Random       ,              20.0,   4402, CSG-f1   ,                1495,                 1479,                 16,      4399,                      4012,                     1.0,         13,            40,            3999,                       3963,                    99.09977494373592  , -49            ,   98.77866400797608 ,                6
Random       ,              20.0,   4402, CSG-f2   ,                1620,                 1606,                 14,      4399,                      3963,                     1.0,         13,            40,            3999,                       3923,                    98.0995248812203   , -40            ,   98.99066363865758 ,                4
Random       ,              20.0,   4402, CGG      ,                 926,                  919,                  7,      2011,                      4039,                     1.0,         13,            40,            3999,                       3590,                    89.7724431107777   , -449           ,   88.88338697697449 ,               65
Degree       ,               1.0,    892, CSG-f1   ,                 117,                  117,                  0,       888,                       158,                     1.0,         13,            40,            3999,                        160,                     4.001000250062516 , 2              ,  101.26582278481013 ,                6
Degree       ,               1.0,    892, CSG-f2   ,                 209,                  206,                  3,       888,                       211,                     1.0,         13,            40,            3999,                        208,                     5.20130032508127  , -3             ,   98.5781990521327  ,                1
Degree       ,               1.0,    892, CGG      ,                 442,                  438,                  4,       891,                       555,                     1.0,         13,            40,            3999,                        551,                    13.778444611152787 , -4             ,   99.27927927927928 ,               14
Degree       ,               2.0,   1784, CSG-f1   ,                 177,                  177,                  0,      1766,                       368,                     1.0,         13,            40,            3999,                        364,                     9.102275568892223 , -4             ,   98.91304347826086 ,                6
Degree       ,               2.0,   1784, CSG-f2   ,                 261,                  258,                  3,      1781,                       264,                     1.0,         13,            40,            3999,                        261,                     6.526631657914479 , -3             ,   98.86363636363636 ,                1
Degree       ,               2.0,   1784, CGG      ,                 668,                  663,                  5,      1783,                       899,                     1.0,         13,            40,            3999,                        892,                    22.305576394098527 , -7             ,   99.22135706340379 ,               14
Degree       ,               5.0,   4462, CSG-f1   ,                 287,                  285,                  2,      4462,                       480,                     1.0,         13,            40,            3999,                        474,                    11.852963240810203 , -6             ,   98.75             ,                6
Degree       ,               5.0,   4462, CSG-f2   ,                 408,                  401,                  7,      4426,                       412,                     1.0,         13,            40,            3999,                        405,                    10.127531882970743 , -7             ,   98.30097087378641 ,                2
Degree       ,               5.0,   4462, CGG      ,                1100,                 1091,                  9,      4456,                      1411,                     1.0,         13,            40,            3999,                       1399,                    34.98374593648413  , -12            ,   99.14953933380582 ,               14
Degree       ,              10.0,   8924, CSG-f1   ,                 448,                  445,                  3,      8910,                       650,                     1.0,         13,            40,            3999,                        643,                    16.079019754938734 , -7             ,   98.92307692307692 ,                6
Degree       ,              10.0,   8924, CSG-f2   ,                 613,                  604,                  9,      8915,                       617,                     1.0,         13,            40,            3999,                        608,                    15.203800950237559 , -9             ,   98.54132901134521 ,                2
Degree       ,              10.0,   8924, CGG      ,                1539,                 1528,                 11,      8919,                      2405,                     1.0,         13,            40,            3999,                       2384,                    59.61490372593148  , -21            ,   99.12681912681913 ,               27
Degree       ,              20.0,  17848, CSG-f1   ,                 849,                  845,                  4,     17836,                      1853,                     1.0,         13,            40,            3999,                       1838,                    45.96149037259315  , -15            ,   99.19050188882893 ,                9
Degree       ,              20.0,  17848, CSG-f2   ,                1075,                 1062,                 13,     17802,                      1081,                     1.0,         13,            40,            3999,                       1068,                    26.70667666916729  , -13            ,   98.79740980573543 ,                2
Degree       ,              20.0,  17848, CGG      ,                1982,                 1962,                 20,     17817,                      3467,                     1.0,         13,            40,            3999,                       3337,                    83.44586146536635  , -130           ,   96.25036054225555 ,               34
Random       ,               1.0,    220, CSG-f1   ,                 146,                  146,                  0,       220,                       293,                     1.0,         14,            40,            3999,                        292,                     7.301825456364091 , -1             ,   99.65870307167235 ,                2
Random       ,               1.0,    220, CSG-f2   ,                 140,                  140,                  0,       219,                       224,                     1.0,         14,            40,            3999,                        224,                     5.601400350087522 , 0              ,  100.0              ,                2
Random       ,               1.0,    220, CGG      ,                 120,                  118,                  2,       220,                       588,                     1.0,         14,            40,            3999,                        578,                    14.453613403350838 , -10            ,   98.29931972789116 ,               13
Random       ,               2.0,    440, CSG-f1   ,                 252,                  251,                  1,       440,                       409,                     1.0,         14,            40,            3999,                        407,                    10.177544386096523 , -2             ,   99.51100244498777 ,                3
Random       ,               2.0,    440, CSG-f2   ,                 244,                  243,                  1,       438,                       366,                     1.0,         14,            40,            3999,                        364,                     9.102275568892223 , -2             ,   99.4535519125683  ,                2
Random       ,               2.0,    440, CGG      ,                 285,                  282,                  3,       440,                       882,                     1.0,         14,            40,            3999,                        864,                    21.605401350337583 , -18            ,   97.95918367346938 ,               13
Random       ,               5.0,   1100, CSG-f1   ,                 487,                  483,                  4,      1099,                      1354,                     1.0,         14,            40,            3999,                       1334,                    33.35833958489622  , -20            ,   98.52289512555392 ,               14
Random       ,               5.0,   1100, CSG-f2   ,                 533,                  527,                  6,      1099,                      1553,                     1.0,         14,            40,            3999,                       1515,                    37.88447111777945  , -38            ,   97.55312298776562 ,               25
Random       ,               5.0,   1100, CGG      ,                 619,                  611,                  8,      1099,                      2519,                     1.0,         14,            40,            3999,                       1705,                    42.63565891472868  , -814           ,   67.68558951965066 ,               25
Random       ,              10.0,   2201, CSG-f1   ,                 869,                  860,                  9,      2196,                      2883,                     1.0,         14,            40,            3999,                       2787,                    69.69242310577644  , -96            ,   96.67013527575442 ,                8
Random       ,              10.0,   2201, CSG-f2   ,                 979,                  963,                 16,      2201,                      3095,                     1.0,         14,            40,            3999,                       2920,                    73.01825456364091  , -175           ,   94.34571890145395 ,               18
Random       ,              10.0,   2201, CGG      ,                 926,                  913,                 13,      2011,                      4039,                     1.0,         14,            40,            3999,                       2736,                    68.41710427606901  , -1303          ,   67.73953948997277 ,               38
Random       ,              20.0,   4402, CSG-f1   ,                1495,                 1474,                 21,      4399,                      4012,                     1.0,         14,            40,            3999,                       3972,                    99.32483120780195  , -40            ,   99.00299102691925 ,                6
Random       ,              20.0,   4402, CSG-f2   ,                1620,                 1598,                 22,      4399,                      3963,                     1.0,         14,            40,            3999,                       3923,                    98.0995248812203   , -40            ,   98.99066363865758 ,                5
Random       ,              20.0,   4402, CGG      ,                 926,                  913,                 13,      2011,                      4039,                     1.0,         14,            40,            3999,                       2736,                    68.41710427606901  , -1303          ,   67.73953948997277 ,               38
Degree       ,               1.0,    892, CSG-f1   ,                 117,                  117,                  0,       888,                       158,                     1.0,         14,            40,            3999,                        158,                     3.9509877469367343, 0              ,  100.0              ,                6
Degree       ,               1.0,    892, CSG-f2   ,                 209,                  206,                  3,       888,                       211,                     1.0,         14,            40,            3999,                        208,                     5.20130032508127  , -3             ,   98.5781990521327  ,                1
Degree       ,               1.0,    892, CGG      ,                 442,                  440,                  2,       891,                       555,                     1.0,         14,            40,            3999,                        553,                    13.828457114278569 , -2             ,   99.63963963963964 ,               14
Degree       ,               2.0,   1784, CSG-f1   ,                 177,                  177,                  0,      1766,                       368,                     1.0,         14,            40,            3999,                        367,                     9.177294323580895 , -1             ,   99.72826086956522 ,                6
Degree       ,               2.0,   1784, CSG-f2   ,                 261,                  258,                  3,      1781,                       264,                     1.0,         14,            40,            3999,                        261,                     6.526631657914479 , -3             ,   98.86363636363636 ,                1
Degree       ,               2.0,   1784, CGG      ,                 668,                  665,                  3,      1783,                       899,                     1.0,         14,            40,            3999,                        896,                    22.405601400350086 , -3             ,   99.6662958843159  ,               14
Degree       ,               5.0,   4462, CSG-f1   ,                 287,                  286,                  1,      4462,                       480,                     1.0,         14,            40,            3999,                        478,                    11.952988247061766 , -2             ,   99.58333333333333 ,                6
Degree       ,               5.0,   4462, CSG-f2   ,                 408,                  404,                  4,      4426,                       412,                     1.0,         14,            40,            3999,                        408,                    10.202550637659416 , -4             ,   99.02912621359224 ,                2
Degree       ,               5.0,   4462, CGG      ,                1100,                 1096,                  4,      4456,                      1411,                     1.0,         14,            40,            3999,                       1406,                    35.15878969742436  , -5             ,   99.64564138908575 ,               14
Degree       ,              10.0,   8924, CSG-f1   ,                 448,                  447,                  1,      8910,                       650,                     1.0,         14,            40,            3999,                        651,                    16.27906976744186  , 1              ,  100.15384615384615 ,                6
Degree       ,              10.0,   8924, CSG-f2   ,                 613,                  607,                  6,      8915,                       617,                     1.0,         14,            40,            3999,                        611,                    15.27881970492623  , -6             ,   99.02755267423015 ,                2
Degree       ,              10.0,   8924, CGG      ,                1539,                 1527,                 12,      8919,                      2405,                     1.0,         14,            40,            3999,                       2325,                    58.139534883720934 , -80            ,   96.67359667359668 ,               30
Degree       ,              20.0,  17848, CSG-f1   ,                 849,                  841,                  8,     17836,                      1853,                     1.0,         14,            40,            3999,                       1833,                    45.83645911477869  , -20            ,   98.92066918510524 ,                8
Degree       ,              20.0,  17848, CSG-f2   ,                1075,                 1064,                 11,     17802,                      1081,                     1.0,         14,            40,            3999,                       1070,                    26.756689172293076 , -11            ,   98.98242368177613 ,                2
Degree       ,              20.0,  17848, CGG      ,                1982,                 1967,                 15,     17817,                      3467,                     1.0,         14,            40,            3999,                       3290,                    82.27056764191047  , -177           ,   94.89472166137871 ,               38
Random       ,               1.0,    220, CSG-f1   ,                 146,                  146,                  0,       220,                       293,                     1.0,         15,            40,            3999,                        294,                     7.351837959489872 , 1              ,  100.34129692832765 ,                2
Random       ,               1.0,    220, CSG-f2   ,                 140,                  140,                  0,       219,                       224,                     1.0,         15,            40,            3999,                        223,                     5.576394098524632 , -1             ,   99.55357142857143 ,                2
Random       ,               1.0,    220, CGG      ,                 120,                  118,                  2,       220,                       588,                     1.0,         15,            40,            3999,                        563,                    14.078519629907477 , -25            ,   95.74829931972789 ,               13
Random       ,               2.0,    440, CSG-f1   ,                 252,                  252,                  0,       440,                       409,                     1.0,         15,            40,            3999,                        410,                    10.252563140785197 , 1              ,  100.24449877750612 ,                3
Random       ,               2.0,    440, CSG-f2   ,                 244,                  244,                  0,       438,                       366,                     1.0,         15,            40,            3999,                        366,                     9.152288072018004 , 0              ,  100.0              ,                2
Random       ,               2.0,    440, CGG      ,                 285,                  283,                  2,       440,                       882,                     1.0,         15,            40,            3999,                        853,                    21.330332583145786 , -29            ,   96.71201814058958 ,               13
Random       ,               5.0,   1100, CSG-f1   ,                 487,                  480,                  7,      1099,                      1354,                     1.0,         15,            40,            3999,                       1330,                    33.25831457864466  , -24            ,   98.22747415066469 ,               14
Random       ,               5.0,   1100, CSG-f2   ,                 533,                  528,                  5,      1099,                      1553,                     1.0,         15,            40,            3999,                       1512,                    37.80945236309077  , -41            ,   97.35994848679974 ,               23
Random       ,               5.0,   1100, CGG      ,                 619,                  613,                  6,      1099,                      2519,                     1.0,         15,            40,            3999,                       2116,                    52.913228307076764 , -403           ,   84.00158793171893 ,               52
Random       ,              10.0,   2201, CSG-f1   ,                 869,                  858,                 11,      2196,                      2883,                     1.0,         15,            40,            3999,                       2849,                    71.24281070267567  , -34            ,   98.82067291016303 ,               13
Random       ,              10.0,   2201, CSG-f2   ,                 979,                  969,                 10,      2201,                      3095,                     1.0,         15,            40,            3999,                       2921,                    73.04326081520381  , -174           ,   94.37802907915993 ,               17
Random       ,              10.0,   2201, CGG      ,                 926,                  917,                  9,      2011,                      4039,                     1.0,         15,            40,            3999,                       3209,                    80.24506126531634  , -830           ,   79.45035899975241 ,               43
Random       ,              20.0,   4402, CSG-f1   ,                1495,                 1481,                 14,      4399,                      4012,                     1.0,         15,            40,            3999,                       3969,                    99.24981245311328  , -43            ,   98.92821535393819 ,                5
Random       ,              20.0,   4402, CSG-f2   ,                1620,                 1605,                 15,      4399,                      3963,                     1.0,         15,            40,            3999,                       3923,                    98.0995248812203   , -40            ,   98.99066363865758 ,                5
Random       ,              20.0,   4402, CGG      ,                 926,                  917,                  9,      2011,                      4039,                     1.0,         15,            40,            3999,                       3209,                    80.24506126531634  , -830           ,   79.45035899975241 ,               43
Degree       ,               1.0,    892, CSG-f1   ,                 117,                  113,                  4,       888,                       158,                     1.0,         15,            40,            3999,                        154,                     3.850962740685171 , -4             ,   97.46835443037975 ,                6
Degree       ,               1.0,    892, CSG-f2   ,                 209,                  209,                  0,       888,                       211,                     1.0,         15,            40,            3999,                        211,                     5.276319079769943 , 0              ,  100.0              ,                1
Degree       ,               1.0,    892, CGG      ,                 442,                  441,                  1,       891,                       555,                     1.0,         15,            40,            3999,                        553,                    13.828457114278569 , -2             ,   99.63963963963964 ,               14
Degree       ,               2.0,   1784, CSG-f1   ,                 177,                  173,                  4,      1766,                       368,                     1.0,         15,            40,            3999,                        364,                     9.102275568892223 , -4             ,   98.91304347826086 ,                6
Degree       ,               2.0,   1784, CSG-f2   ,                 261,                  260,                  1,      1781,                       264,                     1.0,         15,            40,            3999,                        263,                     6.57664416104026  , -1             ,   99.62121212121212 ,                1
Degree       ,               2.0,   1784, CGG      ,                 668,                  664,                  4,      1783,                       899,                     1.0,         15,            40,            3999,                        879,                    21.980495123780948 , -20            ,   97.77530589543937 ,               14
Degree       ,               5.0,   4462, CSG-f1   ,                 287,                  281,                  6,      4462,                       480,                     1.0,         15,            40,            3999,                        474,                    11.852963240810203 , -6             ,   98.75             ,                6
Degree       ,               5.0,   4462, CSG-f2   ,                 408,                  407,                  1,      4426,                       412,                     1.0,         15,            40,            3999,                        411,                    10.277569392348088 , -1             ,   99.75728155339806 ,                2
Degree       ,               5.0,   4462, CGG      ,                1100,                 1092,                  8,      4456,                      1411,                     1.0,         15,            40,            3999,                       1384,                    34.60865216304076  , -27            ,   98.08646350106306 ,               14
Degree       ,              10.0,   8924, CSG-f1   ,                 448,                  440,                  8,      8910,                       650,                     1.0,         15,            40,            3999,                        645,                    16.129032258064516 , -5             ,   99.23076923076923 ,                6
Degree       ,              10.0,   8924, CSG-f2   ,                 613,                  608,                  5,      8915,                       617,                     1.0,         15,            40,            3999,                        612,                    15.303825956489122 , -5             ,   99.18962722852513 ,                2
Degree       ,              10.0,   8924, CGG      ,                1539,                 1528,                 11,      8919,                      2405,                     1.0,         15,            40,            3999,                       2260,                    56.514128532133036 , -145           ,   93.97089397089398 ,               29
Degree       ,              20.0,  17848, CSG-f1   ,                 849,                  836,                 13,     17836,                      1853,                     1.0,         15,            40,            3999,                       1833,                    45.83645911477869  , -20            ,   98.92066918510524 ,                7
Degree       ,              20.0,  17848, CSG-f2   ,                1075,                 1066,                  9,     17802,                      1081,                     1.0,         15,            40,            3999,                       1072,                    26.806701675418854 , -9             ,   99.16743755781684 ,                2
Degree       ,              20.0,  17848, CGG      ,                1982,                 1968,                 14,     17817,                      3467,                     1.0,         15,            40,            3999,                       3271,                    81.79544886221557  , -196           ,   94.34669743293914 ,               34
Random       ,               1.0,    220, CSG-f1   ,                 146,                  144,                  2,       220,                       293,                     1.0,         16,            40,            3999,                        296,                     7.401850462615654 , 3              ,  101.02389078498292 ,                3
Random       ,               1.0,    220, CSG-f2   ,                 140,                  139,                  1,       219,                       224,                     1.0,         16,            40,            3999,                        230,                     5.7514378594648665, 6              ,  102.67857142857142 ,                3
Random       ,               1.0,    220, CGG      ,                 120,                  118,                  2,       220,                       588,                     1.0,         16,            40,            3999,                        551,                    13.778444611152787 , -37            ,   93.70748299319727 ,               13
Random       ,               2.0,    440, CSG-f1   ,                 252,                  248,                  4,       440,                       409,                     1.0,         16,            40,            3999,                        408,                    10.202550637659416 , -1             ,   99.75550122249389 ,                2
Random       ,               2.0,    440, CSG-f2   ,                 244,                  241,                  3,       438,                       366,                     1.0,         16,            40,            3999,                        369,                     9.227306826706677 , 3              ,  100.81967213114753 ,                3
Random       ,               2.0,    440, CGG      ,                 285,                  279,                  6,       440,                       882,                     1.0,         16,            40,            3999,                        828,                    20.705176294073517 , -54            ,   93.87755102040816 ,               13
Random       ,               5.0,   1100, CSG-f1   ,                 487,                  482,                  5,      1099,                      1354,                     1.0,         16,            40,            3999,                       1321,                    33.033258314578646 , -33            ,   97.56277695716395 ,               13
Random       ,               5.0,   1100, CSG-f2   ,                 533,                  526,                  7,      1099,                      1553,                     1.0,         16,            40,            3999,                       1541,                    38.5346336584146   , -12            ,   99.2273019961365  ,               31
Random       ,               5.0,   1100, CGG      ,                 619,                  610,                  9,      1099,                      2519,                     1.0,         16,            40,            3999,                       2176,                    54.41360340085021  , -343           ,   86.38348551012307 ,               48
Random       ,              10.0,   2201, CSG-f1   ,                 869,                  860,                  9,      2196,                      2883,                     1.0,         16,            40,            3999,                       2849,                    71.24281070267567  , -34            ,   98.82067291016303 ,               14
Random       ,              10.0,   2201, CSG-f2   ,                 979,                  968,                 11,      2201,                      3095,                     1.0,         16,            40,            3999,                       3056,                    76.41910477619405  , -39            ,   98.73990306946688 ,               18
Random       ,              10.0,   2201, CGG      ,                 926,                  916,                 10,      2011,                      4039,                     1.0,         16,            40,            3999,                       3673,                    91.84796199049762  , -366           ,   90.93835107699925 ,               46
Random       ,              20.0,   4402, CSG-f1   ,                1495,                 1483,                 12,      4399,                      4012,                     1.0,         16,            40,            3999,                       3972,                    99.32483120780195  , -40            ,   99.00299102691925 ,                5
Random       ,              20.0,   4402, CSG-f2   ,                1620,                 1607,                 13,      4399,                      3963,                     1.0,         16,            40,            3999,                       3924,                    98.1245311327832   , -39            ,   99.01589704769115 ,                5
Random       ,              20.0,   4402, CGG      ,                 926,                  916,                 10,      2011,                      4039,                     1.0,         16,            40,            3999,                       3673,                    91.84796199049762  , -366           ,   90.93835107699925 ,               46
Degree       ,               1.0,    892, CSG-f1   ,                 117,                  115,                  2,       888,                       158,                     1.0,         16,            40,            3999,                        149,                     3.7259314828707173, -9             ,   94.30379746835443 ,                4
Degree       ,               1.0,    892, CSG-f2   ,                 209,                  208,                  1,       888,                       211,                     1.0,         16,            40,            3999,                        210,                     5.251312828207052 , -1             ,   99.52606635071089 ,                1
Degree       ,               1.0,    892, CGG      ,                 442,                  440,                  2,       891,                       555,                     1.0,         16,            40,            3999,                        518,                    12.953238309577394 , -37            ,   93.33333333333333 ,                3
Degree       ,               2.0,   1784, CSG-f1   ,                 177,                  175,                  2,      1766,                       368,                     1.0,         16,            40,            3999,                        364,                     9.102275568892223 , -4             ,   98.91304347826086 ,                6
Degree       ,               2.0,   1784, CSG-f2   ,                 261,                  259,                  2,      1781,                       264,                     1.0,         16,            40,            3999,                        262,                     6.5516379094773685, -2             ,   99.24242424242425 ,                1
Degree       ,               2.0,   1784, CGG      ,                 668,                  662,                  6,      1783,                       899,                     1.0,         16,            40,            3999,                        852,                    21.305326331582897 , -47            ,   94.77196885428253 ,               11
Degree       ,               5.0,   4462, CSG-f1   ,                 287,                  284,                  3,      4462,                       480,                     1.0,         16,            40,            3999,                        476,                    11.902975743935984 , -4             ,   99.16666666666667 ,                6
Degree       ,               5.0,   4462, CSG-f2   ,                 408,                  404,                  4,      4426,                       412,                     1.0,         16,            40,            3999,                        408,                    10.202550637659416 , -4             ,   99.02912621359224 ,                2
Degree       ,               5.0,   4462, CGG      ,                1100,                 1091,                  9,      4456,                      1411,                     1.0,         16,            40,            3999,                       1365,                    34.133533383345835 , -46            ,   96.73990077958894 ,                8
Degree       ,              10.0,   8924, CSG-f1   ,                 448,                  444,                  4,      8910,                       650,                     1.0,         16,            40,            3999,                        646,                    16.15403850962741  , -4             ,   99.38461538461539 ,                6
Degree       ,              10.0,   8924, CSG-f2   ,                 613,                  608,                  5,      8915,                       617,                     1.0,         16,            40,            3999,                        612,                    15.303825956489122 , -5             ,   99.18962722852513 ,                2
Degree       ,              10.0,   8924, CGG      ,                1539,                 1525,                 14,      8919,                      2405,                     1.0,         16,            40,            3999,                       2159,                    53.98849712428107  , -246           ,   89.77130977130977 ,               17
Degree       ,              20.0,  17848, CSG-f1   ,                 849,                  843,                  6,     17836,                      1853,                     1.0,         16,            40,            3999,                       1833,                    45.83645911477869  , -20            ,   98.92066918510524 ,                7
Degree       ,              20.0,  17848, CSG-f2   ,                1075,                 1065,                 10,     17802,                      1081,                     1.0,         16,            40,            3999,                       1070,                    26.756689172293076 , -11            ,   98.98242368177613 ,                2
Degree       ,              20.0,  17848, CGG      ,                1982,                 1963,                 19,     17817,                      3467,                     1.0,         16,            40,            3999,                       3064,                    76.61915478869717  , -403           ,   88.37611768099222 ,               25
Random       ,               1.0,    220, CSG-f1   ,                 146,                  145,                  1,       220,                       293,                     1.0,         17,            40,            3999,                        291,                     7.276819204801201 , -2             ,   99.31740614334471 ,                2
Random       ,               1.0,    220, CSG-f2   ,                 140,                  139,                  1,       219,                       224,                     1.0,         17,            40,            3999,                        223,                     5.576394098524632 , -1             ,   99.55357142857143 ,                2
Random       ,               1.0,    220, CGG      ,                 120,                  119,                  1,       220,                       588,                     1.0,         17,            40,            3999,                        584,                    14.603650912728183 , -4             ,   99.31972789115646 ,               13
Random       ,               2.0,    440, CSG-f1   ,                 252,                  251,                  1,       440,                       409,                     1.0,         17,            40,            3999,                        408,                    10.202550637659416 , -1             ,   99.75550122249389 ,                3
Random       ,               2.0,    440, CSG-f2   ,                 244,                  242,                  2,       438,                       366,                     1.0,         17,            40,            3999,                        363,                     9.077269317329332 , -3             ,   99.18032786885246 ,                2
Random       ,               2.0,    440, CGG      ,                 285,                  283,                  2,       440,                       882,                     1.0,         17,            40,            3999,                        877,                    21.930482620655166 , -5             ,   99.43310657596372 ,               13
Random       ,               5.0,   1100, CSG-f1   ,                 487,                  480,                  7,      1099,                      1354,                     1.0,         17,            40,            3999,                       1353,                    33.833458364591145 , -1             ,   99.9261447562777  ,               18
Random       ,               5.0,   1100, CSG-f2   ,                 533,                  527,                  6,      1099,                      1553,                     1.0,         17,            40,            3999,                       1352,                    33.80845211302826  , -201           ,   87.05730843528654 ,               25
Random       ,               5.0,   1100, CGG      ,                 619,                  616,                  3,      1099,                      2519,                     1.0,         17,            40,            3999,                       2101,                    52.53813453363341  , -418           ,   83.4061135371179  ,               53
Random       ,              10.0,   2201, CSG-f1   ,                 869,                  860,                  9,      2196,                      2883,                     1.0,         17,            40,            3999,                       2926,                    73.16829207301826  , 43             ,  101.491501907735   ,               15
Random       ,              10.0,   2201, CSG-f2   ,                 979,                  969,                 10,      2201,                      3095,                     1.0,         17,            40,            3999,                       3076,                    76.91922980745186  , -19            ,   99.38610662358643 ,               18
Random       ,              10.0,   2201, CGG      ,                 926,                  920,                  6,      2011,                      4039,                     1.0,         17,            40,            3999,                       3011,                    75.29382345586396  , -1028          ,   74.5481554840307  ,               39
Random       ,              20.0,   4402, CSG-f1   ,                1495,                 1482,                 13,      4399,                      4012,                     1.0,         17,            40,            3999,                       3966,                    99.17479369842461  , -46            ,   98.85343968095714 ,                6
Random       ,              20.0,   4402, CSG-f2   ,                1620,                 1605,                 15,      4399,                      3963,                     1.0,         17,            40,            3999,                       3924,                    98.1245311327832   , -39            ,   99.01589704769115 ,                5
Random       ,              20.0,   4402, CGG      ,                 926,                  920,                  6,      2011,                      4039,                     1.0,         17,            40,            3999,                       3011,                    75.29382345586396  , -1028          ,   74.5481554840307  ,               39
Degree       ,               1.0,    892, CSG-f1   ,                 117,                  117,                  0,       888,                       158,                     1.0,         17,            40,            3999,                        162,                     4.051012753188297 , 4              ,  102.53164556962024 ,                6
Degree       ,               1.0,    892, CSG-f2   ,                 209,                  209,                  0,       888,                       211,                     1.0,         17,            40,            3999,                        212,                     5.3013253313328335, 1              ,  100.4739336492891  ,                1
Degree       ,               1.0,    892, CGG      ,                 442,                  440,                  2,       891,                       555,                     1.0,         17,            40,            3999,                        549,                    13.728432108027006 , -6             ,   98.91891891891892 ,               14
Degree       ,               2.0,   1784, CSG-f1   ,                 177,                  177,                  0,      1766,                       368,                     1.0,         17,            40,            3999,                        366,                     9.152288072018004 , -2             ,   99.45652173913044 ,                6
Degree       ,               2.0,   1784, CSG-f2   ,                 261,                  260,                  1,      1781,                       264,                     1.0,         17,            40,            3999,                        264,                     6.601650412603151 , 0              ,  100.0              ,                1
Degree       ,               2.0,   1784, CGG      ,                 668,                  662,                  6,      1783,                       899,                     1.0,         17,            40,            3999,                        887,                    22.18054513628407  , -12            ,   98.66518353726363 ,               14
Degree       ,               5.0,   4462, CSG-f1   ,                 287,                  286,                  1,      4462,                       480,                     1.0,         17,            40,            3999,                        477,                    11.927981995498875 , -3             ,   99.375            ,                6
Degree       ,               5.0,   4462, CSG-f2   ,                 408,                  407,                  1,      4426,                       412,                     1.0,         17,            40,            3999,                        412,                    10.302575643910977 , 0              ,  100.0              ,                2
Degree       ,               5.0,   4462, CGG      ,                1100,                 1091,                  9,      4456,                      1411,                     1.0,         17,            40,            3999,                       1384,                    34.60865216304076  , -27            ,   98.08646350106306 ,               14
Degree       ,              10.0,   8924, CSG-f1   ,                 448,                  447,                  1,      8910,                       650,                     1.0,         17,            40,            3999,                        647,                    16.179044761190298 , -3             ,   99.53846153846155 ,                6
Degree       ,              10.0,   8924, CSG-f2   ,                 613,                  609,                  4,      8915,                       617,                     1.0,         17,            40,            3999,                        614,                    15.353838459614904 , -3             ,   99.51377633711506 ,                2
Degree       ,              10.0,   8924, CGG      ,                1539,                 1525,                 14,      8919,                      2405,                     1.0,         17,            40,            3999,                       2209,                    55.238809702425606 , -196           ,   91.85031185031185 ,               19
Degree       ,              20.0,  17848, CSG-f1   ,                 849,                  844,                  5,     17836,                      1853,                     1.0,         17,            40,            3999,                       1837,                    45.936484121030254 , -16            ,   99.13653534808418 ,                7
Degree       ,              20.0,  17848, CSG-f2   ,                1075,                 1065,                 10,     17802,                      1081,                     1.0,         17,            40,            3999,                       1072,                    26.806701675418854 , -9             ,   99.16743755781684 ,                2
Degree       ,              20.0,  17848, CGG      ,                1982,                 1964,                 18,     17817,                      3467,                     1.0,         17,            40,            3999,                       3404,                    85.12128032008002  , -63            ,   98.18286703201615 ,               35
Random       ,               1.0,    220, CSG-f1   ,                 146,                  145,                  1,       220,                       293,                     1.0,         18,            40,            3999,                        289,                     7.226806701675419 , -4             ,   98.63481228668942 ,                2
Random       ,               1.0,    220, CSG-f2   ,                 140,                  140,                  0,       219,                       224,                     1.0,         18,            40,            3999,                        223,                     5.576394098524632 , -1             ,   99.55357142857143 ,                2
Random       ,               1.0,    220, CGG      ,                 120,                  120,                  0,       220,                       588,                     1.0,         18,            40,            3999,                        582,                    14.553638409602401 , -6             ,   98.9795918367347  ,               13
Random       ,               2.0,    440, CSG-f1   ,                 252,                  250,                  2,       440,                       409,                     1.0,         18,            40,            3999,                        403,                    10.077519379844961 , -6             ,   98.53300733496333 ,                3
Random       ,               2.0,    440, CSG-f2   ,                 244,                  241,                  3,       438,                       366,                     1.0,         18,            40,            3999,                        360,                     9.00225056264066  , -6             ,   98.36065573770492 ,                2
Random       ,               2.0,    440, CGG      ,                 285,                  283,                  2,       440,                       882,                     1.0,         18,            40,            3999,                        872,                    21.80545136284071  , -10            ,   98.86621315192744 ,               13
Random       ,               5.0,   1100, CSG-f1   ,                 487,                  482,                  5,      1099,                      1354,                     1.0,         18,            40,            3999,                       1334,                    33.35833958489622  , -20            ,   98.52289512555392 ,               16
Random       ,               5.0,   1100, CSG-f2   ,                 533,                  527,                  6,      1099,                      1553,                     1.0,         18,            40,            3999,                       1341,                    33.53338334583646  , -212           ,   86.34900193174501 ,               25
Random       ,               5.0,   1100, CGG      ,                 619,                  612,                  7,      1099,                      2519,                     1.0,         18,            40,            3999,                       1864,                    46.611652913228305 , -655           ,   73.9976181024216  ,               38
Random       ,              10.0,   2201, CSG-f1   ,                 869,                  862,                  7,      2196,                      2883,                     1.0,         18,            40,            3999,                       2792,                    69.8174543635909   , -91            ,   96.84356573014222 ,                8
Random       ,              10.0,   2201, CSG-f2   ,                 979,                  970,                  9,      2201,                      3095,                     1.0,         18,            40,            3999,                       2924,                    73.11827956989248  , -171           ,   94.47495961227787 ,               18
Random       ,              10.0,   2201, CGG      ,                 926,                  917,                  9,      2011,                      4039,                     1.0,         18,            40,            3999,                       2977,                    74.44361090272568  , -1062          ,   73.70636296112899 ,               38
Random       ,              20.0,   4402, CSG-f1   ,                1495,                 1481,                 14,      4399,                      4012,                     1.0,         18,            40,            3999,                       3973,                    99.34983745936485  , -39            ,   99.02791625124627 ,                6
Random       ,              20.0,   4402, CSG-f2   ,                1620,                 1605,                 15,      4399,                      3963,                     1.0,         18,            40,            3999,                       3925,                    98.14953738434609  , -38            ,   99.0411304567247  ,                5
Random       ,              20.0,   4402, CGG      ,                 926,                  917,                  9,      2011,                      4039,                     1.0,         18,            40,            3999,                       2977,                    74.44361090272568  , -1062          ,   73.70636296112899 ,               38
Degree       ,               1.0,    892, CSG-f1   ,                 117,                  117,                  0,       888,                       158,                     1.0,         18,            40,            3999,                        158,                     3.9509877469367343, 0              ,  100.0              ,                6
Degree       ,               1.0,    892, CSG-f2   ,                 209,                  203,                  6,       888,                       211,                     1.0,         18,            40,            3999,                        205,                     5.126281570392599 , -6             ,   97.1563981042654  ,                1
Degree       ,               1.0,    892, CGG      ,                 442,                  432,                 10,       891,                       555,                     1.0,         18,            40,            3999,                        540,                    13.50337584396099  , -15            ,   97.2972972972973  ,               14
Degree       ,               2.0,   1784, CSG-f1   ,                 177,                  177,                  0,      1766,                       368,                     1.0,         18,            40,            3999,                        368,                     9.202300575143786 , 0              ,  100.0              ,                6
Degree       ,               2.0,   1784, CSG-f2   ,                 261,                  255,                  6,      1781,                       264,                     1.0,         18,            40,            3999,                        258,                     6.451612903225806 , -6             ,   97.72727272727273 ,                1
Degree       ,               2.0,   1784, CGG      ,                 668,                  656,                 12,      1783,                       899,                     1.0,         18,            40,            3999,                        878,                    21.955488872218055 , -21            ,   97.66407119021135 ,               14
Degree       ,               5.0,   4462, CSG-f1   ,                 287,                  286,                  1,      4462,                       480,                     1.0,         18,            40,            3999,                        479,                    11.977994498624655 , -1             ,   99.79166666666667 ,                6
Degree       ,               5.0,   4462, CSG-f2   ,                 408,                  399,                  9,      4426,                       412,                     1.0,         18,            40,            3999,                        403,                    10.077519379844961 , -9             ,   97.81553398058253 ,                2
Degree       ,               5.0,   4462, CGG      ,                1100,                 1086,                 14,      4456,                      1411,                     1.0,         18,            40,            3999,                       1393,                    34.83370842710677  , -18            ,   98.72430900070871 ,               14
Degree       ,              10.0,   8924, CSG-f1   ,                 448,                  444,                  4,      8910,                       650,                     1.0,         18,            40,            3999,                        647,                    16.179044761190298 , -3             ,   99.53846153846155 ,                6
Degree       ,              10.0,   8924, CSG-f2   ,                 613,                  604,                  9,      8915,                       617,                     1.0,         18,            40,            3999,                        608,                    15.203800950237559 , -9             ,   98.54132901134521 ,                2
Degree       ,              10.0,   8924, CGG      ,                1539,                 1521,                 18,      8919,                      2405,                     1.0,         18,            40,            3999,                       2295,                    57.389347336834206 , -110           ,   95.42619542619542 ,               29
Degree       ,              20.0,  17848, CSG-f1   ,                 849,                  840,                  9,     17836,                      1853,                     1.0,         18,            40,            3999,                       1834,                    45.861465366341584 , -19            ,   98.97463572584996 ,                7
Degree       ,              20.0,  17848, CSG-f2   ,                1075,                 1062,                 13,     17802,                      1081,                     1.0,         18,            40,            3999,                       1068,                    26.70667666916729  , -13            ,   98.79740980573543 ,                2
Degree       ,              20.0,  17848, CGG      ,                1982,                 1959,                 23,     17817,                      3467,                     1.0,         18,            40,            3999,                       3350,                    83.77094273568392  , -117           ,   96.62532448802999 ,               36
Random       ,               1.0,    220, CSG-f1   ,                 146,                  145,                  1,       220,                       293,                     1.0,         19,            40,            3999,                        294,                     7.351837959489872 , 1              ,  100.34129692832765 ,                2
Random       ,               1.0,    220, CSG-f2   ,                 140,                  139,                  1,       219,                       224,                     1.0,         19,            40,            3999,                        223,                     5.576394098524632 , -1             ,   99.55357142857143 ,                2
Random       ,               1.0,    220, CGG      ,                 120,                  120,                  0,       220,                       588,                     1.0,         19,            40,            3999,                        590,                    14.753688422105526 , 2              ,  100.34013605442176 ,               13
Random       ,               2.0,    440, CSG-f1   ,                 252,                  250,                  2,       440,                       409,                     1.0,         19,            40,            3999,                        409,                    10.227556889222306 , 0              ,  100.0              ,                3
Random       ,               2.0,    440, CSG-f2   ,                 244,                  242,                  2,       438,                       366,                     1.0,         19,            40,            3999,                        364,                     9.102275568892223 , -2             ,   99.4535519125683  ,                2
Random       ,               2.0,    440, CGG      ,                 285,                  284,                  1,       440,                       882,                     1.0,         19,            40,            3999,                        857,                    21.43035758939735  , -25            ,   97.1655328798186  ,               13
Random       ,               5.0,   1100, CSG-f1   ,                 487,                  480,                  7,      1099,                      1354,                     1.0,         19,            40,            3999,                       1330,                    33.25831457864466  , -24            ,   98.22747415066469 ,               15
Random       ,               5.0,   1100, CSG-f2   ,                 533,                  526,                  7,      1099,                      1553,                     1.0,         19,            40,            3999,                       1541,                    38.5346336584146   , -12            ,   99.2273019961365  ,               26
Random       ,               5.0,   1100, CGG      ,                 619,                  613,                  6,      1099,                      2519,                     1.0,         19,            40,            3999,                       1767,                    44.18604651162791  , -752           ,   70.1468836840016  ,               26
Random       ,              10.0,   2201, CSG-f1   ,                 869,                  858,                 11,      2196,                      2883,                     1.0,         19,            40,            3999,                       2855,                    71.39284821205301  , -28            ,   99.02878945542838 ,               14
Random       ,              10.0,   2201, CSG-f2   ,                 979,                  969,                 10,      2201,                      3095,                     1.0,         19,            40,            3999,                       3065,                    76.64416104026006  , -30            ,   99.03069466882067 ,               18
Random       ,              10.0,   2201, CGG      ,                 926,                  916,                 10,      2011,                      4039,                     1.0,         19,            40,            3999,                       3558,                    88.9722430607652   , -481           ,   88.0911116613023  ,               46
Random       ,              20.0,   4402, CSG-f1   ,                1495,                 1474,                 21,      4399,                      4012,                     1.0,         19,            40,            3999,                       3972,                    99.32483120780195  , -40            ,   99.00299102691925 ,                7
Random       ,              20.0,   4402, CSG-f2   ,                1620,                 1597,                 23,      4399,                      3963,                     1.0,         19,            40,            3999,                       3923,                    98.0995248812203   , -40            ,   98.99066363865758 ,                5
Random       ,              20.0,   4402, CGG      ,                 926,                  916,                 10,      2011,                      4039,                     1.0,         19,            40,            3999,                       3558,                    88.9722430607652   , -481           ,   88.0911116613023  ,               46
Degree       ,               1.0,    892, CSG-f1   ,                 117,                  116,                  1,       888,                       158,                     1.0,         19,            40,            3999,                        156,                     3.900975243810953 , -2             ,   98.73417721518987 ,                6
Degree       ,               1.0,    892, CSG-f2   ,                 209,                  208,                  1,       888,                       211,                     1.0,         19,            40,            3999,                        210,                     5.251312828207052 , -1             ,   99.52606635071089 ,                1
Degree       ,               1.0,    892, CGG      ,                 442,                  439,                  3,       891,                       555,                     1.0,         19,            40,            3999,                        552,                    13.80345086271568  , -3             ,   99.45945945945947 ,               14
Degree       ,               2.0,   1784, CSG-f1   ,                 177,                  175,                  2,      1766,                       368,                     1.0,         19,            40,            3999,                        365,                     9.127281820455114 , -3             ,   99.18478260869566 ,                6
Degree       ,               2.0,   1784, CSG-f2   ,                 261,                  260,                  1,      1781,                       264,                     1.0,         19,            40,            3999,                        263,                     6.57664416104026  , -1             ,   99.62121212121212 ,                1
Degree       ,               2.0,   1784, CGG      ,                 668,                  662,                  6,      1783,                       899,                     1.0,         19,            40,            3999,                        875,                    21.880470117529384 , -24            ,   97.33036707452726 ,               14
Degree       ,               5.0,   4462, CSG-f1   ,                 287,                  281,                  6,      4462,                       480,                     1.0,         19,            40,            3999,                        473,                    11.827956989247312 , -7             ,   98.54166666666667 ,                6
Degree       ,               5.0,   4462, CSG-f2   ,                 408,                  405,                  3,      4426,                       412,                     1.0,         19,            40,            3999,                        409,                    10.227556889222306 , -3             ,   99.27184466019418 ,                2
Degree       ,               5.0,   4462, CGG      ,                1100,                 1089,                 11,      4456,                      1411,                     1.0,         19,            40,            3999,                       1386,                    34.658664666166544 , -25            ,   98.22820694542878 ,               14
Degree       ,              10.0,   8924, CSG-f1   ,                 448,                  440,                  8,      8910,                       650,                     1.0,         19,            40,            3999,                        642,                    16.054013503375845 , -8             ,   98.76923076923076 ,                6
Degree       ,              10.0,   8924, CSG-f2   ,                 613,                  608,                  5,      8915,                       617,                     1.0,         19,            40,            3999,                        612,                    15.303825956489122 , -5             ,   99.18962722852513 ,                2
Degree       ,              10.0,   8924, CGG      ,                1539,                 1523,                 16,      8919,                      2405,                     1.0,         19,            40,            3999,                       2364,                    59.11477869467367  , -41            ,   98.2952182952183  ,               28
Degree       ,              20.0,  17848, CSG-f1   ,                 849,                  838,                 11,     17836,                      1853,                     1.0,         19,            40,            3999,                       1831,                    45.78644661165291  , -22            ,   98.81273610361576 ,                7
Degree       ,              20.0,  17848, CSG-f2   ,                1075,                 1066,                  9,     17802,                      1081,                     1.0,         19,            40,            3999,                       1072,                    26.806701675418854 , -9             ,   99.16743755781684 ,                2
Degree       ,              20.0,  17848, CGG      ,                1982,                 1963,                 19,     17817,                      3467,                     1.0,         19,            40,            3999,                       3347,                    83.69592398099525  , -120           ,   96.53879434669743 ,               37
Random       ,               1.0,    220, CSG-f1   ,                 146,                  137,                  9,       220,                       293,                     5.0,          0,           201,            3838,                        277,                     7.217300677436164 , -16            ,   94.53924914675767 ,                2
Random       ,               1.0,    220, CSG-f2   ,                 140,                  133,                  7,       219,                       224,                     5.0,          0,           201,            3838,                        215,                     5.601875977071391 , -9             ,   95.98214285714286 ,                2
Random       ,               1.0,    220, CGG      ,                 120,                  116,                  4,       220,                       588,                     5.0,          0,           201,            3838,                        541,                    14.09588327253778  , -47            ,   92.00680272108843 ,               13
Random       ,               2.0,    440, CSG-f1   ,                 252,                  238,                 14,       440,                       409,                     5.0,          0,           201,            3838,                        388,                    10.109431995831162 , -21            ,   94.86552567237165 ,                3
Random       ,               2.0,    440, CSG-f2   ,                 244,                  228,                 16,       438,                       366,                     5.0,          0,           201,            3838,                        343,                     8.936946326211569 , -23            ,   93.71584699453553 ,                2
Random       ,               2.0,    440, CGG      ,                 285,                  274,                 11,       440,                       882,                     5.0,          0,           201,            3838,                        794,                    20.68785825951016  , -88            ,   90.02267573696146 ,               13
Random       ,               5.0,   1100, CSG-f1   ,                 487,                  456,                 31,      1099,                      1354,                     5.0,          0,           201,            3838,                       1259,                    32.803543512245966 , -95            ,   92.9837518463811  ,               19
Random       ,               5.0,   1100, CSG-f2   ,                 533,                  498,                 35,      1099,                      1553,                     5.0,          0,           201,            3838,                        848,                    22.094841063053675 , -705           ,   54.60399227301996 ,                8
Random       ,               5.0,   1100, CGG      ,                 619,                  588,                 31,      1099,                      2519,                     5.0,          0,           201,            3838,                       1622,                    42.26159458051068  , -897           ,   64.39063120285827 ,               18
Random       ,              10.0,   2201, CSG-f1   ,                 869,                  823,                 46,      2196,                      2883,                     5.0,          0,           201,            3838,                       2807,                    73.13705054715997  , -76            ,   97.36385709330558 ,               12
Random       ,              10.0,   2201, CSG-f2   ,                 979,                  927,                 52,      2201,                      3095,                     5.0,          0,           201,            3838,                       2932,                    76.39395518499218  , -163           ,   94.73344103392569 ,               17
Random       ,              10.0,   2201, CGG      ,                 926,                  879,                 47,      2011,                      4039,                     5.0,          0,           201,            3838,                       2695,                    70.21886399166233  , -1344          ,   66.72443674176776 ,               37
Random       ,              20.0,   4402, CSG-f1   ,                1495,                 1427,                 68,      4399,                      4012,                     5.0,          0,           201,            3838,                       3808,                    99.21834288692027  , -204           ,   94.91525423728814 ,                6
Random       ,              20.0,   4402, CSG-f2   ,                1620,                 1547,                 73,      4399,                      3963,                     5.0,          0,           201,            3838,                       3765,                    98.097967691506    , -198           ,   95.00378501135503 ,                5
Random       ,              20.0,   4402, CGG      ,                 926,                  879,                 47,      2011,                      4039,                     5.0,          0,           201,            3838,                       2695,                    70.21886399166233  , -1344          ,   66.72443674176776 ,               37
Degree       ,               1.0,    892, CSG-f1   ,                 117,                  115,                  2,       888,                       158,                     5.0,          0,           201,            3838,                        163,                     4.2470036477331945, 5              ,  103.16455696202532 ,                6
Degree       ,               1.0,    892, CSG-f2   ,                 209,                  196,                 13,       888,                       211,                     5.0,          0,           201,            3838,                        198,                     5.158936946326212 , -13            ,   93.8388625592417  ,                1
Degree       ,               1.0,    892, CGG      ,                 442,                  420,                 22,       891,                       555,                     5.0,          0,           201,            3838,                        524,                    13.6529442417926   , -31            ,   94.41441441441441 ,               14
Degree       ,               2.0,   1784, CSG-f1   ,                 177,                  168,                  9,      1766,                       368,                     5.0,          0,           201,            3838,                        352,                     9.171443460135487 , -16            ,   95.65217391304348 ,                6
Degree       ,               2.0,   1784, CSG-f2   ,                 261,                  247,                 14,      1781,                       264,                     5.0,          0,           201,            3838,                        250,                     6.513809275664409 , -14            ,   94.6969696969697  ,                1
Degree       ,               2.0,   1784, CGG      ,                 668,                  638,                 30,      1783,                       899,                     5.0,          0,           201,            3838,                        815,                    21.235018238665972 , -84            ,   90.65628476084538 ,               14
Degree       ,               5.0,   4462, CSG-f1   ,                 287,                  275,                 12,      4462,                       480,                     5.0,          0,           201,            3838,                        465,                    12.1156852527358   , -15            ,   96.875            ,                6
Degree       ,               5.0,   4462, CSG-f2   ,                 408,                  385,                 23,      4426,                       412,                     5.0,          0,           201,            3838,                        387,                    10.083376758728505 , -25            ,   93.93203883495146 ,                1
Degree       ,               5.0,   4462, CGG      ,                1100,                 1050,                 50,      4456,                      1411,                     5.0,          0,           201,            3838,                       1310,                    34.1323606044815   , -101           ,   92.84195605953225 ,               14
Degree       ,              10.0,   8924, CSG-f1   ,                 448,                  430,                 18,      8910,                       650,                     5.0,          0,           201,            3838,                        631,                    16.440854611776967 , -19            ,   97.07692307692307 ,                6
Degree       ,              10.0,   8924, CSG-f2   ,                 613,                  575,                 38,      8915,                       617,                     5.0,          0,           201,            3838,                        577,                    15.033871808233453 , -40            ,   93.51701782820098 ,                1
Degree       ,              10.0,   8924, CGG      ,                1539,                 1467,                 72,      8919,                      2405,                     5.0,          0,           201,            3838,                       2123,                    55.315268368942164 , -282           ,   88.27442827442827 ,               25
Degree       ,              20.0,  17848, CSG-f1   ,                 849,                  816,                 33,     17836,                      1853,                     5.0,          0,           201,            3838,                       1774,                    46.221990620114646 , -79            ,   95.73664328116568 ,               10
Degree       ,              20.0,  17848, CSG-f2   ,                1075,                 1015,                 60,     17802,                      1081,                     5.0,          0,           201,            3838,                       1019,                    26.550286607608133 , -62            ,   94.26456984273821 ,                1
Degree       ,              20.0,  17848, CGG      ,                1982,                 1885,                 97,     17817,                      3467,                     5.0,          0,           201,            3838,                       2900,                    75.56018759770714  , -567           ,   83.64580328814537 ,               18
Random       ,               1.0,    220, CSG-f1   ,                 146,                  138,                  8,       220,                       293,                     5.0,          1,           201,            3838,                        297,                     7.738405419489318 , 4              ,  101.36518771331058 ,                3
Random       ,               1.0,    220, CSG-f2   ,                 140,                  132,                  8,       219,                       224,                     5.0,          1,           201,            3838,                        229,                     5.966649296508598 , 5              ,  102.23214285714286 ,                3
Random       ,               1.0,    220, CGG      ,                 120,                  116,                  4,       220,                       588,                     5.0,          1,           201,            3838,                        558,                    14.538822303282961 , -30            ,   94.89795918367348 ,                9
Random       ,               2.0,    440, CSG-f1   ,                 252,                  240,                 12,       440,                       409,                     5.0,          1,           201,            3838,                        407,                    10.604481500781656 , -2             ,   99.51100244498777 ,                3
Random       ,               2.0,    440, CSG-f2   ,                 244,                  234,                 10,       438,                       366,                     5.0,          1,           201,            3838,                        367,                     9.562272016675353 , 1              ,  100.27322404371584 ,                3
Random       ,               2.0,    440, CGG      ,                 285,                  270,                 15,       440,                       882,                     5.0,          1,           201,            3838,                        807,                    21.02657634184471  , -75            ,   91.49659863945578 ,                9
Random       ,               5.0,   1100, CSG-f1   ,                 487,                  462,                 25,      1099,                      1354,                     5.0,          1,           201,            3838,                       1299,                    33.84575299635227  , -55            ,   95.93796159527326 ,               16
Random       ,               5.0,   1100, CSG-f2   ,                 533,                  506,                 27,      1099,                      1553,                     5.0,          1,           201,            3838,                       1043,                    27.17561229807191  , -510           ,   67.16033483580168 ,               13
Random       ,               5.0,   1100, CGG      ,                 619,                  582,                 37,      1099,                      2519,                     5.0,          1,           201,            3838,                       1720,                    44.815007816571125 , -799           ,   68.28106391425169 ,               22
Random       ,              10.0,   2201, CSG-f1   ,                 869,                  822,                 47,      2196,                      2883,                     5.0,          1,           201,            3838,                       2786,                    72.58989056800417  , -97            ,   96.63544918487686 ,               17
Random       ,              10.0,   2201, CSG-f2   ,                 979,                  933,                 46,      2201,                      3095,                     5.0,          1,           201,            3838,                       2834,                    73.84054194893174  , -261           ,   91.5670436187399  ,               13
Random       ,              10.0,   2201, CGG      ,                 926,                  875,                 51,      2011,                      4039,                     5.0,          1,           201,            3838,                       2314,                    60.29181865554977  , -1725          ,   57.29140876454568 ,               28
Random       ,              20.0,   4402, CSG-f1   ,                1495,                 1419,                 76,      4399,                      4012,                     5.0,          1,           201,            3838,                       3813,                    99.34861907243356  , -199           ,   95.03988035892323 ,                6
Random       ,              20.0,   4402, CSG-f2   ,                1620,                 1543,                 77,      4399,                      3963,                     5.0,          1,           201,            3838,                       3762,                    98.01980198019803  , -201           ,   94.92808478425435 ,                6
Random       ,              20.0,   4402, CGG      ,                 926,                  875,                 51,      2011,                      4039,                     5.0,          1,           201,            3838,                       2314,                    60.29181865554977  , -1725          ,   57.29140876454568 ,               28
Degree       ,               1.0,    892, CSG-f1   ,                 117,                  108,                  9,       888,                       158,                     5.0,          1,           201,            3838,                        147,                     3.8301198540906722, -11            ,   93.0379746835443  ,                5
Degree       ,               1.0,    892, CSG-f2   ,                 209,                  200,                  9,       888,                       211,                     5.0,          1,           201,            3838,                        203,                     5.2892131318395   , -8             ,   96.2085308056872  ,                1
Degree       ,               1.0,    892, CGG      ,                 442,                  418,                 24,       891,                       555,                     5.0,          1,           201,            3838,                        523,                    13.626889004689943 , -32            ,   94.23423423423424 ,               10
Degree       ,               2.0,   1784, CSG-f1   ,                 177,                  167,                 10,      1766,                       368,                     5.0,          1,           201,            3838,                        351,                     9.14538822303283  , -17            ,   95.38043478260869 ,                6
Degree       ,               2.0,   1784, CSG-f2   ,                 261,                  252,                  9,      1781,                       264,                     5.0,          1,           201,            3838,                        256,                     6.6701406982803535, -8             ,   96.96969696969697 ,                1
Degree       ,               2.0,   1784, CGG      ,                 668,                  632,                 36,      1783,                       899,                     5.0,          1,           201,            3838,                        827,                    21.547681083897864 , -72            ,   91.99110122358177 ,               10
Degree       ,               5.0,   4462, CSG-f1   ,                 287,                  273,                 14,      4462,                       480,                     5.0,          1,           201,            3838,                        459,                    11.959353830119854 , -21            ,   95.625            ,                6
Degree       ,               5.0,   4462, CSG-f2   ,                 408,                  390,                 18,      4426,                       412,                     5.0,          1,           201,            3838,                        395,                    10.291818655549765 , -17            ,   95.87378640776699 ,                2
Degree       ,               5.0,   4462, CGG      ,                1100,                 1046,                 54,      4456,                      1411,                     5.0,          1,           201,            3838,                       1302,                    33.92391870766024  , -109           ,   92.27498228206944 ,               10
Degree       ,              10.0,   8924, CSG-f1   ,                 448,                  428,                 20,      8910,                       650,                     5.0,          1,           201,            3838,                        623,                    16.232412714955707 , -27            ,   95.84615384615385 ,                6
Degree       ,              10.0,   8924, CSG-f2   ,                 613,                  589,                 24,      8915,                       617,                     5.0,          1,           201,            3838,                        594,                    15.476810838978636 , -23            ,   96.27228525121556 ,                2
Degree       ,              10.0,   8924, CGG      ,                1539,                 1467,                 72,      8919,                      2405,                     5.0,          1,           201,            3838,                       1976,                    51.48514851485149  , -429           ,   82.16216216216216 ,               15
Degree       ,              20.0,  17848, CSG-f1   ,                 849,                  808,                 41,     17836,                      1853,                     5.0,          1,           201,            3838,                       1774,                    46.221990620114646 , -79            ,   95.73664328116568 ,                9
Degree       ,              20.0,  17848, CSG-f2   ,                1075,                 1032,                 43,     17802,                      1081,                     5.0,          1,           201,            3838,                       1039,                    27.071391349661283 , -42            ,   96.11470860314523 ,                2
Degree       ,              20.0,  17848, CGG      ,                1982,                 1884,                 98,     17817,                      3467,                     5.0,          1,           201,            3838,                       2886,                    75.19541427826994  , -581           ,   83.24199596192673 ,               28
Random       ,               1.0,    220, CSG-f1   ,                 146,                  137,                  9,       220,                       293,                     5.0,          2,           201,            3838,                        300,                     7.816571130797289 , 7              ,  102.3890784982935  ,                5
Random       ,               1.0,    220, CSG-f2   ,                 140,                  131,                  9,       219,                       224,                     5.0,          2,           201,            3838,                        224,                     5.83637311099531  , 0              ,  100.0              ,                2
Random       ,               1.0,    220, CGG      ,                 120,                  116,                  4,       220,                       588,                     5.0,          2,           201,            3838,                        537,                    13.99166232412715  , -51            ,   91.3265306122449  ,                9
Random       ,               2.0,    440, CSG-f1   ,                 252,                  239,                 13,       440,                       409,                     5.0,          2,           201,            3838,                        412,                    10.734757686294945 , 3              ,  100.73349633251834 ,                5
Random       ,               2.0,    440, CSG-f2   ,                 244,                  232,                 12,       438,                       366,                     5.0,          2,           201,            3838,                        362,                     9.431995831162064 , -4             ,   98.90710382513662 ,                2
Random       ,               2.0,    440, CGG      ,                 285,                  272,                 13,       440,                       882,                     5.0,          2,           201,            3838,                        804,                    20.94841063053674  , -78            ,   91.15646258503402 ,               10
Random       ,               5.0,   1100, CSG-f1   ,                 487,                  464,                 23,      1099,                      1354,                     5.0,          2,           201,            3838,                       1447,                    37.701928087545596 , 93             ,  106.8685376661743  ,               26
Random       ,               5.0,   1100, CSG-f2   ,                 533,                  506,                 27,      1099,                      1553,                     5.0,          2,           201,            3838,                       1496,                    38.97863470557582  , -57            ,   96.32968448164843 ,               30
Random       ,               5.0,   1100, CGG      ,                 619,                  591,                 28,      1099,                      2519,                     5.0,          2,           201,            3838,                       1802,                    46.951537258989056 , -717           ,   71.53632393807067 ,               41
Random       ,              10.0,   2201, CSG-f1   ,                 869,                  828,                 41,      2196,                      2883,                     5.0,          2,           201,            3838,                       2915,                    75.95101615424701  , 32             ,  101.10995490808186 ,               19
Random       ,              10.0,   2201, CSG-f2   ,                 979,                  935,                 44,      2201,                      3095,                     5.0,          2,           201,            3838,                       2957,                    77.04533611255863  , -138           ,   95.54119547657513 ,               15
Random       ,              10.0,   2201, CGG      ,                 926,                  878,                 48,      2011,                      4039,                     5.0,          2,           201,            3838,                       2828,                    73.68421052631578  , -1211          ,   70.01733102253033 ,               34
Random       ,              20.0,   4402, CSG-f1   ,                1495,                 1427,                 68,      4399,                      4012,                     5.0,          2,           201,            3838,                       3808,                    99.21834288692027  , -204           ,   94.91525423728814 ,                6
Random       ,              20.0,   4402, CSG-f2   ,                1620,                 1542,                 78,      4399,                      3963,                     5.0,          2,           201,            3838,                       3761,                    97.99374674309537  , -202           ,   94.90285137522079 ,                5
Random       ,              20.0,   4402, CGG      ,                 926,                  878,                 48,      2011,                      4039,                     5.0,          2,           201,            3838,                       2828,                    73.68421052631578  , -1211          ,   70.01733102253033 ,               34
Degree       ,               1.0,    892, CSG-f1   ,                 117,                  114,                  3,       888,                       158,                     5.0,          2,           201,            3838,                        160,                     4.168837936425222 , 2              ,  101.26582278481013 ,                6
Degree       ,               1.0,    892, CSG-f2   ,                 209,                  199,                 10,       888,                       211,                     5.0,          2,           201,            3838,                        200,                     5.211047420531527 , -11            ,   94.7867298578199  ,                1
Degree       ,               1.0,    892, CGG      ,                 442,                  415,                 27,       891,                       555,                     5.0,          2,           201,            3838,                        515,                    13.41844710786868  , -40            ,   92.7927927927928  ,               14
Degree       ,               2.0,   1784, CSG-f1   ,                 177,                  172,                  5,      1766,                       368,                     5.0,          2,           201,            3838,                        351,                     9.14538822303283  , -17            ,   95.38043478260869 ,                6
Degree       ,               2.0,   1784, CSG-f2   ,                 261,                  249,                 12,      1781,                       264,                     5.0,          2,           201,            3838,                        251,                     6.539864512767066 , -13            ,   95.07575757575758 ,                1
Degree       ,               2.0,   1784, CGG      ,                 668,                  625,                 43,      1783,                       899,                     5.0,          2,           201,            3838,                        777,                    20.24491922876498  , -122           ,   86.4293659621802  ,               14
Degree       ,               5.0,   4462, CSG-f1   ,                 287,                  280,                  7,      4462,                       480,                     5.0,          2,           201,            3838,                        462,                    12.037519541427827 , -18            ,   96.25             ,                6
Degree       ,               5.0,   4462, CSG-f2   ,                 408,                  386,                 22,      4426,                       412,                     5.0,          2,           201,            3838,                        389,                    10.13548723293382  , -23            ,   94.41747572815534 ,                2
Degree       ,               5.0,   4462, CGG      ,                1100,                 1033,                 67,      4456,                      1411,                     5.0,          2,           201,            3838,                       1269,                    33.064095883272536 , -142           ,   89.93621545003543 ,               14
Degree       ,              10.0,   8924, CSG-f1   ,                 448,                  429,                 19,      8910,                       650,                     5.0,          2,           201,            3838,                        620,                    16.154247003647733 , -30            ,   95.38461538461539 ,                6
Degree       ,              10.0,   8924, CSG-f2   ,                 613,                  580,                 33,      8915,                       617,                     5.0,          2,           201,            3838,                        584,                    15.21625846795206  , -33            ,   94.6515397082658  ,                2
Degree       ,              10.0,   8924, CGG      ,                1539,                 1449,                 90,      8919,                      2405,                     5.0,          2,           201,            3838,                       2028,                    52.84002084418968  , -377           ,   84.32432432432432 ,               19
Degree       ,              20.0,  17848, CSG-f1   ,                 849,                  812,                 37,     17836,                      1853,                     5.0,          2,           201,            3838,                       1782,                    46.4304325169359   , -71            ,   96.16837560712358 ,                8
Degree       ,              20.0,  17848, CSG-f2   ,                1075,                 1008,                 67,     17802,                      1081,                     5.0,          2,           201,            3838,                       1013,                    26.393955184992183 , -68            ,   93.7095282146161  ,                2
Degree       ,              20.0,  17848, CGG      ,                1982,                 1872,                110,     17817,                      3467,                     5.0,          2,           201,            3838,                       3121,                    81.31839499739448  , -346           ,   90.02019036631094 ,               27
Random       ,               1.0,    220, CSG-f1   ,                 146,                  137,                  9,       220,                       293,                     5.0,          3,           201,            3838,                        277,                     7.217300677436164 , -16            ,   94.53924914675767 ,                4
Random       ,               1.0,    220, CSG-f2   ,                 140,                  134,                  6,       219,                       224,                     5.0,          3,           201,            3838,                        238,                     6.201146430432517 , 14             ,  106.25             ,                2
Random       ,               1.0,    220, CGG      ,                 120,                  110,                 10,       220,                       588,                     5.0,          3,           201,            3838,                        506,                    13.183949973944763 , -82            ,   86.05442176870748 ,               13
Random       ,               2.0,    440, CSG-f1   ,                 252,                  240,                 12,       440,                       409,                     5.0,          3,           201,            3838,                        388,                    10.109431995831162 , -21            ,   94.86552567237165 ,                4
Random       ,               2.0,    440, CSG-f2   ,                 244,                  233,                 11,       438,                       366,                     5.0,          3,           201,            3838,                        375,                     9.770713913496614 , 9              ,  102.45901639344261 ,                4
Random       ,               2.0,    440, CGG      ,                 285,                  272,                 13,       440,                       882,                     5.0,          3,           201,            3838,                        746,                    19.437206878582593 , -136           ,   84.58049886621315 ,                9
Random       ,               5.0,   1100, CSG-f1   ,                 487,                  463,                 24,      1099,                      1354,                     5.0,          3,           201,            3838,                       1287,                    33.533090151120376 , -67            ,   95.05169867060562 ,               16
Random       ,               5.0,   1100, CSG-f2   ,                 533,                  506,                 27,      1099,                      1553,                     5.0,          3,           201,            3838,                       1286,                    33.50703491401772  , -267           ,   82.80746941403734 ,               25
Random       ,               5.0,   1100, CGG      ,                 619,                  589,                 30,      1099,                      2519,                     5.0,          3,           201,            3838,                       1532,                    39.916623241271495 , -987           ,   60.817784835252084,               23
Random       ,              10.0,   2201, CSG-f1   ,                 869,                  827,                 42,      2196,                      2883,                     5.0,          3,           201,            3838,                       2748,                    71.59979155810318  , -135           ,   95.31737773152965 ,               19
Random       ,              10.0,   2201, CSG-f2   ,                 979,                  939,                 40,      2201,                      3095,                     5.0,          3,           201,            3838,                       2783,                    72.51172485669619  , -312           ,   89.91922455573506 ,               17
Random       ,              10.0,   2201, CGG      ,                 926,                  886,                 40,      2011,                      4039,                     5.0,          3,           201,            3838,                       2685,                    69.95831162063575  , -1354          ,   66.47685070562021 ,               34
Random       ,              20.0,   4402, CSG-f1   ,                1495,                 1425,                 70,      4399,                      4012,                     5.0,          3,           201,            3838,                       3795,                    98.87962480458572  , -217           ,   94.59122632103688 ,                6
Random       ,              20.0,   4402, CSG-f2   ,                1620,                 1548,                 72,      4399,                      3963,                     5.0,          3,           201,            3838,                       3733,                    97.26420010422095  , -230           ,   94.1963159222811  ,                6
Random       ,              20.0,   4402, CGG      ,                 926,                  886,                 40,      2011,                      4039,                     5.0,          3,           201,            3838,                       2685,                    69.95831162063575  , -1354          ,   66.47685070562021 ,               34
Degree       ,               1.0,    892, CSG-f1   ,                 117,                  108,                  9,       888,                       158,                     5.0,          3,           201,            3838,                        166,                     4.325169359041167 , 8              ,  105.0632911392405  ,                5
Degree       ,               1.0,    892, CSG-f2   ,                 209,                  199,                 10,       888,                       211,                     5.0,          3,           201,            3838,                        202,                     5.263157894736842 , -9             ,   95.73459715639811 ,                1
Degree       ,               1.0,    892, CGG      ,                 442,                  422,                 20,       891,                       555,                     5.0,          3,           201,            3838,                        519,                    13.522668056279313 , -36            ,   93.51351351351352 ,               13
Degree       ,               2.0,   1784, CSG-f1   ,                 177,                  167,                 10,      1766,                       368,                     5.0,          3,           201,            3838,                        364,                     9.48410630536738  , -4             ,   98.91304347826086 ,                6
Degree       ,               2.0,   1784, CSG-f2   ,                 261,                  249,                 12,      1781,                       264,                     5.0,          3,           201,            3838,                        253,                     6.591974986972382 , -11            ,   95.83333333333334 ,                1
Degree       ,               2.0,   1784, CGG      ,                 668,                  640,                 28,      1783,                       899,                     5.0,          3,           201,            3838,                        833,                    21.70401250651381  , -66            ,   92.65850945494995 ,               13
Degree       ,               5.0,   4462, CSG-f1   ,                 287,                  267,                 20,      4462,                       480,                     5.0,          3,           201,            3838,                        466,                    12.141740489838458 , -14            ,   97.08333333333333 ,                6
Degree       ,               5.0,   4462, CSG-f2   ,                 408,                  390,                 18,      4426,                       412,                     5.0,          3,           201,            3838,                        395,                    10.291818655549765 , -17            ,   95.87378640776699 ,                2
Degree       ,               5.0,   4462, CGG      ,                1100,                 1049,                 51,      4456,                      1411,                     5.0,          3,           201,            3838,                       1325,                    34.523189161021364 , -86            ,   93.90503189227498 ,               13
Degree       ,              10.0,   8924, CSG-f1   ,                 448,                  424,                 24,      8910,                       650,                     5.0,          3,           201,            3838,                        637,                    16.597186034392912 , -13            ,   98.0              ,                6
Degree       ,              10.0,   8924, CSG-f2   ,                 613,                  587,                 26,      8915,                       617,                     5.0,          3,           201,            3838,                        592,                    15.424700364773319 , -25            ,   95.9481361426256  ,                2
Degree       ,              10.0,   8924, CGG      ,                1539,                 1466,                 73,      8919,                      2405,                     5.0,          3,           201,            3838,                       2032,                    52.94424179260031  , -373           ,   84.4906444906445  ,               13
Degree       ,              20.0,  17848, CSG-f1   ,                 849,                  808,                 41,     17836,                      1853,                     5.0,          3,           201,            3838,                       1798,                    46.84731631057842  , -55            ,   97.0318402590394  ,               10
Degree       ,              20.0,  17848, CSG-f2   ,                1075,                 1028,                 47,     17802,                      1081,                     5.0,          3,           201,            3838,                       1040,                    27.09744658676394  , -41            ,   96.2072155411656  ,                2
Degree       ,              20.0,  17848, CGG      ,                1982,                 1891,                 91,     17817,                      3467,                     5.0,          3,           201,            3838,                       2885,                    75.16935904116727  , -582           ,   83.21315258148255 ,               24
Random       ,               1.0,    220, CSG-f1   ,                 146,                  140,                  6,       220,                       293,                     5.0,          4,           201,            3838,                        287,                     7.47785304846274  , -6             ,   97.95221843003414 ,                3
Random       ,               1.0,    220, CSG-f2   ,                 140,                  135,                  5,       219,                       224,                     5.0,          4,           201,            3838,                        219,                     5.706096925482021 , -5             ,   97.76785714285714 ,                2
Random       ,               1.0,    220, CGG      ,                 120,                  112,                  8,       220,                       588,                     5.0,          4,           201,            3838,                        496,                    12.923397602918186 , -92            ,   84.35374149659864 ,                9
Random       ,               2.0,    440, CSG-f1   ,                 252,                  244,                  8,       440,                       409,                     5.0,          4,           201,            3838,                        400,                    10.422094841063053 , -9             ,   97.79951100244499 ,                3
Random       ,               2.0,    440, CSG-f2   ,                 244,                  236,                  8,       438,                       366,                     5.0,          4,           201,            3838,                        356,                     9.275664408546119 , -10            ,   97.26775956284153 ,                2
Random       ,               2.0,    440, CGG      ,                 285,                  269,                 16,       440,                       882,                     5.0,          4,           201,            3838,                        755,                    19.671704012506513 , -127           ,   85.60090702947846 ,                9
Random       ,               5.0,   1100, CSG-f1   ,                 487,                  468,                 19,      1099,                      1354,                     5.0,          4,           201,            3838,                       1296,                    33.76758728504429  , -58            ,   95.71639586410635 ,               13
Random       ,               5.0,   1100, CSG-f2   ,                 533,                  512,                 21,      1099,                      1553,                     5.0,          4,           201,            3838,                       1379,                    35.93017196456488  , -174           ,   88.79587894397939 ,               16
Random       ,               5.0,   1100, CGG      ,                 619,                  586,                 33,      1099,                      2519,                     5.0,          4,           201,            3838,                       1500,                    39.082855653986456 , -1019          ,   59.54743946010321 ,               24
Random       ,              10.0,   2201, CSG-f1   ,                 869,                  826,                 43,      2196,                      2883,                     5.0,          4,           201,            3838,                       2762,                    71.96456487754038  , -121           ,   95.80298300381547 ,               14
Random       ,              10.0,   2201, CSG-f2   ,                 979,                  928,                 51,      2201,                      3095,                     5.0,          4,           201,            3838,                       2836,                    73.89265242313705  , -259           ,   91.63166397415185 ,               15
Random       ,              10.0,   2201, CGG      ,                 926,                  879,                 47,      2011,                      4039,                     5.0,          4,           201,            3838,                       2304,                    60.03126628452319  , -1735          ,   57.04382272839812 ,               30
Random       ,              20.0,   4402, CSG-f1   ,                1495,                 1418,                 77,      4399,                      4012,                     5.0,          4,           201,            3838,                       3804,                    99.11412193850964  , -208           ,   94.81555333998006 ,                5
Random       ,              20.0,   4402, CSG-f2   ,                1620,                 1534,                 86,      4399,                      3963,                     5.0,          4,           201,            3838,                       3751,                    97.7331943720688   , -212           ,   94.65051728488518 ,                4
Random       ,              20.0,   4402, CGG      ,                 926,                  879,                 47,      2011,                      4039,                     5.0,          4,           201,            3838,                       2304,                    60.03126628452319  , -1735          ,   57.04382272839812 ,               30
Degree       ,               1.0,    892, CSG-f1   ,                 117,                  114,                  3,       888,                       158,                     5.0,          4,           201,            3838,                        146,                     3.804064616988015 , -12            ,   92.40506329113924 ,                3
Degree       ,               1.0,    892, CSG-f2   ,                 209,                  191,                 18,       888,                       211,                     5.0,          4,           201,            3838,                        193,                     5.028660760812923 , -18            ,   91.4691943127962  ,                1
Degree       ,               1.0,    892, CGG      ,                 442,                  416,                 26,       891,                       555,                     5.0,          4,           201,            3838,                        513,                    13.366336633663368 , -42            ,   92.43243243243244 ,               13
Degree       ,               2.0,   1784, CSG-f1   ,                 177,                  171,                  6,      1766,                       368,                     5.0,          4,           201,            3838,                        348,                     9.067222511724857 , -20            ,   94.56521739130434 ,                5
Degree       ,               2.0,   1784, CSG-f2   ,                 261,                  241,                 20,      1781,                       264,                     5.0,          4,           201,            3838,                        244,                     6.357477853048462 , -20            ,   92.42424242424242 ,                1
Degree       ,               2.0,   1784, CGG      ,                 668,                  631,                 37,      1783,                       899,                     5.0,          4,           201,            3838,                        807,                    21.02657634184471  , -92            ,   89.76640711902112 ,               13
Degree       ,               5.0,   4462, CSG-f1   ,                 287,                  278,                  9,      4462,                       480,                     5.0,          4,           201,            3838,                        457,                    11.907243355914538 , -23            ,   95.20833333333333 ,                5
Degree       ,               5.0,   4462, CSG-f2   ,                 408,                  381,                 27,      4426,                       412,                     5.0,          4,           201,            3838,                        383,                     9.979155810317874 , -29            ,   92.96116504854369 ,                1
Degree       ,               5.0,   4462, CGG      ,                1100,                 1045,                 55,      4456,                      1411,                     5.0,          4,           201,            3838,                       1307,                    34.05419489317353  , -104           ,   92.6293408929837  ,               13
Degree       ,              10.0,   8924, CSG-f1   ,                 448,                  432,                 16,      8910,                       650,                     5.0,          4,           201,            3838,                        622,                    16.206357477853047 , -28            ,   95.6923076923077  ,                5
Degree       ,              10.0,   8924, CSG-f2   ,                 613,                  578,                 35,      8915,                       617,                     5.0,          4,           201,            3838,                        582,                    15.164147993746743 , -35            ,   94.32739059967585 ,                1
Degree       ,              10.0,   8924, CGG      ,                1539,                 1462,                 77,      8919,                      2405,                     5.0,          4,           201,            3838,                       2001,                    52.136529442417924 , -404           ,   83.2016632016632  ,               16
Degree       ,              20.0,  17848, CSG-f1   ,                 849,                  810,                 39,     17836,                      1853,                     5.0,          4,           201,            3838,                       1745,                    45.46638874413757  , -108           ,   94.17161359956827 ,                7
Degree       ,              20.0,  17848, CSG-f2   ,                1075,                 1015,                 60,     17802,                      1081,                     5.0,          4,           201,            3838,                       1023,                    26.654507556018757 , -58            ,   94.63459759481961 ,                3
Degree       ,              20.0,  17848, CGG      ,                1982,                 1887,                 95,     17817,                      3467,                     5.0,          4,           201,            3838,                       2905,                    75.69046378322042  , -562           ,   83.7900201903663  ,               36
Random       ,               1.0,    220, CSG-f1   ,                 146,                  140,                  6,       220,                       293,                     5.0,          5,           201,            3838,                        290,                     7.556018759770714 , -3             ,   98.97610921501706 ,                2
Random       ,               1.0,    220, CSG-f2   ,                 140,                  135,                  5,       219,                       224,                     5.0,          5,           201,            3838,                        224,                     5.83637311099531  , 0              ,  100.0              ,                2
Random       ,               1.0,    220, CGG      ,                 120,                  118,                  2,       220,                       588,                     5.0,          5,           201,            3838,                        547,                    14.252214695153725 , -41            ,   93.02721088435374 ,               11
Random       ,               2.0,    440, CSG-f1   ,                 252,                  244,                  8,       440,                       409,                     5.0,          5,           201,            3838,                        403,                    10.500260552371026 , -6             ,   98.53300733496333 ,                3
Random       ,               2.0,    440, CSG-f2   ,                 244,                  236,                  8,       438,                       366,                     5.0,          5,           201,            3838,                        362,                     9.431995831162064 , -4             ,   98.90710382513662 ,                2
Random       ,               2.0,    440, CGG      ,                 285,                  275,                 10,       440,                       882,                     5.0,          5,           201,            3838,                        800,                    20.844189682126107 , -82            ,   90.702947845805   ,               10
Random       ,               5.0,   1100, CSG-f1   ,                 487,                  468,                 19,      1099,                      1354,                     5.0,          5,           201,            3838,                       1431,                    37.28504429390308  , 77             ,  105.68685376661745 ,               22
Random       ,               5.0,   1100, CSG-f2   ,                 533,                  508,                 25,      1099,                      1553,                     5.0,          5,           201,            3838,                       1298,                    33.819697759249614 , -255           ,   83.58016741790084 ,               19
Random       ,               5.0,   1100, CGG      ,                 619,                  592,                 27,      1099,                      2519,                     5.0,          5,           201,            3838,                       1591,                    41.4538822303283   , -928           ,   63.15998412068281 ,               17
Random       ,              10.0,   2201, CSG-f1   ,                 869,                  823,                 46,      2196,                      2883,                     5.0,          5,           201,            3838,                       2805,                    73.08494007295467  , -78            ,   97.29448491155047 ,               18
Random       ,              10.0,   2201, CSG-f2   ,                 979,                  928,                 51,      2201,                      3095,                     5.0,          5,           201,            3838,                       2801,                    72.98071912454404  , -294           ,   90.50080775444265 ,               15
Random       ,              10.0,   2201, CGG      ,                 926,                  880,                 46,      2011,                      4039,                     5.0,          5,           201,            3838,                       3133,                    81.63105784262636  , -906           ,   77.56870512503095 ,               35
Random       ,              20.0,   4402, CSG-f1   ,                1495,                 1425,                 70,      4399,                      4012,                     5.0,          5,           201,            3838,                       3803,                    99.08806670140699  , -209           ,   94.79062811565304 ,                6
Random       ,              20.0,   4402, CSG-f2   ,                1620,                 1542,                 78,      4399,                      3963,                     5.0,          5,           201,            3838,                       3764,                    98.07191245440333  , -199           ,   94.97855160232147 ,                5
Random       ,              20.0,   4402, CGG      ,                 926,                  880,                 46,      2011,                      4039,                     5.0,          5,           201,            3838,                       3133,                    81.63105784262636  , -906           ,   77.56870512503095 ,               35
Degree       ,               1.0,    892, CSG-f1   ,                 117,                  109,                  8,       888,                       158,                     5.0,          5,           201,            3838,                        159,                     4.142782699322564 , 1              ,  100.63291139240506 ,                6
Degree       ,               1.0,    892, CSG-f2   ,                 209,                  199,                 10,       888,                       211,                     5.0,          5,           201,            3838,                        200,                     5.211047420531527 , -11            ,   94.7867298578199  ,                1
Degree       ,               1.0,    892, CGG      ,                 442,                  420,                 22,       891,                       555,                     5.0,          5,           201,            3838,                        526,                    13.705054715997916 , -29            ,   94.77477477477477 ,               15
Degree       ,               2.0,   1784, CSG-f1   ,                 177,                  165,                 12,      1766,                       368,                     5.0,          5,           201,            3838,                        347,                     9.041167274622198 , -21            ,   94.29347826086956 ,                6
Degree       ,               2.0,   1784, CSG-f2   ,                 261,                  249,                 12,      1781,                       264,                     5.0,          5,           201,            3838,                        251,                     6.539864512767066 , -13            ,   95.07575757575758 ,                1
Degree       ,               2.0,   1784, CGG      ,                 668,                  640,                 28,      1783,                       899,                     5.0,          5,           201,            3838,                        826,                    21.521625846795207 , -73            ,   91.87986651835372 ,               15
Degree       ,               5.0,   4462, CSG-f1   ,                 287,                  270,                 17,      4462,                       480,                     5.0,          5,           201,            3838,                        454,                    11.829077644606565 , -26            ,   94.58333333333333 ,                6
Degree       ,               5.0,   4462, CSG-f2   ,                 408,                  388,                 20,      4426,                       412,                     5.0,          5,           201,            3838,                        391,                    10.187597707139135 , -21            ,   94.90291262135922 ,                2
Degree       ,               5.0,   4462, CGG      ,                1100,                 1047,                 53,      4456,                      1411,                     5.0,          5,           201,            3838,                       1303,                    33.949973944762895 , -108           ,   92.3458540042523  ,               15
Degree       ,              10.0,   8924, CSG-f1   ,                 448,                  420,                 28,      8910,                       650,                     5.0,          5,           201,            3838,                        614,                    15.997915581031789 , -36            ,   94.46153846153847 ,                6
Degree       ,              10.0,   8924, CSG-f2   ,                 613,                  583,                 30,      8915,                       617,                     5.0,          5,           201,            3838,                        586,                    15.268368942157373 , -31            ,   94.97568881685575 ,                2
Degree       ,              10.0,   8924, CGG      ,                1539,                 1470,                 69,      8919,                      2405,                     5.0,          5,           201,            3838,                       2123,                    55.315268368942164 , -282           ,   88.27442827442827 ,               23
Degree       ,              20.0,  17848, CSG-f1   ,                 849,                  804,                 45,     17836,                      1853,                     5.0,          5,           201,            3838,                       1760,                    45.85721730067744  , -93            ,   94.98111171073934 ,                7
Degree       ,              20.0,  17848, CSG-f2   ,                1075,                 1021,                 54,     17802,                      1081,                     5.0,          5,           201,            3838,                       1029,                    26.810838978634706 , -52            ,   95.18963922294172 ,                2
Degree       ,              20.0,  17848, CGG      ,                1982,                 1887,                 95,     17817,                      3467,                     5.0,          5,           201,            3838,                       3002,                    78.21782178217822  , -465           ,   86.58782809345256 ,               25
Random       ,               1.0,    220, CSG-f1   ,                 146,                  140,                  6,       220,                       293,                     5.0,          6,           201,            3838,                        301,                     7.842626367899948 , 8              ,  102.73037542662115 ,                6
Random       ,               1.0,    220, CSG-f2   ,                 140,                  136,                  4,       219,                       224,                     5.0,          6,           201,            3838,                        243,                     6.3314226159458045, 19             ,  108.48214285714286 ,                2
Random       ,               1.0,    220, CGG      ,                 120,                  113,                  7,       220,                       588,                     5.0,          6,           201,            3838,                        519,                    13.522668056279313 , -69            ,   88.26530612244898 ,                9
Random       ,               2.0,    440, CSG-f1   ,                 252,                  245,                  7,       440,                       409,                     5.0,          6,           201,            3838,                        419,                    10.917144346013549 , 10             ,  102.44498777506112 ,                6
Random       ,               2.0,    440, CSG-f2   ,                 244,                  237,                  7,       438,                       366,                     5.0,          6,           201,            3838,                        373,                     9.718603439291297 , 7              ,  101.91256830601093 ,                6
Random       ,               2.0,    440, CGG      ,                 285,                  273,                 12,       440,                       882,                     5.0,          6,           201,            3838,                        754,                    19.645648775403856 , -128           ,   85.4875283446712  ,                7
Random       ,               5.0,   1100, CSG-f1   ,                 487,                  465,                 22,      1099,                      1354,                     5.0,          6,           201,            3838,                       1310,                    34.1323606044815   , -44            ,   96.7503692762186  ,               14
Random       ,               5.0,   1100, CSG-f2   ,                 533,                  511,                 22,      1099,                      1553,                     5.0,          6,           201,            3838,                       1481,                    38.587806149035956 , -72            ,   95.36381197681905 ,               26
Random       ,               5.0,   1100, CGG      ,                 619,                  590,                 29,      1099,                      2519,                     5.0,          6,           201,            3838,                       1479,                    38.53569567483064  , -1040          ,   58.71377530766178 ,               18
Random       ,              10.0,   2201, CSG-f1   ,                 869,                  833,                 36,      2196,                      2883,                     5.0,          6,           201,            3838,                       2884,                    75.14330380406462  , 1              ,  100.03468609087756 ,               20
Random       ,              10.0,   2201, CSG-f2   ,                 979,                  939,                 40,      2201,                      3095,                     5.0,          6,           201,            3838,                       2977,                    77.56644085461177  , -118           ,   96.18739903069466 ,               15
Random       ,              10.0,   2201, CGG      ,                 926,                  886,                 40,      2011,                      4039,                     5.0,          6,           201,            3838,                       2596,                    67.63939551849923  , -1443          ,   64.2733349839069  ,               30
Random       ,              20.0,   4402, CSG-f1   ,                1495,                 1430,                 65,      4399,                      4012,                     5.0,          6,           201,            3838,                       3792,                    98.80145909327774  , -220           ,   94.51645064805582 ,                7
Random       ,              20.0,   4402, CSG-f2   ,                1620,                 1551,                 69,      4399,                      3963,                     5.0,          6,           201,            3838,                       3782,                    98.54090672225118  , -181           ,   95.43275296492556 ,                7
Random       ,              20.0,   4402, CGG      ,                 926,                  886,                 40,      2011,                      4039,                     5.0,          6,           201,            3838,                       2596,                    67.63939551849923  , -1443          ,   64.2733349839069  ,               30
Degree       ,               1.0,    892, CSG-f1   ,                 117,                  112,                  5,       888,                       158,                     5.0,          6,           201,            3838,                        173,                     4.507556018759771 , 15             ,  109.49367088607596 ,                5
Degree       ,               1.0,    892, CSG-f2   ,                 209,                  204,                  5,       888,                       211,                     5.0,          6,           201,            3838,                        218,                     5.680041688379364 , 7              ,  103.3175355450237  ,                1
Degree       ,               1.0,    892, CGG      ,                 442,                  423,                 19,       891,                       555,                     5.0,          6,           201,            3838,                        510,                    13.288170922355395 , -45            ,   91.8918918918919  ,                4
Degree       ,               2.0,   1784, CSG-f1   ,                 177,                  169,                  8,      1766,                       368,                     5.0,          6,           201,            3838,                        372,                     9.69254820218864  , 4              ,  101.08695652173914 ,                5
Degree       ,               2.0,   1784, CSG-f2   ,                 261,                  252,                  9,      1781,                       264,                     5.0,          6,           201,            3838,                        267,                     6.9567483064095885, 3              ,  101.13636363636364 ,                1
Degree       ,               2.0,   1784, CGG      ,                 668,                  641,                 27,      1783,                       899,                     5.0,          6,           201,            3838,                        804,                    20.94841063053674  , -95            ,   89.43270300333704 ,                8
Degree       ,               5.0,   4462, CSG-f1   ,                 287,                  276,                 11,      4462,                       480,                     5.0,          6,           201,            3838,                        482,                    12.55862428348098  , 2              ,  100.41666666666667 ,                5
Degree       ,               5.0,   4462, CSG-f2   ,                 408,                  393,                 15,      4426,                       412,                     5.0,          6,           201,            3838,                        410,                    10.68264721208963  , -2             ,   99.51456310679612 ,                2
Degree       ,               5.0,   4462, CGG      ,                1100,                 1057,                 43,      4456,                      1411,                     5.0,          6,           201,            3838,                       1312,                    34.18447107868682  , -99            ,   92.98369950389794 ,                6
Degree       ,              10.0,   8924, CSG-f1   ,                 448,                  429,                 19,      8910,                       650,                     5.0,          6,           201,            3838,                        645,                    16.805627931214172 , -5             ,   99.23076923076923 ,                5
Degree       ,              10.0,   8924, CSG-f2   ,                 613,                  588,                 25,      8915,                       617,                     5.0,          6,           201,            3838,                        604,                    15.737363210005212 , -13            ,   97.89303079416531 ,                2
Degree       ,              10.0,   8924, CGG      ,                1539,                 1472,                 67,      8919,                      2405,                     5.0,          6,           201,            3838,                       2034,                    52.99635226680562  , -371           ,   84.57380457380458 ,               17
Degree       ,              20.0,  17848, CSG-f1   ,                 849,                  809,                 40,     17836,                      1853,                     5.0,          6,           201,            3838,                       1786,                    46.53465346534654  , -67            ,   96.38424177010253 ,                8
Degree       ,              20.0,  17848, CSG-f2   ,                1075,                 1025,                 50,     17802,                      1081,                     5.0,          6,           201,            3838,                       1042,                    27.149557060969254 , -39            ,   96.3922294172063  ,                2
Degree       ,              20.0,  17848, CGG      ,                1982,                 1890,                 92,     17817,                      3467,                     5.0,          6,           201,            3838,                       3001,                    78.19176654507555  , -466           ,   86.55898471300837 ,               23
Random       ,               1.0,    220, CSG-f1   ,                 146,                  141,                  5,       220,                       293,                     5.0,          7,           201,            3838,                        293,                     7.634184471078687 , 0              ,  100.0              ,                5
Random       ,               1.0,    220, CSG-f2   ,                 140,                  135,                  5,       219,                       224,                     5.0,          7,           201,            3838,                        219,                     5.706096925482021 , -5             ,   97.76785714285714 ,                2
Random       ,               1.0,    220, CGG      ,                 120,                  109,                 11,       220,                       588,                     5.0,          7,           201,            3838,                        524,                    13.6529442417926   , -64            ,   89.1156462585034  ,                9
Random       ,               2.0,    440, CSG-f1   ,                 252,                  243,                  9,       440,                       409,                     5.0,          7,           201,            3838,                        407,                    10.604481500781656 , -2             ,   99.51100244498777 ,                5
Random       ,               2.0,    440, CSG-f2   ,                 244,                  235,                  9,       438,                       366,                     5.0,          7,           201,            3838,                        358,                     9.327774882751433 , -8             ,   97.81420765027322 ,                3
Random       ,               2.0,    440, CGG      ,                 285,                  266,                 19,       440,                       882,                     5.0,          7,           201,            3838,                        745,                    19.411151641479936 , -137           ,   84.4671201814059  ,                9
Random       ,               5.0,   1100, CSG-f1   ,                 487,                  464,                 23,      1099,                      1354,                     5.0,          7,           201,            3838,                       1102,                    28.71287128712871  , -252           ,   81.38847858197931 ,               11
Random       ,               5.0,   1100, CSG-f2   ,                 533,                  507,                 26,      1099,                      1553,                     5.0,          7,           201,            3838,                       1272,                    33.14226159458051  , -281           ,   81.90598840952994 ,               24
Random       ,               5.0,   1100, CGG      ,                 619,                  586,                 33,      1099,                      2519,                     5.0,          7,           201,            3838,                       1945,                    50.677436164669096 , -574           ,   77.21317983326716 ,               35
Random       ,              10.0,   2201, CSG-f1   ,                 869,                  824,                 45,      2196,                      2883,                     5.0,          7,           201,            3838,                       2753,                    71.73006774361646  , -130           ,   95.49080818591744 ,               18
Random       ,              10.0,   2201, CSG-f2   ,                 979,                  931,                 48,      2201,                      3095,                     5.0,          7,           201,            3838,                       2873,                    74.85669619593538  , -222           ,   92.82714054927303 ,               12
Random       ,              10.0,   2201, CGG      ,                 926,                  883,                 43,      2011,                      4039,                     5.0,          7,           201,            3838,                       2954,                    76.96717040125066  , -1085          ,   73.13691507798961 ,               39
Random       ,              20.0,   4402, CSG-f1   ,                1495,                 1421,                 74,      4399,                      4012,                     5.0,          7,           201,            3838,                       3796,                    98.90568004168838  , -216           ,   94.61615154536392 ,                7
Random       ,              20.0,   4402, CSG-f2   ,                1620,                 1541,                 79,      4399,                      3963,                     5.0,          7,           201,            3838,                       3756,                    97.86347055758208  , -207           ,   94.77668433005299 ,                5
Random       ,              20.0,   4402, CGG      ,                 926,                  883,                 43,      2011,                      4039,                     5.0,          7,           201,            3838,                       2954,                    76.96717040125066  , -1085          ,   73.13691507798961 ,               39
Degree       ,               1.0,    892, CSG-f1   ,                 117,                  111,                  6,       888,                       158,                     5.0,          7,           201,            3838,                        164,                     4.273058884835852 , 6              ,  103.79746835443038 ,                6
Degree       ,               1.0,    892, CSG-f2   ,                 209,                  199,                 10,       888,                       211,                     5.0,          7,           201,            3838,                        205,                     5.341323606044815 , -6             ,   97.1563981042654  ,                3
Degree       ,               1.0,    892, CGG      ,                 442,                  419,                 23,       891,                       555,                     5.0,          7,           201,            3838,                        492,                    12.819176654507555 , -63            ,   88.64864864864866 ,                3
Degree       ,               2.0,   1784, CSG-f1   ,                 177,                  164,                 13,      1766,                       368,                     5.0,          7,           201,            3838,                        351,                     9.14538822303283  , -17            ,   95.38043478260869 ,                5
Degree       ,               2.0,   1784, CSG-f2   ,                 261,                  248,                 13,      1781,                       264,                     5.0,          7,           201,            3838,                        256,                     6.6701406982803535, -8             ,   96.96969696969697 ,                3
Degree       ,               2.0,   1784, CGG      ,                 668,                  636,                 32,      1783,                       899,                     5.0,          7,           201,            3838,                        818,                    21.313183949973943 , -81            ,   90.98998887652948 ,               11
Degree       ,               5.0,   4462, CSG-f1   ,                 287,                  266,                 21,      4462,                       480,                     5.0,          7,           201,            3838,                        455,                    11.855132881709224 , -25            ,   94.79166666666666 ,                5
Degree       ,               5.0,   4462, CSG-f2   ,                 408,                  390,                 18,      4426,                       412,                     5.0,          7,           201,            3838,                        397,                    10.34392912975508  , -15            ,   96.35922330097088 ,                3
Degree       ,               5.0,   4462, CGG      ,                1100,                 1049,                 51,      4456,                      1411,                     5.0,          7,           201,            3838,                       1295,                    33.74153204794163  , -116           ,   91.77888022678951 ,               11
Degree       ,              10.0,   8924, CSG-f1   ,                 448,                  423,                 25,      8910,                       650,                     5.0,          7,           201,            3838,                        622,                    16.206357477853047 , -28            ,   95.6923076923077  ,                5
Degree       ,              10.0,   8924, CSG-f2   ,                 613,                  590,                 23,      8915,                       617,                     5.0,          7,           201,            3838,                        597,                    15.554976550286609 , -20            ,   96.75850891410049 ,                3
Degree       ,              10.0,   8924, CGG      ,                1539,                 1466,                 73,      8919,                      2405,                     5.0,          7,           201,            3838,                       2030,                    52.892131318394995 , -375           ,   84.40748440748442 ,               26
Degree       ,              20.0,  17848, CSG-f1   ,                 849,                  803,                 46,     17836,                      1853,                     5.0,          7,           201,            3838,                       1756,                    45.752996352266806 , -97            ,   94.76524554776039 ,                7
Degree       ,              20.0,  17848, CSG-f2   ,                1075,                 1032,                 43,     17802,                      1081,                     5.0,          7,           201,            3838,                       1045,                    27.22772277227723  , -36            ,   96.66975023126734 ,                3
Degree       ,              20.0,  17848, CGG      ,                1982,                 1883,                 99,     17817,                      3467,                     5.0,          7,           201,            3838,                       2731,                    71.156852527358    , -736           ,   78.77127199307759 ,               24
Random       ,               1.0,    220, CSG-f1   ,                 146,                  134,                 12,       220,                       293,                     5.0,          8,           201,            3838,                        288,                     7.503908285565399 , -5             ,   98.29351535836177 ,                2
Random       ,               1.0,    220, CSG-f2   ,                 140,                  130,                 10,       219,                       224,                     5.0,          8,           201,            3838,                        229,                     5.966649296508598 , 5              ,  102.23214285714286 ,                2
Random       ,               1.0,    220, CGG      ,                 120,                  111,                  9,       220,                       588,                     5.0,          8,           201,            3838,                        440,                    11.46430432516936  , -148           ,   74.82993197278913 ,                8
Random       ,               2.0,    440, CSG-f1   ,                 252,                  236,                 16,       440,                       409,                     5.0,          8,           201,            3838,                        397,                    10.34392912975508  , -12            ,   97.06601466992664 ,                2
Random       ,               2.0,    440, CSG-f2   ,                 244,                  227,                 17,       438,                       366,                     5.0,          8,           201,            3838,                        354,                     9.223553934340803 , -12            ,   96.72131147540983 ,                2
Random       ,               2.0,    440, CGG      ,                 285,                  264,                 21,       440,                       882,                     5.0,          8,           201,            3838,                        686,                    17.873892652423137 , -196           ,   77.77777777777779 ,               10
Random       ,               5.0,   1100, CSG-f1   ,                 487,                  462,                 25,      1099,                      1354,                     5.0,          8,           201,            3838,                       1082,                    28.19176654507556  , -272           ,   79.91137370753324 ,               10
Random       ,               5.0,   1100, CSG-f2   ,                 533,                  503,                 30,      1099,                      1553,                     5.0,          8,           201,            3838,                       1103,                    28.738926524231374 , -450           ,   71.02382485511912 ,               26
Random       ,               5.0,   1100, CGG      ,                 619,                  577,                 42,      1099,                      2519,                     5.0,          8,           201,            3838,                       1458,                    37.98853569567483  , -1061          ,   57.88011115522033 ,               18
Random       ,              10.0,   2201, CSG-f1   ,                 869,                  821,                 48,      2196,                      2883,                     5.0,          8,           201,            3838,                       2719,                    70.8441896821261   , -164           ,   94.31148109608047 ,               14
Random       ,              10.0,   2201, CSG-f2   ,                 979,                  925,                 54,      2201,                      3095,                     5.0,          8,           201,            3838,                       2843,                    74.07503908285565  , -252           ,   91.8578352180937  ,               17
Random       ,              10.0,   2201, CGG      ,                 926,                  868,                 58,      2011,                      4039,                     5.0,          8,           201,            3838,                       2460,                    64.09588327253778  , -1579          ,   60.906164892300076,               46
Random       ,              20.0,   4402, CSG-f1   ,                1495,                 1418,                 77,      4399,                      4012,                     5.0,          8,           201,            3838,                       3796,                    98.90568004168838  , -216           ,   94.61615154536392 ,                6
Random       ,              20.0,   4402, CSG-f2   ,                1620,                 1537,                 83,      4399,                      3963,                     5.0,          8,           201,            3838,                       3775,                    98.35852006253258  , -188           ,   95.25611910169064 ,                9
Random       ,              20.0,   4402, CGG      ,                 926,                  868,                 58,      2011,                      4039,                     5.0,          8,           201,            3838,                       2460,                    64.09588327253778  , -1579          ,   60.906164892300076,               46
Degree       ,               1.0,    892, CSG-f1   ,                 117,                  110,                  7,       888,                       158,                     5.0,          8,           201,            3838,                        160,                     4.168837936425222 , 2              ,  101.26582278481013 ,                3
Degree       ,               1.0,    892, CSG-f2   ,                 209,                  193,                 16,       888,                       211,                     5.0,          8,           201,            3838,                        217,                     5.653986451276706 , 6              ,  102.84360189573461 ,                3
Degree       ,               1.0,    892, CGG      ,                 442,                  411,                 31,       891,                       555,                     5.0,          8,           201,            3838,                        491,                    12.7931214174049   , -64            ,   88.46846846846846 ,                5
Degree       ,               2.0,   1784, CSG-f1   ,                 177,                  167,                 10,      1766,                       368,                     5.0,          8,           201,            3838,                        381,                     9.927045336112558 , 13             ,  103.53260869565217 ,                6
Degree       ,               2.0,   1784, CSG-f2   ,                 261,                  241,                 20,      1781,                       264,                     5.0,          8,           201,            3838,                        265,                     6.904637832204273 , 1              ,  100.37878787878789 ,                3
Degree       ,               2.0,   1784, CGG      ,                 668,                  624,                 44,      1783,                       899,                     5.0,          8,           201,            3838,                        794,                    20.68785825951016  , -105           ,   88.32035595105673 ,               11
Degree       ,               5.0,   4462, CSG-f1   ,                 287,                  266,                 21,      4462,                       480,                     5.0,          8,           201,            3838,                        483,                    12.584679520583636 , 3              ,  100.62500000000001 ,                6
Degree       ,               5.0,   4462, CSG-f2   ,                 408,                  379,                 29,      4426,                       412,                     5.0,          8,           201,            3838,                        404,                    10.526315789473683 , -8             ,   98.05825242718447 ,                3
Degree       ,               5.0,   4462, CGG      ,                1100,                 1032,                 68,      4456,                      1411,                     5.0,          8,           201,            3838,                       1278,                    33.29859301719645  , -133           ,   90.57406094968108 ,                9
Degree       ,              10.0,   8924, CSG-f1   ,                 448,                  418,                 30,      8910,                       650,                     5.0,          8,           201,            3838,                        645,                    16.805627931214172 , -5             ,   99.23076923076923 ,                6
Degree       ,              10.0,   8924, CSG-f2   ,                 613,                  574,                 39,      8915,                       617,                     5.0,          8,           201,            3838,                        598,                    15.581031787389266 , -19            ,   96.92058346839546 ,                3
Degree       ,              10.0,   8924, CGG      ,                1539,                 1455,                 84,      8919,                      2405,                     5.0,          8,           201,            3838,                       1925,                    50.15633142261594  , -480           ,   80.04158004158003 ,               12
Degree       ,              20.0,  17848, CSG-f1   ,                 849,                  792,                 57,     17836,                      1853,                     5.0,          8,           201,            3838,                       1777,                    46.30015633142261  , -76            ,   95.8985429033999  ,                8
Degree       ,              20.0,  17848, CSG-f2   ,                1075,                 1021,                 54,     17802,                      1081,                     5.0,          8,           201,            3838,                       1042,                    27.149557060969254 , -39            ,   96.3922294172063  ,                3
Degree       ,              20.0,  17848, CGG      ,                1982,                 1884,                 98,     17817,                      3467,                     5.0,          8,           201,            3838,                       2888,                    75.24752475247524  , -579           ,   83.29968272281512 ,               22
Random       ,               1.0,    220, CSG-f1   ,                 146,                  141,                  5,       220,                       293,                     5.0,          9,           201,            3838,                        288,                     7.503908285565399 , -5             ,   98.29351535836177 ,                3
Random       ,               1.0,    220, CSG-f2   ,                 140,                  137,                  3,       219,                       224,                     5.0,          9,           201,            3838,                        216,                     5.627931214174049 , -8             ,   96.42857142857143 ,                2
Random       ,               1.0,    220, CGG      ,                 120,                  113,                  7,       220,                       588,                     5.0,          9,           201,            3838,                        543,                    14.147993746743095 , -45            ,   92.3469387755102  ,               10
Random       ,               2.0,    440, CSG-f1   ,                 252,                  245,                  7,       440,                       409,                     5.0,          9,           201,            3838,                        403,                    10.500260552371026 , -6             ,   98.53300733496333 ,                3
Random       ,               2.0,    440, CSG-f2   ,                 244,                  237,                  7,       438,                       366,                     5.0,          9,           201,            3838,                        358,                     9.327774882751433 , -8             ,   97.81420765027322 ,                3
Random       ,               2.0,    440, CGG      ,                 285,                  269,                 16,       440,                       882,                     5.0,          9,           201,            3838,                        823,                    21.443460135487232 , -59            ,   93.31065759637188 ,               10
Random       ,               5.0,   1100, CSG-f1   ,                 487,                  463,                 24,      1099,                      1354,                     5.0,          9,           201,            3838,                       1296,                    33.76758728504429  , -58            ,   95.71639586410635 ,               22
Random       ,               5.0,   1100, CSG-f2   ,                 533,                  507,                 26,      1099,                      1553,                     5.0,          9,           201,            3838,                       1302,                    33.92391870766024  , -251           ,   83.83773341918867 ,               27
Random       ,               5.0,   1100, CGG      ,                 619,                  587,                 32,      1099,                      2519,                     5.0,          9,           201,            3838,                       1515,                    39.473684210526315 , -1004          ,   60.14291385470425 ,               22
Random       ,              10.0,   2201, CSG-f1   ,                 869,                  829,                 40,      2196,                      2883,                     5.0,          9,           201,            3838,                       2898,                    75.50807712350182  , 15             ,  100.52029136316337 ,               22
Random       ,              10.0,   2201, CSG-f2   ,                 979,                  933,                 46,      2201,                      3095,                     5.0,          9,           201,            3838,                       2813,                    73.29338196977592  , -282           ,   90.88852988691438 ,               14
Random       ,              10.0,   2201, CGG      ,                 926,                  879,                 47,      2011,                      4039,                     5.0,          9,           201,            3838,                       2674,                    69.67170401250652  , -1365          ,   66.20450606585788 ,               42
Random       ,              20.0,   4402, CSG-f1   ,                1495,                 1418,                 77,      4399,                      4012,                     5.0,          9,           201,            3838,                       3811,                    99.29650859822824  , -201           ,   94.99002991026919 ,                6
Random       ,              20.0,   4402, CSG-f2   ,                1620,                 1535,                 85,      4399,                      3963,                     5.0,          9,           201,            3838,                       3751,                    97.7331943720688   , -212           ,   94.65051728488518 ,                6
Random       ,              20.0,   4402, CGG      ,                 926,                  879,                 47,      2011,                      4039,                     5.0,          9,           201,            3838,                       2674,                    69.67170401250652  , -1365          ,   66.20450606585788 ,               42
Degree       ,               1.0,    892, CSG-f1   ,                 117,                  108,                  9,       888,                       158,                     5.0,          9,           201,            3838,                        139,                     3.6216779572694113, -19            ,   87.9746835443038  ,                3
Degree       ,               1.0,    892, CSG-f2   ,                 209,                  201,                  8,       888,                       211,                     5.0,          9,           201,            3838,                        203,                     5.2892131318395   , -8             ,   96.2085308056872  ,                1
Degree       ,               1.0,    892, CGG      ,                 442,                  424,                 18,       891,                       555,                     5.0,          9,           201,            3838,                        511,                    13.31422615945805  , -44            ,   92.07207207207207 ,                8
Degree       ,               2.0,   1784, CSG-f1   ,                 177,                  162,                 15,      1766,                       368,                     5.0,          9,           201,            3838,                        342,                     8.91089108910891  , -26            ,   92.93478260869566 ,                6
Degree       ,               2.0,   1784, CSG-f2   ,                 261,                  249,                 12,      1781,                       264,                     5.0,          9,           201,            3838,                        252,                     6.565919749869724 , -12            ,   95.45454545454545 ,                1
Degree       ,               2.0,   1784, CGG      ,                 668,                  636,                 32,      1783,                       899,                     5.0,          9,           201,            3838,                        835,                    21.756122980719127 , -64            ,   92.88097886540601 ,               11
Degree       ,               5.0,   4462, CSG-f1   ,                 287,                  264,                 23,      4462,                       480,                     5.0,          9,           201,            3838,                        446,                    11.620635747785304 , -34            ,   92.91666666666667 ,                6
Degree       ,               5.0,   4462, CSG-f2   ,                 408,                  391,                 17,      4426,                       412,                     5.0,          9,           201,            3838,                        395,                    10.291818655549765 , -17            ,   95.87378640776699 ,                2
Degree       ,               5.0,   4462, CGG      ,                1100,                 1047,                 53,      4456,                      1411,                     5.0,          9,           201,            3838,                       1324,                    34.49713392391871  , -87            ,   93.83416017009213 ,                9
Degree       ,              10.0,   8924, CSG-f1   ,                 448,                  414,                 34,      8910,                       650,                     5.0,          9,           201,            3838,                        604,                    15.737363210005212 , -46            ,   92.92307692307692 ,                6
Degree       ,              10.0,   8924, CSG-f2   ,                 613,                  583,                 30,      8915,                       617,                     5.0,          9,           201,            3838,                        588,                    15.320479416362689 , -29            ,   95.2998379254457  ,                2
Degree       ,              10.0,   8924, CGG      ,                1539,                 1462,                 77,      8919,                      2405,                     5.0,          9,           201,            3838,                       2061,                    53.69984366857739  , -344           ,   85.6964656964657  ,               15
Degree       ,              20.0,  17848, CSG-f1   ,                 849,                  800,                 49,     17836,                      1853,                     5.0,          9,           201,            3838,                       1763,                    45.93538301198541  , -90            ,   95.14301133297356 ,                8
Degree       ,              20.0,  17848, CSG-f2   ,                1075,                 1023,                 52,     17802,                      1081,                     5.0,          9,           201,            3838,                       1030,                    26.83689421573736  , -51            ,   95.28214616096207 ,                2
Degree       ,              20.0,  17848, CGG      ,                1982,                 1887,                 95,     17817,                      3467,                     5.0,          9,           201,            3838,                       2732,                    71.18290776446065  , -735           ,   78.80011537352178 ,               16
Random       ,               1.0,    220, CSG-f1   ,                 146,                  140,                  6,       220,                       293,                     5.0,         10,           201,            3838,                        292,                     7.60812923397603  , -1             ,   99.65870307167235 ,                4
Random       ,               1.0,    220, CSG-f2   ,                 140,                  137,                  3,       219,                       224,                     5.0,         10,           201,            3838,                        224,                     5.83637311099531  , 0              ,  100.0              ,                2
Random       ,               1.0,    220, CGG      ,                 120,                  111,                  9,       220,                       588,                     5.0,         10,           201,            3838,                        521,                    13.574778530484627 , -67            ,   88.60544217687075 ,               13
Random       ,               2.0,    440, CSG-f1   ,                 252,                  244,                  8,       440,                       409,                     5.0,         10,           201,            3838,                        407,                    10.604481500781656 , -2             ,   99.51100244498777 ,                4
Random       ,               2.0,    440, CSG-f2   ,                 244,                  236,                  8,       438,                       366,                     5.0,         10,           201,            3838,                        360,                     9.379885356956748 , -6             ,   98.36065573770492 ,                2
Random       ,               2.0,    440, CGG      ,                 285,                  268,                 17,       440,                       882,                     5.0,         10,           201,            3838,                        777,                    20.24491922876498  , -105           ,   88.09523809523809 ,               13
Random       ,               5.0,   1100, CSG-f1   ,                 487,                  470,                 17,      1099,                      1354,                     5.0,         10,           201,            3838,                       1293,                    33.689421573736325 , -61            ,   95.49483013293944 ,               12
Random       ,               5.0,   1100, CSG-f2   ,                 533,                  510,                 23,      1099,                      1553,                     5.0,         10,           201,            3838,                       1303,                    33.949973944762895 , -250           ,   83.90212491951063 ,               26
Random       ,               5.0,   1100, CGG      ,                 619,                  588,                 31,      1099,                      2519,                     5.0,         10,           201,            3838,                       1569,                    40.88066701406983  , -950           ,   62.28662167526796 ,               27
Random       ,              10.0,   2201, CSG-f1   ,                 869,                  833,                 36,      2196,                      2883,                     5.0,         10,           201,            3838,                       2835,                    73.86659718603438  , -48            ,   98.33506763787722 ,               15
Random       ,              10.0,   2201, CSG-f2   ,                 979,                  934,                 45,      2201,                      3095,                     5.0,         10,           201,            3838,                       2836,                    73.89265242313705  , -259           ,   91.63166397415185 ,               16
Random       ,              10.0,   2201, CGG      ,                 926,                  886,                 40,      2011,                      4039,                     5.0,         10,           201,            3838,                       3008,                    78.37415320479415  , -1031          ,   74.47387967318643 ,               38
Random       ,              20.0,   4402, CSG-f1   ,                1495,                 1431,                 64,      4399,                      4012,                     5.0,         10,           201,            3838,                       3814,                    99.37467430953622  , -198           ,   95.06480558325025 ,                6
Random       ,              20.0,   4402, CSG-f2   ,                1620,                 1550,                 70,      4399,                      3963,                     5.0,         10,           201,            3838,                       3763,                    98.04585721730068  , -200           ,   94.95331819328791 ,                4
Random       ,              20.0,   4402, CGG      ,                 926,                  886,                 40,      2011,                      4039,                     5.0,         10,           201,            3838,                       3008,                    78.37415320479415  , -1031          ,   74.47387967318643 ,               38
Degree       ,               1.0,    892, CSG-f1   ,                 117,                  113,                  4,       888,                       158,                     5.0,         10,           201,            3838,                        151,                     3.934340802501303 , -7             ,   95.56962025316456 ,                3
Degree       ,               1.0,    892, CSG-f2   ,                 209,                  198,                 11,       888,                       211,                     5.0,         10,           201,            3838,                        201,                     5.237102657634185 , -10            ,   95.260663507109   ,                1
Degree       ,               1.0,    892, CGG      ,                 442,                  419,                 23,       891,                       555,                     5.0,         10,           201,            3838,                        517,                    13.470557582073997 , -38            ,   93.15315315315316 ,               10
Degree       ,               2.0,   1784, CSG-f1   ,                 177,                  169,                  8,      1766,                       368,                     5.0,         10,           201,            3838,                        348,                     9.067222511724857 , -20            ,   94.56521739130434 ,                6
Degree       ,               2.0,   1784, CSG-f2   ,                 261,                  248,                 13,      1781,                       264,                     5.0,         10,           201,            3838,                        252,                     6.565919749869724 , -12            ,   95.45454545454545 ,                1
Degree       ,               2.0,   1784, CGG      ,                 668,                  631,                 37,      1783,                       899,                     5.0,         10,           201,            3838,                        827,                    21.547681083897864 , -72            ,   91.99110122358177 ,               12
Degree       ,               5.0,   4462, CSG-f1   ,                 287,                  276,                 11,      4462,                       480,                     5.0,         10,           201,            3838,                        457,                    11.907243355914538 , -23            ,   95.20833333333333 ,                6
Degree       ,               5.0,   4462, CSG-f2   ,                 408,                  386,                 22,      4426,                       412,                     5.0,         10,           201,            3838,                        391,                    10.187597707139135 , -21            ,   94.90291262135922 ,                2
Degree       ,               5.0,   4462, CGG      ,                1100,                 1034,                 66,      4456,                      1411,                     5.0,         10,           201,            3838,                       1289,                    33.58520062532569  , -122           ,   91.3536498936924  ,               10
Degree       ,              10.0,   8924, CSG-f1   ,                 448,                  430,                 18,      8910,                       650,                     5.0,         10,           201,            3838,                        621,                    16.18030224075039  , -29            ,   95.53846153846153 ,                6
Degree       ,              10.0,   8924, CSG-f2   ,                 613,                  580,                 33,      8915,                       617,                     5.0,         10,           201,            3838,                        585,                    15.242313705054716 , -32            ,   94.81361426256078 ,                2
Degree       ,              10.0,   8924, CGG      ,                1539,                 1453,                 86,      8919,                      2405,                     5.0,         10,           201,            3838,                       2205,                    57.45179781136008  , -200           ,   91.68399168399168 ,               28
Degree       ,              20.0,  17848, CSG-f1   ,                 849,                  812,                 37,     17836,                      1853,                     5.0,         10,           201,            3838,                       1752,                    45.64877540385617  , -101           ,   94.54937938478145 ,                6
Degree       ,              20.0,  17848, CSG-f2   ,                1075,                 1019,                 56,     17802,                      1081,                     5.0,         10,           201,            3838,                       1025,                    26.706618030224078 , -56            ,   94.81961147086031 ,                2
Degree       ,              20.0,  17848, CGG      ,                1982,                 1879,                103,     17817,                      3467,                     5.0,         10,           201,            3838,                       3099,                    80.74517978113602  , -368           ,   89.3856359965388  ,               38
Random       ,               1.0,    220, CSG-f1   ,                 146,                  137,                  9,       220,                       293,                     5.0,         11,           201,            3838,                        276,                     7.191245440333508 , -17            ,   94.19795221843003 ,                3
Random       ,               1.0,    220, CSG-f2   ,                 140,                  131,                  9,       219,                       224,                     5.0,         11,           201,            3838,                        214,                     5.575820739968734 , -10            ,   95.53571428571429 ,                2
Random       ,               1.0,    220, CGG      ,                 120,                  113,                  7,       220,                       588,                     5.0,         11,           201,            3838,                        493,                    12.845231891610215 , -95            ,   83.84353741496598 ,                7
Random       ,               2.0,    440, CSG-f1   ,                 252,                  237,                 15,       440,                       409,                     5.0,         11,           201,            3838,                        387,                    10.083376758728505 , -22            ,   94.62102689486552 ,                3
Random       ,               2.0,    440, CSG-f2   ,                 244,                  230,                 14,       438,                       366,                     5.0,         11,           201,            3838,                        345,                     8.989056800416883 , -21            ,   94.26229508196722 ,                3
Random       ,               2.0,    440, CGG      ,                 285,                  263,                 22,       440,                       882,                     5.0,         11,           201,            3838,                        731,                    19.04637832204273  , -151           ,   82.87981859410431 ,                8
Random       ,               5.0,   1100, CSG-f1   ,                 487,                  460,                 27,      1099,                      1354,                     5.0,         11,           201,            3838,                       1295,                    33.74153204794163  , -59            ,   95.64254062038404 ,               16
Random       ,               5.0,   1100, CSG-f2   ,                 533,                  503,                 30,      1099,                      1553,                     5.0,         11,           201,            3838,                       1293,                    33.689421573736325 , -260           ,   83.25820991629105 ,               27
Random       ,               5.0,   1100, CGG      ,                 619,                  582,                 37,      1099,                      2519,                     5.0,         11,           201,            3838,                       1568,                    40.85461177696717  , -951           ,   62.24692338229456 ,               25
Random       ,              10.0,   2201, CSG-f1   ,                 869,                  827,                 42,      2196,                      2883,                     5.0,         11,           201,            3838,                       2905,                    75.69046378322042  , 22             ,  100.76309399930628 ,               18
Random       ,              10.0,   2201, CSG-f2   ,                 979,                  927,                 52,      2201,                      3095,                     5.0,         11,           201,            3838,                       2948,                    76.8108389786347   , -147           ,   95.25040387722132 ,               18
Random       ,              10.0,   2201, CGG      ,                 926,                  874,                 52,      2011,                      4039,                     5.0,         11,           201,            3838,                       2203,                    57.399687337154774 , -1836          ,   54.543203763307744,               22
Random       ,              20.0,   4402, CSG-f1   ,                1495,                 1411,                 84,      4399,                      4012,                     5.0,         11,           201,            3838,                       3813,                    99.34861907243356  , -199           ,   95.03988035892323 ,                6
Random       ,              20.0,   4402, CSG-f2   ,                1620,                 1526,                 94,      4399,                      3963,                     5.0,         11,           201,            3838,                       3745,                    97.57686294945283  , -218           ,   94.49911683068383 ,                5
Random       ,              20.0,   4402, CGG      ,                 926,                  874,                 52,      2011,                      4039,                     5.0,         11,           201,            3838,                       2203,                    57.399687337154774 , -1836          ,   54.543203763307744,               22
Degree       ,               1.0,    892, CSG-f1   ,                 117,                  108,                  9,       888,                       158,                     5.0,         11,           201,            3838,                        139,                     3.6216779572694113, -19            ,   87.9746835443038  ,                3
Degree       ,               1.0,    892, CSG-f2   ,                 209,                  202,                  7,       888,                       211,                     5.0,         11,           201,            3838,                        210,                     5.471599791558103 , -1             ,   99.52606635071089 ,                2
Degree       ,               1.0,    892, CGG      ,                 442,                  417,                 25,       891,                       555,                     5.0,         11,           201,            3838,                        491,                    12.7931214174049   , -64            ,   88.46846846846846 ,                2
Degree       ,               2.0,   1784, CSG-f1   ,                 177,                  165,                 12,      1766,                       368,                     5.0,         11,           201,            3838,                        348,                     9.067222511724857 , -20            ,   94.56521739130434 ,                6
Degree       ,               2.0,   1784, CSG-f2   ,                 261,                  251,                 10,      1781,                       264,                     5.0,         11,           201,            3838,                        260,                     6.774361646690985 , -4             ,   98.48484848484848 ,                2
Degree       ,               2.0,   1784, CGG      ,                 668,                  635,                 33,      1783,                       899,                     5.0,         11,           201,            3838,                        810,                    21.104742053152684 , -89            ,   90.10011123470522 ,               11
Degree       ,               5.0,   4462, CSG-f1   ,                 287,                  270,                 17,      4462,                       480,                     5.0,         11,           201,            3838,                        456,                    11.881188118811881 , -24            ,   95.0              ,                6
Degree       ,               5.0,   4462, CSG-f2   ,                 408,                  394,                 14,      4426,                       412,                     5.0,         11,           201,            3838,                        404,                    10.526315789473683 , -8             ,   98.05825242718447 ,                2
Degree       ,               5.0,   4462, CGG      ,                1100,                 1039,                 61,      4456,                      1411,                     5.0,         11,           201,            3838,                       1292,                    33.663366336633665 , -119           ,   91.56626506024097 ,                7
Degree       ,              10.0,   8924, CSG-f1   ,                 448,                  423,                 25,      8910,                       650,                     5.0,         11,           201,            3838,                        618,                    16.10213652944242  , -32            ,   95.07692307692308 ,                6
Degree       ,              10.0,   8924, CSG-f2   ,                 613,                  587,                 26,      8915,                       617,                     5.0,         11,           201,            3838,                        596,                    15.528921313183949 , -21            ,   96.5964343598055  ,                2
Degree       ,              10.0,   8924, CGG      ,                1539,                 1453,                 86,      8919,                      2405,                     5.0,         11,           201,            3838,                       1983,                    51.66753517457009  , -422           ,   82.45322245322245 ,               19
Degree       ,              20.0,  17848, CSG-f1   ,                 849,                  804,                 45,     17836,                      1853,                     5.0,         11,           201,            3838,                       1754,                    45.70088587806149  , -99            ,   94.65731246627091 ,                7
Degree       ,              20.0,  17848, CSG-f2   ,                1075,                 1032,                 43,     17802,                      1081,                     5.0,         11,           201,            3838,                       1043,                    27.17561229807191  , -38            ,   96.48473635522664 ,                2
Degree       ,              20.0,  17848, CGG      ,                1982,                 1874,                108,     17817,                      3467,                     5.0,         11,           201,            3838,                       2878,                    74.98697238144867  , -589           ,   83.01124891837324 ,               25
Random       ,               1.0,    220, CSG-f1   ,                 146,                  139,                  7,       220,                       293,                     5.0,         12,           201,            3838,                        294,                     7.6602397081813445, 1              ,  100.34129692832765 ,                5
Random       ,               1.0,    220, CSG-f2   ,                 140,                  134,                  6,       219,                       224,                     5.0,         12,           201,            3838,                        224,                     5.83637311099531  , 0              ,  100.0              ,                5
Random       ,               1.0,    220, CGG      ,                 120,                  112,                  8,       220,                       588,                     5.0,         12,           201,            3838,                        494,                    12.871287128712872 , -94            ,   84.01360544217688 ,                8
Random       ,               2.0,    440, CSG-f1   ,                 252,                  243,                  9,       440,                       409,                     5.0,         12,           201,            3838,                        403,                    10.500260552371026 , -6             ,   98.53300733496333 ,                5
Random       ,               2.0,    440, CSG-f2   ,                 244,                  234,                 10,       438,                       366,                     5.0,         12,           201,            3838,                        364,                     9.48410630536738  , -2             ,   99.4535519125683  ,                5
Random       ,               2.0,    440, CGG      ,                 285,                  270,                 15,       440,                       882,                     5.0,         12,           201,            3838,                        778,                    20.27097446586764  , -104           ,   88.20861678004536 ,               10
Random       ,               5.0,   1100, CSG-f1   ,                 487,                  465,                 22,      1099,                      1354,                     5.0,         12,           201,            3838,                       1304,                    33.976029181865556 , -50            ,   96.30723781388478 ,               13
Random       ,               5.0,   1100, CSG-f2   ,                 533,                  510,                 23,      1099,                      1553,                     5.0,         12,           201,            3838,                       1497,                    39.004689942678475 , -56            ,   96.39407598197039 ,               26
Random       ,               5.0,   1100, CGG      ,                 619,                  594,                 25,      1099,                      2519,                     5.0,         12,           201,            3838,                       1911,                    49.79155810317874  , -608           ,   75.8634378721715  ,               26
Random       ,              10.0,   2201, CSG-f1   ,                 869,                  832,                 37,      2196,                      2883,                     5.0,         12,           201,            3838,                       2814,                    73.31943720687858  , -69            ,   97.60665972944848 ,               15
Random       ,              10.0,   2201, CSG-f2   ,                 979,                  937,                 42,      2201,                      3095,                     5.0,         12,           201,            3838,                       2956,                    77.01928087545596  , -139           ,   95.50888529886915 ,               15
Random       ,              10.0,   2201, CGG      ,                 926,                  889,                 37,      2011,                      4039,                     5.0,         12,           201,            3838,                       3213,                    83.71547681083898  , -826           ,   79.54939341421144 ,               29
Random       ,              20.0,   4402, CSG-f1   ,                1495,                 1431,                 64,      4399,                      4012,                     5.0,         12,           201,            3838,                       3812,                    99.3225638353309   , -200           ,   95.0149551345962  ,                6
Random       ,              20.0,   4402, CSG-f2   ,                1620,                 1548,                 72,      4399,                      3963,                     5.0,         12,           201,            3838,                       3754,                    97.81136008337677  , -209           ,   94.72621751198587 ,                5
Random       ,              20.0,   4402, CGG      ,                 926,                  889,                 37,      2011,                      4039,                     5.0,         12,           201,            3838,                       3213,                    83.71547681083898  , -826           ,   79.54939341421144 ,               29
Degree       ,               1.0,    892, CSG-f1   ,                 117,                  110,                  7,       888,                       158,                     5.0,         12,           201,            3838,                        155,                     4.038561750911933 , -3             ,   98.10126582278481 ,                5
Degree       ,               1.0,    892, CSG-f2   ,                 209,                  200,                  9,       888,                       211,                     5.0,         12,           201,            3838,                        202,                     5.263157894736842 , -9             ,   95.73459715639811 ,                1
Degree       ,               1.0,    892, CGG      ,                 442,                  420,                 22,       891,                       555,                     5.0,         12,           201,            3838,                        504,                    13.131839499739447 , -51            ,   90.81081081081082 ,                5
Degree       ,               2.0,   1784, CSG-f1   ,                 177,                  167,                 10,      1766,                       368,                     5.0,         12,           201,            3838,                        346,                     9.015112037519541 , -22            ,   94.02173913043478 ,                6
Degree       ,               2.0,   1784, CSG-f2   ,                 261,                  249,                 12,      1781,                       264,                     5.0,         12,           201,            3838,                        255,                     6.644085461177697 , -9             ,   96.5909090909091  ,                3
Degree       ,               2.0,   1784, CGG      ,                 668,                  641,                 27,      1783,                       899,                     5.0,         12,           201,            3838,                        819,                    21.339239187076604 , -80            ,   91.10122358175751 ,                9
Degree       ,               5.0,   4462, CSG-f1   ,                 287,                  273,                 14,      4462,                       480,                     5.0,         12,           201,            3838,                        455,                    11.855132881709224 , -25            ,   94.79166666666666 ,                6
Degree       ,               5.0,   4462, CSG-f2   ,                 408,                  389,                 19,      4426,                       412,                     5.0,         12,           201,            3838,                        393,                    10.23970818134445  , -19            ,   95.3883495145631  ,                1
Degree       ,               5.0,   4462, CGG      ,                1100,                 1052,                 48,      4456,                      1411,                     5.0,         12,           201,            3838,                       1324,                    34.49713392391871  , -87            ,   93.83416017009213 ,                8
Degree       ,              10.0,   8924, CSG-f1   ,                 448,                  427,                 21,      8910,                       650,                     5.0,         12,           201,            3838,                        623,                    16.232412714955707 , -27            ,   95.84615384615385 ,                6
Degree       ,              10.0,   8924, CSG-f2   ,                 613,                  589,                 24,      8915,                       617,                     5.0,         12,           201,            3838,                        593,                    15.450755601875976 , -24            ,   96.11021069692059 ,                1
Degree       ,              10.0,   8924, CGG      ,                1539,                 1467,                 72,      8919,                      2405,                     5.0,         12,           201,            3838,                       2099,                    54.689942678478374 , -306           ,   87.27650727650727 ,               20
Degree       ,              20.0,  17848, CSG-f1   ,                 849,                  804,                 45,     17836,                      1853,                     5.0,         12,           201,            3838,                       1756,                    45.752996352266806 , -97            ,   94.76524554776039 ,                7
Degree       ,              20.0,  17848, CSG-f2   ,                1075,                 1028,                 47,     17802,                      1081,                     5.0,         12,           201,            3838,                       1034,                    26.941115164147995 , -47            ,   95.65217391304348 ,                1
Degree       ,              20.0,  17848, CGG      ,                1982,                 1886,                 96,     17817,                      3467,                     5.0,         12,           201,            3838,                       2705,                    70.4794163626889   , -762           ,   78.0213441015287  ,               17
Random       ,               1.0,    220, CSG-f1   ,                 146,                  138,                  8,       220,                       293,                     5.0,         13,           201,            3838,                        286,                     7.451797811360084 , -7             ,   97.61092150170649 ,                2
Random       ,               1.0,    220, CSG-f2   ,                 140,                  135,                  5,       219,                       224,                     5.0,         13,           201,            3838,                        223,                     5.810317873892652 , -1             ,   99.55357142857143 ,                2
Random       ,               1.0,    220, CGG      ,                 120,                  118,                  2,       220,                       588,                     5.0,         13,           201,            3838,                        552,                    14.382490880667016 , -36            ,   93.87755102040816 ,               13
Random       ,               2.0,    440, CSG-f1   ,                 252,                  237,                 15,       440,                       409,                     5.0,         13,           201,            3838,                        395,                    10.291818655549765 , -14            ,   96.57701711491443 ,                3
Random       ,               2.0,    440, CSG-f2   ,                 244,                  227,                 17,       438,                       366,                     5.0,         13,           201,            3838,                        353,                     9.197498697238144 , -13            ,   96.44808743169399 ,                2
Random       ,               2.0,    440, CGG      ,                 285,                  271,                 14,       440,                       882,                     5.0,         13,           201,            3838,                        797,                    20.766023970818136 , -85            ,   90.36281179138322 ,               13
Random       ,               5.0,   1100, CSG-f1   ,                 487,                  461,                 26,      1099,                      1354,                     5.0,         13,           201,            3838,                       1291,                    33.637311099531004 , -63            ,   95.34711964549483 ,               13
Random       ,               5.0,   1100, CSG-f2   ,                 533,                  504,                 29,      1099,                      1553,                     5.0,         13,           201,            3838,                       1350,                    35.17457008858781  , -203           ,   86.92852543464262 ,               18
Random       ,               5.0,   1100, CGG      ,                 619,                  587,                 32,      1099,                      2519,                     5.0,         13,           201,            3838,                       1719,                    44.78895257946847  , -800           ,   68.24136562127828 ,               23
Random       ,              10.0,   2201, CSG-f1   ,                 869,                  829,                 40,      2196,                      2883,                     5.0,         13,           201,            3838,                       2748,                    71.59979155810318  , -135           ,   95.31737773152965 ,               13
Random       ,              10.0,   2201, CSG-f2   ,                 979,                  931,                 48,      2201,                      3095,                     5.0,         13,           201,            3838,                       2860,                    74.51797811360083  , -235           ,   92.40710823909531 ,               13
Random       ,              10.0,   2201, CGG      ,                 926,                  874,                 52,      2011,                      4039,                     5.0,         13,           201,            3838,                       2671,                    69.59353830119855  , -1368          ,   66.13023025501363 ,               39
Random       ,              20.0,   4402, CSG-f1   ,                1495,                 1421,                 74,      4399,                      4012,                     5.0,         13,           201,            3838,                       3809,                    99.24439812402292  , -203           ,   94.94017946161516 ,                6
Random       ,              20.0,   4402, CSG-f2   ,                1620,                 1551,                 69,      4399,                      3963,                     5.0,         13,           201,            3838,                       3767,                    98.1500781657113   , -196           ,   95.05425182942216 ,                4
Random       ,              20.0,   4402, CGG      ,                 926,                  874,                 52,      2011,                      4039,                     5.0,         13,           201,            3838,                       2671,                    69.59353830119855  , -1368          ,   66.13023025501363 ,               39
Degree       ,               1.0,    892, CSG-f1   ,                 117,                  113,                  4,       888,                       158,                     5.0,         13,           201,            3838,                        157,                     4.090672225117249 , -1             ,   99.36708860759494 ,                6
Degree       ,               1.0,    892, CSG-f2   ,                 209,                  198,                 11,       888,                       211,                     5.0,         13,           201,            3838,                        200,                     5.211047420531527 , -11            ,   94.7867298578199  ,                1
Degree       ,               1.0,    892, CGG      ,                 442,                  424,                 18,       891,                       555,                     5.0,         13,           201,            3838,                        530,                    13.809275664408545 , -25            ,   95.4954954954955  ,               17
Degree       ,               2.0,   1784, CSG-f1   ,                 177,                  172,                  5,      1766,                       368,                     5.0,         13,           201,            3838,                        355,                     9.24960917144346  , -13            ,   96.46739130434783 ,                5
Degree       ,               2.0,   1784, CSG-f2   ,                 261,                  248,                 13,      1781,                       264,                     5.0,         13,           201,            3838,                        251,                     6.539864512767066 , -13            ,   95.07575757575758 ,                1
Degree       ,               2.0,   1784, CGG      ,                 668,                  639,                 29,      1783,                       899,                     5.0,         13,           201,            3838,                        804,                    20.94841063053674  , -95            ,   89.43270300333704 ,               17
Degree       ,               5.0,   4462, CSG-f1   ,                 287,                  275,                 12,      4462,                       480,                     5.0,         13,           201,            3838,                        460,                    11.985409067222513 , -20            ,   95.83333333333334 ,                5
Degree       ,               5.0,   4462, CSG-f2   ,                 408,                  388,                 20,      4426,                       412,                     5.0,         13,           201,            3838,                        392,                    10.213652944241792 , -20            ,   95.14563106796116 ,                2
Degree       ,               5.0,   4462, CGG      ,                1100,                 1054,                 46,      4456,                      1411,                     5.0,         13,           201,            3838,                       1311,                    34.15841584158416  , -100           ,   92.9128277817151  ,               17
Degree       ,              10.0,   8924, CSG-f1   ,                 448,                  428,                 20,      8910,                       650,                     5.0,         13,           201,            3838,                        624,                    16.258467952058364 , -26            ,   96.0              ,                5
Degree       ,              10.0,   8924, CSG-f2   ,                 613,                  582,                 31,      8915,                       617,                     5.0,         13,           201,            3838,                        586,                    15.268368942157373 , -31            ,   94.97568881685575 ,                2
Degree       ,              10.0,   8924, CGG      ,                1539,                 1474,                 65,      8919,                      2405,                     5.0,         13,           201,            3838,                       2159,                    56.25325690463783  , -246           ,   89.77130977130977 ,               18
Degree       ,              20.0,  17848, CSG-f1   ,                 849,                  812,                 37,     17836,                      1853,                     5.0,         13,           201,            3838,                       1759,                    45.83116206357477  , -94            ,   94.9271451699946  ,               10
Degree       ,              20.0,  17848, CSG-f2   ,                1075,                 1026,                 49,     17802,                      1081,                     5.0,         13,           201,            3838,                       1033,                    26.915059927045338 , -48            ,   95.55966697502313 ,                2
Degree       ,              20.0,  17848, CGG      ,                1982,                 1893,                 89,     17817,                      3467,                     5.0,         13,           201,            3838,                       2964,                    77.22772277227723  , -503           ,   85.49177963657341 ,               17
Random       ,               1.0,    220, CSG-f1   ,                 146,                  143,                  3,       220,                       293,                     5.0,         14,           201,            3838,                        286,                     7.451797811360084 , -7             ,   97.61092150170649 ,                4
Random       ,               1.0,    220, CSG-f2   ,                 140,                  138,                  2,       219,                       224,                     5.0,         14,           201,            3838,                        217,                     5.653986451276706 , -7             ,   96.875            ,                2
Random       ,               1.0,    220, CGG      ,                 120,                  114,                  6,       220,                       588,                     5.0,         14,           201,            3838,                        558,                    14.538822303282961 , -30            ,   94.89795918367348 ,                9
Random       ,               2.0,    440, CSG-f1   ,                 252,                  244,                  8,       440,                       409,                     5.0,         14,           201,            3838,                        396,                    10.317873892652424 , -13            ,   96.82151589242054 ,                4
Random       ,               2.0,    440, CSG-f2   ,                 244,                  236,                  8,       438,                       366,                     5.0,         14,           201,            3838,                        354,                     9.223553934340803 , -12            ,   96.72131147540983 ,                4
Random       ,               2.0,    440, CGG      ,                 285,                  272,                 13,       440,                       882,                     5.0,         14,           201,            3838,                        813,                    21.18290776446066  , -69            ,   92.17687074829932 ,                9
Random       ,               5.0,   1100, CSG-f1   ,                 487,                  466,                 21,      1099,                      1354,                     5.0,         14,           201,            3838,                       1288,                    33.55914538822303  , -66            ,   95.12555391432792 ,               17
Random       ,               5.0,   1100, CSG-f2   ,                 533,                  508,                 25,      1099,                      1553,                     5.0,         14,           201,            3838,                       1360,                    35.435122459614384 , -193           ,   87.5724404378622  ,               17
Random       ,               5.0,   1100, CGG      ,                 619,                  589,                 30,      1099,                      2519,                     5.0,         14,           201,            3838,                       1626,                    42.36581552892132  , -893           ,   64.54942437475188 ,               24
Random       ,              10.0,   2201, CSG-f1   ,                 869,                  832,                 37,      2196,                      2883,                     5.0,         14,           201,            3838,                       2730,                    71.13079729025534  , -153           ,   94.69302809573361 ,               13
Random       ,              10.0,   2201, CSG-f2   ,                 979,                  932,                 47,      2201,                      3095,                     5.0,         14,           201,            3838,                       2804,                    73.05888483585201  , -291           ,   90.59773828756057 ,               17
Random       ,              10.0,   2201, CGG      ,                 926,                  876,                 50,      2011,                      4039,                     5.0,         14,           201,            3838,                       2701,                    70.37519541427827  , -1338          ,   66.8729883634563  ,               35
Random       ,              20.0,   4402, CSG-f1   ,                1495,                 1422,                 73,      4399,                      4012,                     5.0,         14,           201,            3838,                       3802,                    99.06201146430432  , -210           ,   94.76570289132601 ,                6
Random       ,              20.0,   4402, CSG-f2   ,                1620,                 1540,                 80,      4399,                      3963,                     5.0,         14,           201,            3838,                       3767,                    98.1500781657113   , -196           ,   95.05425182942216 ,                5
Random       ,              20.0,   4402, CGG      ,                 926,                  876,                 50,      2011,                      4039,                     5.0,         14,           201,            3838,                       2701,                    70.37519541427827  , -1338          ,   66.8729883634563  ,               35
Degree       ,               1.0,    892, CSG-f1   ,                 117,                  112,                  5,       888,                       158,                     5.0,         14,           201,            3838,                        154,                     4.012506513809275 , -4             ,   97.46835443037975 ,                6
Degree       ,               1.0,    892, CSG-f2   ,                 209,                  196,                 13,       888,                       211,                     5.0,         14,           201,            3838,                        198,                     5.158936946326212 , -13            ,   93.8388625592417  ,                1
Degree       ,               1.0,    892, CGG      ,                 442,                  426,                 16,       891,                       555,                     5.0,         14,           201,            3838,                        534,                    13.913496612819177 , -21            ,   96.21621621621622 ,               16
Degree       ,               2.0,   1784, CSG-f1   ,                 177,                  168,                  9,      1766,                       368,                     5.0,         14,           201,            3838,                        355,                     9.24960917144346  , -13            ,   96.46739130434783 ,                6
Degree       ,               2.0,   1784, CSG-f2   ,                 261,                  247,                 14,      1781,                       264,                     5.0,         14,           201,            3838,                        250,                     6.513809275664409 , -14            ,   94.6969696969697  ,                1
Degree       ,               2.0,   1784, CGG      ,                 668,                  645,                 23,      1783,                       899,                     5.0,         14,           201,            3838,                        864,                    22.511724856696198 , -35            ,   96.1067853170189  ,               16
Degree       ,               5.0,   4462, CSG-f1   ,                 287,                  272,                 15,      4462,                       480,                     5.0,         14,           201,            3838,                        461,                    12.011464304325168 , -19            ,   96.04166666666667 ,                6
Degree       ,               5.0,   4462, CSG-f2   ,                 408,                  384,                 24,      4426,                       412,                     5.0,         14,           201,            3838,                        388,                    10.109431995831162 , -24            ,   94.1747572815534  ,                2
Degree       ,               5.0,   4462, CGG      ,                1100,                 1054,                 46,      4456,                      1411,                     5.0,         14,           201,            3838,                       1340,                    34.91401771756123  , -71            ,   94.96810772501772 ,               16
Degree       ,              10.0,   8924, CSG-f1   ,                 448,                  427,                 21,      8910,                       650,                     5.0,         14,           201,            3838,                        630,                    16.41479937467431  , -20            ,   96.92307692307692 ,                6
Degree       ,              10.0,   8924, CSG-f2   ,                 613,                  579,                 34,      8915,                       617,                     5.0,         14,           201,            3838,                        583,                    15.1902032308494   , -34            ,   94.48946515397083 ,                2
Degree       ,              10.0,   8924, CGG      ,                1539,                 1467,                 72,      8919,                      2405,                     5.0,         14,           201,            3838,                       2137,                    55.68004168837937  , -268           ,   88.85654885654886 ,               29
Degree       ,              20.0,  17848, CSG-f1   ,                 849,                  798,                 51,     17836,                      1853,                     5.0,         14,           201,            3838,                       1755,                    45.72694111516415  , -98            ,   94.71127900701565 ,                7
Degree       ,              20.0,  17848, CSG-f2   ,                1075,                 1014,                 61,     17802,                      1081,                     5.0,         14,           201,            3838,                       1020,                    26.57634184471079  , -61            ,   94.35707678075855 ,                2
Degree       ,              20.0,  17848, CGG      ,                1982,                 1888,                 94,     17817,                      3467,                     5.0,         14,           201,            3838,                       2976,                    77.54038561750912  , -491           ,   85.83790020190366 ,               21
Random       ,               1.0,    220, CSG-f1   ,                 146,                  144,                  2,       220,                       293,                     5.0,         15,           201,            3838,                        298,                     7.764460656591974 , 5              ,  101.70648464163823 ,                5
Random       ,               1.0,    220, CSG-f2   ,                 140,                  137,                  3,       219,                       224,                     5.0,         15,           201,            3838,                        217,                     5.653986451276706 , -7             ,   96.875            ,                2
Random       ,               1.0,    220, CGG      ,                 120,                  115,                  5,       220,                       588,                     5.0,         15,           201,            3838,                        531,                    13.835330901511202 , -57            ,   90.3061224489796  ,                9
Random       ,               2.0,    440, CSG-f1   ,                 252,                  249,                  3,       440,                       409,                     5.0,         15,           201,            3838,                        414,                    10.78686816050026  , 5              ,  101.22249388753055 ,                5
Random       ,               2.0,    440, CSG-f2   ,                 244,                  241,                  3,       438,                       366,                     5.0,         15,           201,            3838,                        363,                     9.458051068264721 , -3             ,   99.18032786885246 ,                2
Random       ,               2.0,    440, CGG      ,                 285,                  272,                 13,       440,                       882,                     5.0,         15,           201,            3838,                        761,                    19.82803543512246  , -121           ,   86.28117913832199 ,                9
Random       ,               5.0,   1100, CSG-f1   ,                 487,                  471,                 16,      1099,                      1354,                     5.0,         15,           201,            3838,                       1428,                    37.2068785825951   , 74             ,  105.46528803545053 ,               24
Random       ,               5.0,   1100, CSG-f2   ,                 533,                  519,                 14,      1099,                      1553,                     5.0,         15,           201,            3838,                       1300,                    33.87180823345493  , -253           ,   83.70895041854475 ,               22
Random       ,               5.0,   1100, CGG      ,                 619,                  596,                 23,      1099,                      2519,                     5.0,         15,           201,            3838,                       1608,                    41.89682126107348  , -911           ,   63.834855101230644,               23
Random       ,              10.0,   2201, CSG-f1   ,                 869,                  827,                 42,      2196,                      2883,                     5.0,         15,           201,            3838,                       2789,                    72.66805627931214  , -94            ,   96.73950745750955 ,               21
Random       ,              10.0,   2201, CSG-f2   ,                 979,                  934,                 45,      2201,                      3095,                     5.0,         15,           201,            3838,                       2842,                    74.04898384575299  , -253           ,   91.82552504038772 ,               15
Random       ,              10.0,   2201, CGG      ,                 926,                  889,                 37,      2011,                      4039,                     5.0,         15,           201,            3838,                       2969,                    77.35799895779051  , -1070          ,   73.50829413221093 ,               33
Random       ,              20.0,   4402, CSG-f1   ,                1495,                 1425,                 70,      4399,                      4012,                     5.0,         15,           201,            3838,                       3808,                    99.21834288692027  , -204           ,   94.91525423728814 ,                5
Random       ,              20.0,   4402, CSG-f2   ,                1620,                 1542,                 78,      4399,                      3963,                     5.0,         15,           201,            3838,                       3741,                    97.4726420010422   , -222           ,   94.39818319454957 ,                4
Random       ,              20.0,   4402, CGG      ,                 926,                  889,                 37,      2011,                      4039,                     5.0,         15,           201,            3838,                       2969,                    77.35799895779051  , -1070          ,   73.50829413221093 ,               33
Degree       ,               1.0,    892, CSG-f1   ,                 117,                  109,                  8,       888,                       158,                     5.0,         15,           201,            3838,                        146,                     3.804064616988015 , -12            ,   92.40506329113924 ,                3
Degree       ,               1.0,    892, CSG-f2   ,                 209,                  200,                  9,       888,                       211,                     5.0,         15,           201,            3838,                        202,                     5.263157894736842 , -9             ,   95.73459715639811 ,                1
Degree       ,               1.0,    892, CGG      ,                 442,                  422,                 20,       891,                       555,                     5.0,         15,           201,            3838,                        529,                    13.78322042730589  , -26            ,   95.31531531531532 ,               13
Degree       ,               2.0,   1784, CSG-f1   ,                 177,                  168,                  9,      1766,                       368,                     5.0,         15,           201,            3838,                        344,                     8.963001563314227 , -24            ,   93.47826086956522 ,                6
Degree       ,               2.0,   1784, CSG-f2   ,                 261,                  251,                 10,      1781,                       264,                     5.0,         15,           201,            3838,                        255,                     6.644085461177697 , -9             ,   96.5909090909091  ,                1
Degree       ,               2.0,   1784, CGG      ,                 668,                  633,                 35,      1783,                       899,                     5.0,         15,           201,            3838,                        818,                    21.313183949973943 , -81            ,   90.98998887652948 ,               13
Degree       ,               5.0,   4462, CSG-f1   ,                 287,                  273,                 14,      4462,                       480,                     5.0,         15,           201,            3838,                        451,                    11.750911933298593 , -29            ,   93.95833333333333 ,                6
Degree       ,               5.0,   4462, CSG-f2   ,                 408,                  392,                 16,      4426,                       412,                     5.0,         15,           201,            3838,                        397,                    10.34392912975508  , -15            ,   96.35922330097088 ,                2
Degree       ,               5.0,   4462, CGG      ,                1100,                 1046,                 54,      4456,                      1411,                     5.0,         15,           201,            3838,                       1323,                    34.47107868681605  , -88            ,   93.76328844790929 ,               13
Degree       ,              10.0,   8924, CSG-f1   ,                 448,                  427,                 21,      8910,                       650,                     5.0,         15,           201,            3838,                        616,                    16.0500260552371   , -34            ,   94.76923076923077 ,                6
Degree       ,              10.0,   8924, CSG-f2   ,                 613,                  586,                 27,      8915,                       617,                     5.0,         15,           201,            3838,                        591,                    15.398645127670662 , -26            ,   95.78606158833063 ,                2
Degree       ,              10.0,   8924, CGG      ,                1539,                 1461,                 78,      8919,                      2405,                     5.0,         15,           201,            3838,                       2131,                    55.52371026576341  , -274           ,   88.60706860706861 ,               29
Degree       ,              20.0,  17848, CSG-f1   ,                 849,                  809,                 40,     17836,                      1853,                     5.0,         15,           201,            3838,                       1761,                    45.883272537780094 , -92            ,   95.03507825148408 ,               10
Degree       ,              20.0,  17848, CSG-f2   ,                1075,                 1023,                 52,     17802,                      1081,                     5.0,         15,           201,            3838,                       1030,                    26.83689421573736  , -51            ,   95.28214616096207 ,                2
Degree       ,              20.0,  17848, CGG      ,                1982,                 1884,                 98,     17817,                      3467,                     5.0,         15,           201,            3838,                       3035,                    79.07764460656593  , -432           ,   87.53965964811076 ,               37
Random       ,               1.0,    220, CSG-f1   ,                 146,                  139,                  7,       220,                       293,                     5.0,         16,           201,            3838,                        288,                     7.503908285565399 , -5             ,   98.29351535836177 ,                2
Random       ,               1.0,    220, CSG-f2   ,                 140,                  133,                  7,       219,                       224,                     5.0,         16,           201,            3838,                        222,                     5.784262636789995 , -2             ,   99.10714285714286 ,                2
Random       ,               1.0,    220, CGG      ,                 120,                  111,                  9,       220,                       588,                     5.0,         16,           201,            3838,                        481,                    12.532569046378322 , -107           ,   81.80272108843538 ,                9
Random       ,               2.0,    440, CSG-f1   ,                 252,                  238,                 14,       440,                       409,                     5.0,         16,           201,            3838,                        394,                    10.265763418447108 , -15            ,   96.33251833740832 ,                2
Random       ,               2.0,    440, CSG-f2   ,                 244,                  231,                 13,       438,                       366,                     5.0,         16,           201,            3838,                        357,                     9.301719645648776 , -9             ,   97.54098360655738 ,                2
Random       ,               2.0,    440, CGG      ,                 285,                  262,                 23,       440,                       882,                     5.0,         16,           201,            3838,                        724,                    18.86399166232413  , -158           ,   82.08616780045351 ,                9
Random       ,               5.0,   1100, CSG-f1   ,                 487,                  461,                 26,      1099,                      1354,                     5.0,         16,           201,            3838,                       1077,                    28.061490359562274 , -277           ,   79.54209748892171 ,               11
Random       ,               5.0,   1100, CSG-f2   ,                 533,                  503,                 30,      1099,                      1553,                     5.0,         16,           201,            3838,                       1297,                    33.793642522146946 , -256           ,   83.51577591757888 ,               35
Random       ,               5.0,   1100, CGG      ,                 619,                  583,                 36,      1099,                      2519,                     5.0,         16,           201,            3838,                       1389,                    36.190724335591455 , -1130          ,   55.14092894005558 ,               21
Random       ,              10.0,   2201, CSG-f1   ,                 869,                  817,                 52,      2196,                      2883,                     5.0,         16,           201,            3838,                       2784,                    72.53778009379886  , -99            ,   96.56607700312175 ,               20
Random       ,              10.0,   2201, CSG-f2   ,                 979,                  922,                 57,      2201,                      3095,                     5.0,         16,           201,            3838,                       2829,                    73.71026576341845  , -266           ,   91.40549273021001 ,               16
Random       ,              10.0,   2201, CGG      ,                 926,                  876,                 50,      2011,                      4039,                     5.0,         16,           201,            3838,                       2515,                    65.52892131318396  , -1524          ,   62.26788809111166 ,               42
Random       ,              20.0,   4402, CSG-f1   ,                1495,                 1424,                 71,      4399,                      4012,                     5.0,         16,           201,            3838,                       3797,                    98.93173527879104  , -215           ,   94.64107676969093 ,                5
Random       ,              20.0,   4402, CSG-f2   ,                1620,                 1537,                 83,      4399,                      3963,                     5.0,         16,           201,            3838,                       3746,                    97.6029181865555   , -217           ,   94.52435023971738 ,                4
Random       ,              20.0,   4402, CGG      ,                 926,                  876,                 50,      2011,                      4039,                     5.0,         16,           201,            3838,                       2515,                    65.52892131318396  , -1524          ,   62.26788809111166 ,               42
Degree       ,               1.0,    892, CSG-f1   ,                 117,                  106,                 11,       888,                       158,                     5.0,         16,           201,            3838,                        147,                     3.8301198540906722, -11            ,   93.0379746835443  ,                4
Degree       ,               1.0,    892, CSG-f2   ,                 209,                  202,                  7,       888,                       211,                     5.0,         16,           201,            3838,                        208,                     5.419489317352788 , -3             ,   98.5781990521327  ,                3
Degree       ,               1.0,    892, CGG      ,                 442,                  424,                 18,       891,                       555,                     5.0,         16,           201,            3838,                        497,                    12.949452840020845 , -58            ,   89.54954954954954 ,                3
Degree       ,               2.0,   1784, CSG-f1   ,                 177,                  163,                 14,      1766,                       368,                     5.0,         16,           201,            3838,                        351,                     9.14538822303283  , -17            ,   95.38043478260869 ,                6
Degree       ,               2.0,   1784, CSG-f2   ,                 261,                  251,                 10,      1781,                       264,                     5.0,         16,           201,            3838,                        259,                     6.748306409588327 , -5             ,   98.10606060606061 ,                3
Degree       ,               2.0,   1784, CGG      ,                 668,                  635,                 33,      1783,                       899,                     5.0,         16,           201,            3838,                        780,                    20.323084940072956 , -119           ,   86.76307007786428 ,                9
Degree       ,               5.0,   4462, CSG-f1   ,                 287,                  268,                 19,      4462,                       480,                     5.0,         16,           201,            3838,                        459,                    11.959353830119854 , -21            ,   95.625            ,                6
Degree       ,               5.0,   4462, CSG-f2   ,                 408,                  390,                 18,      4426,                       412,                     5.0,         16,           201,            3838,                        399,                    10.396039603960396 , -13            ,   96.84466019417476 ,                3
Degree       ,               5.0,   4462, CGG      ,                1100,                 1048,                 52,      4456,                      1411,                     5.0,         16,           201,            3838,                       1274,                    33.194372068785825 , -137           ,   90.29057406094968 ,                7
Degree       ,              10.0,   8924, CSG-f1   ,                 448,                  423,                 25,      8910,                       650,                     5.0,         16,           201,            3838,                        626,                    16.310578426263678 , -24            ,   96.3076923076923  ,                6
Degree       ,              10.0,   8924, CSG-f2   ,                 613,                  583,                 30,      8915,                       617,                     5.0,         16,           201,            3838,                        593,                    15.450755601875976 , -24            ,   96.11021069692059 ,                3
Degree       ,              10.0,   8924, CGG      ,                1539,                 1467,                 72,      8919,                      2405,                     5.0,         16,           201,            3838,                       2051,                    53.43929129755081  , -354           ,   85.28066528066527 ,               27
Degree       ,              20.0,  17848, CSG-f1   ,                 849,                  802,                 47,     17836,                      1853,                     5.0,         16,           201,            3838,                       1755,                    45.72694111516415  , -98            ,   94.71127900701565 ,                6
Degree       ,              20.0,  17848, CSG-f2   ,                1075,                 1019,                 56,     17802,                      1081,                     5.0,         16,           201,            3838,                       1031,                    26.862949452840017 , -50            ,   95.37465309898242 ,                3
Degree       ,              20.0,  17848, CGG      ,                1982,                 1881,                101,     17817,                      3467,                     5.0,         16,           201,            3838,                       2885,                    75.16935904116727  , -582           ,   83.21315258148255 ,               22
Random       ,               1.0,    220, CSG-f1   ,                 146,                  139,                  7,       220,                       293,                     5.0,         17,           201,            3838,                        279,                     7.2694111516414806, -14            ,   95.22184300341297 ,                4
Random       ,               1.0,    220, CSG-f2   ,                 140,                  133,                  7,       219,                       224,                     5.0,         17,           201,            3838,                        221,                     5.758207399687337 , -3             ,   98.66071428571429 ,                2
Random       ,               1.0,    220, CGG      ,                 120,                  117,                  3,       220,                       588,                     5.0,         17,           201,            3838,                        520,                    13.54872329338197  , -68            ,   88.43537414965986 ,                9
Random       ,               2.0,    440, CSG-f1   ,                 252,                  243,                  9,       440,                       409,                     5.0,         17,           201,            3838,                        397,                    10.34392912975508  , -12            ,   97.06601466992664 ,                4
Random       ,               2.0,    440, CSG-f2   ,                 244,                  234,                 10,       438,                       366,                     5.0,         17,           201,            3838,                        353,                     9.197498697238144 , -13            ,   96.44808743169399 ,                4
Random       ,               2.0,    440, CGG      ,                 285,                  276,                  9,       440,                       882,                     5.0,         17,           201,            3838,                        772,                    20.114643043251693 , -110           ,   87.52834467120182 ,                9
Random       ,               5.0,   1100, CSG-f1   ,                 487,                  467,                 20,      1099,                      1354,                     5.0,         17,           201,            3838,                       1235,                    32.17821782178218  , -119           ,   91.21122599704579 ,               23
Random       ,               5.0,   1100, CSG-f2   ,                 533,                  511,                 22,      1099,                      1553,                     5.0,         17,           201,            3838,                       1283,                    33.42886920270974  , -270           ,   82.61429491307148 ,               20
Random       ,               5.0,   1100, CGG      ,                 619,                  598,                 21,      1099,                      2519,                     5.0,         17,           201,            3838,                       1750,                    45.596664929650856 , -769           ,   69.47201270345376 ,               28
Random       ,              10.0,   2201, CSG-f1   ,                 869,                  834,                 35,      2196,                      2883,                     5.0,         17,           201,            3838,                       2810,                    73.21521625846795  , -73            ,   97.46791536593827 ,               17
Random       ,              10.0,   2201, CSG-f2   ,                 979,                  940,                 39,      2201,                      3095,                     5.0,         17,           201,            3838,                       2940,                    76.60239708181345  , -155           ,   94.9919224555735  ,               15
Random       ,              10.0,   2201, CGG      ,                 926,                  893,                 33,      2011,                      4039,                     5.0,         17,           201,            3838,                       3305,                    86.11255862428348  , -734           ,   81.82718494676901 ,               36
Random       ,              20.0,   4402, CSG-f1   ,                1495,                 1430,                 65,      4399,                      4012,                     5.0,         17,           201,            3838,                       3797,                    98.93173527879104  , -215           ,   94.64107676969093 ,                5
Random       ,              20.0,   4402, CSG-f2   ,                1620,                 1548,                 72,      4399,                      3963,                     5.0,         17,           201,            3838,                       3748,                    97.6550286607608   , -215           ,   94.57481705778451 ,                6
Random       ,              20.0,   4402, CGG      ,                 926,                  893,                 33,      2011,                      4039,                     5.0,         17,           201,            3838,                       3305,                    86.11255862428348  , -734           ,   81.82718494676901 ,               36
Degree       ,               1.0,    892, CSG-f1   ,                 117,                  112,                  5,       888,                       158,                     5.0,         17,           201,            3838,                        160,                     4.168837936425222 , 2              ,  101.26582278481013 ,                6
Degree       ,               1.0,    892, CSG-f2   ,                 209,                  204,                  5,       888,                       211,                     5.0,         17,           201,            3838,                        209,                     5.445544554455446 , -2             ,   99.0521327014218  ,                2
Degree       ,               1.0,    892, CGG      ,                 442,                  419,                 23,       891,                       555,                     5.0,         17,           201,            3838,                        523,                    13.626889004689943 , -32            ,   94.23423423423424 ,               11
Degree       ,               2.0,   1784, CSG-f1   ,                 177,                  171,                  6,      1766,                       368,                     5.0,         17,           201,            3838,                        358,                     9.327774882751433 , -10            ,   97.28260869565217 ,                5
Degree       ,               2.0,   1784, CSG-f2   ,                 261,                  250,                 11,      1781,                       264,                     5.0,         17,           201,            3838,                        256,                     6.6701406982803535, -8             ,   96.96969696969697 ,                2
Degree       ,               2.0,   1784, CGG      ,                 668,                  631,                 37,      1783,                       899,                     5.0,         17,           201,            3838,                        831,                    21.65190203230849  , -68            ,   92.43604004449388 ,               11
Degree       ,               5.0,   4462, CSG-f1   ,                 287,                  274,                 13,      4462,                       480,                     5.0,         17,           201,            3838,                        465,                    12.1156852527358   , -15            ,   96.875            ,                5
Degree       ,               5.0,   4462, CSG-f2   ,                 408,                  391,                 17,      4426,                       412,                     5.0,         17,           201,            3838,                        398,                    10.36998436685774  , -14            ,   96.60194174757282 ,                2
Degree       ,               5.0,   4462, CGG      ,                1100,                 1046,                 54,      4456,                      1411,                     5.0,         17,           201,            3838,                       1326,                    34.549244398124024 , -85            ,   93.97590361445783 ,               11
Degree       ,              10.0,   8924, CSG-f1   ,                 448,                  426,                 22,      8910,                       650,                     5.0,         17,           201,            3838,                        625,                    16.28452318916102  , -25            ,   96.15384615384616 ,                5
Degree       ,              10.0,   8924, CSG-f2   ,                 613,                  586,                 27,      8915,                       617,                     5.0,         17,           201,            3838,                        595,                    15.502866076081293 , -22            ,   96.43435980551054 ,                2
Degree       ,              10.0,   8924, CGG      ,                1539,                 1463,                 76,      8919,                      2405,                     5.0,         17,           201,            3838,                       2093,                    54.533611255862425 , -312           ,   87.02702702702703 ,               30
Degree       ,              20.0,  17848, CSG-f1   ,                 849,                  811,                 38,     17836,                      1853,                     5.0,         17,           201,            3838,                       1767,                    46.03960396039604  , -86            ,   95.35887749595251 ,                7
Degree       ,              20.0,  17848, CSG-f2   ,                1075,                 1016,                 59,     17802,                      1081,                     5.0,         17,           201,            3838,                       1030,                    26.83689421573736  , -51            ,   95.28214616096207 ,                3
Degree       ,              20.0,  17848, CGG      ,                1982,                 1878,                104,     17817,                      3467,                     5.0,         17,           201,            3838,                       2938,                    76.55028660760813  , -529           ,   84.74185174502452 ,               26
Random       ,               1.0,    220, CSG-f1   ,                 146,                  137,                  9,       220,                       293,                     5.0,         18,           201,            3838,                        302,                     7.868681605002606 , 9              ,  103.0716723549488  ,                4
Random       ,               1.0,    220, CSG-f2   ,                 140,                  133,                  7,       219,                       224,                     5.0,         18,           201,            3838,                        229,                     5.966649296508598 , 5              ,  102.23214285714286 ,                4
Random       ,               1.0,    220, CGG      ,                 120,                  113,                  7,       220,                       588,                     5.0,         18,           201,            3838,                        563,                    14.669098488796248 , -25            ,   95.74829931972789 ,               13
Random       ,               2.0,    440, CSG-f1   ,                 252,                  236,                 16,       440,                       409,                     5.0,         18,           201,            3838,                        410,                    10.68264721208963  , 1              ,  100.24449877750612 ,                4
Random       ,               2.0,    440, CSG-f2   ,                 244,                  226,                 18,       438,                       366,                     5.0,         18,           201,            3838,                        368,                     9.58832725377801  , 2              ,  100.5464480874317  ,                4
Random       ,               2.0,    440, CGG      ,                 285,                  267,                 18,       440,                       882,                     5.0,         18,           201,            3838,                        794,                    20.68785825951016  , -88            ,   90.02267573696146 ,               13
Random       ,               5.0,   1100, CSG-f1   ,                 487,                  458,                 29,      1099,                      1354,                     5.0,         18,           201,            3838,                       1277,                    33.2725377800938   , -77            ,   94.31314623338257 ,               14
Random       ,               5.0,   1100, CSG-f2   ,                 533,                  497,                 36,      1099,                      1553,                     5.0,         18,           201,            3838,                       1304,                    33.976029181865556 , -249           ,   83.96651641983259 ,               32
Random       ,               5.0,   1100, CGG      ,                 619,                  580,                 39,      1099,                      2519,                     5.0,         18,           201,            3838,                       1702,                    44.34601354872329  , -817           ,   67.56649464073044 ,               41
Random       ,              10.0,   2201, CSG-f1   ,                 869,                  819,                 50,      2196,                      2883,                     5.0,         18,           201,            3838,                       2671,                    69.59353830119855  , -212           ,   92.64654873395767 ,               12
Random       ,              10.0,   2201, CSG-f2   ,                 979,                  924,                 55,      2201,                      3095,                     5.0,         18,           201,            3838,                       2793,                    72.77227722772277  , -302           ,   90.24232633279483 ,               14
Random       ,              10.0,   2201, CGG      ,                 926,                  871,                 55,      2011,                      4039,                     5.0,         18,           201,            3838,                       2746,                    71.54768108389786  , -1293          ,   67.98712552612032 ,               33
Random       ,              20.0,   4402, CSG-f1   ,                1495,                 1414,                 81,      4399,                      4012,                     5.0,         18,           201,            3838,                       3809,                    99.24439812402292  , -203           ,   94.94017946161516 ,                5
Random       ,              20.0,   4402, CSG-f2   ,                1620,                 1538,                 82,      4399,                      3963,                     5.0,         18,           201,            3838,                       3761,                    97.99374674309537  , -202           ,   94.90285137522079 ,                5
Random       ,              20.0,   4402, CGG      ,                 926,                  871,                 55,      2011,                      4039,                     5.0,         18,           201,            3838,                       2746,                    71.54768108389786  , -1293          ,   67.98712552612032 ,               33
Degree       ,               1.0,    892, CSG-f1   ,                 117,                  116,                  1,       888,                       158,                     5.0,         18,           201,            3838,                        168,                     4.377279833246483 , 10             ,  106.32911392405062 ,                6
Degree       ,               1.0,    892, CSG-f2   ,                 209,                  200,                  9,       888,                       211,                     5.0,         18,           201,            3838,                        203,                     5.2892131318395   , -8             ,   96.2085308056872  ,                1
Degree       ,               1.0,    892, CGG      ,                 442,                  423,                 19,       891,                       555,                     5.0,         18,           201,            3838,                        524,                    13.6529442417926   , -31            ,   94.41441441441441 ,               13
Degree       ,               2.0,   1784, CSG-f1   ,                 177,                  173,                  4,      1766,                       368,                     5.0,         18,           201,            3838,                        359,                     9.353830119854091 , -9             ,   97.55434782608695 ,                6
Degree       ,               2.0,   1784, CSG-f2   ,                 261,                  250,                 11,      1781,                       264,                     5.0,         18,           201,            3838,                        254,                     6.618030224075039 , -10            ,   96.21212121212122 ,                1
Degree       ,               2.0,   1784, CGG      ,                 668,                  640,                 28,      1783,                       899,                     5.0,         18,           201,            3838,                        835,                    21.756122980719127 , -64            ,   92.88097886540601 ,               13
Degree       ,               5.0,   4462, CSG-f1   ,                 287,                  279,                  8,      4462,                       480,                     5.0,         18,           201,            3838,                        467,                    12.167795726941115 , -13            ,   97.29166666666667 ,                6
Degree       ,               5.0,   4462, CSG-f2   ,                 408,                  388,                 20,      4426,                       412,                     5.0,         18,           201,            3838,                        393,                    10.23970818134445  , -19            ,   95.3883495145631  ,                2
Degree       ,               5.0,   4462, CGG      ,                1100,                 1056,                 44,      4456,                      1411,                     5.0,         18,           201,            3838,                       1333,                    34.73163105784263  , -78            ,   94.47200566973778 ,               13
Degree       ,              10.0,   8924, CSG-f1   ,                 448,                  433,                 15,      8910,                       650,                     5.0,         18,           201,            3838,                        632,                    16.466909848879624 , -18            ,   97.23076923076923 ,                6
Degree       ,              10.0,   8924, CSG-f2   ,                 613,                  586,                 27,      8915,                       617,                     5.0,         18,           201,            3838,                        592,                    15.424700364773319 , -25            ,   95.9481361426256  ,                2
Degree       ,              10.0,   8924, CGG      ,                1539,                 1475,                 64,      8919,                      2405,                     5.0,         18,           201,            3838,                       2167,                    56.46169880145909  , -238           ,   90.1039501039501  ,               22
Degree       ,              20.0,  17848, CSG-f1   ,                 849,                  813,                 36,     17836,                      1853,                     5.0,         18,           201,            3838,                       1774,                    46.221990620114646 , -79            ,   95.73664328116568 ,                7
Degree       ,              20.0,  17848, CSG-f2   ,                1075,                 1021,                 54,     17802,                      1081,                     5.0,         18,           201,            3838,                       1030,                    26.83689421573736  , -51            ,   95.28214616096207 ,                2
Degree       ,              20.0,  17848, CGG      ,                1982,                 1884,                 98,     17817,                      3467,                     5.0,         18,           201,            3838,                       3017,                    78.60865033871808  , -450           ,   87.02047880011537 ,               24
Random       ,               1.0,    220, CSG-f1   ,                 146,                  137,                  9,       220,                       293,                     5.0,         19,           201,            3838,                        274,                     7.139134966128191 , -19            ,   93.51535836177474 ,                2
Random       ,               1.0,    220, CSG-f2   ,                 140,                  132,                  8,       219,                       224,                     5.0,         19,           201,            3838,                        216,                     5.627931214174049 , -8             ,   96.42857142857143 ,                2
Random       ,               1.0,    220, CGG      ,                 120,                  114,                  6,       220,                       588,                     5.0,         19,           201,            3838,                        503,                    13.10578426263679  , -85            ,   85.54421768707483 ,                9
Random       ,               2.0,    440, CSG-f1   ,                 252,                  240,                 12,       440,                       409,                     5.0,         19,           201,            3838,                        388,                    10.109431995831162 , -21            ,   94.86552567237165 ,                3
Random       ,               2.0,    440, CSG-f2   ,                 244,                  232,                 12,       438,                       366,                     5.0,         19,           201,            3838,                        343,                     8.936946326211569 , -23            ,   93.71584699453553 ,                2
Random       ,               2.0,    440, CGG      ,                 285,                  269,                 16,       440,                       882,                     5.0,         19,           201,            3838,                        726,                    18.916102136529442 , -156           ,   82.31292517006803 ,                9
Random       ,               5.0,   1100, CSG-f1   ,                 487,                  464,                 23,      1099,                      1354,                     5.0,         19,           201,            3838,                       1271,                    33.11620635747785  , -83            ,   93.87001477104874 ,               16
Random       ,               5.0,   1100, CSG-f2   ,                 533,                  507,                 26,      1099,                      1553,                     5.0,         19,           201,            3838,                       1107,                    28.843147472642    , -446           ,   71.28139085640696 ,               23
Random       ,               5.0,   1100, CGG      ,                 619,                  585,                 34,      1099,                      2519,                     5.0,         19,           201,            3838,                       1418,                    36.946326211568525 , -1101          ,   56.29217943628424 ,               17
Random       ,              10.0,   2201, CSG-f1   ,                 869,                  821,                 48,      2196,                      2883,                     5.0,         19,           201,            3838,                       2807,                    73.13705054715997  , -76            ,   97.36385709330558 ,               18
Random       ,              10.0,   2201, CSG-f2   ,                 979,                  932,                 47,      2201,                      3095,                     5.0,         19,           201,            3838,                       2943,                    76.68056279312142  , -152           ,   95.08885298869144 ,               19
Random       ,              10.0,   2201, CGG      ,                 926,                  879,                 47,      2011,                      4039,                     5.0,         19,           201,            3838,                       2086,                    54.35122459614382  , -1953          ,   51.64644714038128 ,               19
Random       ,              20.0,   4402, CSG-f1   ,                1495,                 1414,                 81,      4399,                      4012,                     5.0,         19,           201,            3838,                       3809,                    99.24439812402292  , -203           ,   94.94017946161516 ,                7
Random       ,              20.0,   4402, CSG-f2   ,                1620,                 1532,                 88,      4399,                      3963,                     5.0,         19,           201,            3838,                       3764,                    98.07191245440333  , -199           ,   94.97855160232147 ,                6
Random       ,              20.0,   4402, CGG      ,                 926,                  879,                 47,      2011,                      4039,                     5.0,         19,           201,            3838,                       2086,                    54.35122459614382  , -1953          ,   51.64644714038128 ,               19
Degree       ,               1.0,    892, CSG-f1   ,                 117,                  113,                  4,       888,                       158,                     5.0,         19,           201,            3838,                        159,                     4.142782699322564 , 1              ,  100.63291139240506 ,                4
Degree       ,               1.0,    892, CSG-f2   ,                 209,                  199,                 10,       888,                       211,                     5.0,         19,           201,            3838,                        204,                     5.315268368942157 , -7             ,   96.6824644549763  ,                1
Degree       ,               1.0,    892, CGG      ,                 442,                  420,                 22,       891,                       555,                     5.0,         19,           201,            3838,                        529,                    13.78322042730589  , -26            ,   95.31531531531532 ,               14
Degree       ,               2.0,   1784, CSG-f1   ,                 177,                  167,                 10,      1766,                       368,                     5.0,         19,           201,            3838,                        351,                     9.14538822303283  , -17            ,   95.38043478260869 ,                5
Degree       ,               2.0,   1784, CSG-f2   ,                 261,                  251,                 10,      1781,                       264,                     5.0,         19,           201,            3838,                        257,                     6.696195935383012 , -7             ,   97.34848484848484 ,                1
Degree       ,               2.0,   1784, CGG      ,                 668,                  634,                 34,      1783,                       899,                     5.0,         19,           201,            3838,                        819,                    21.339239187076604 , -80            ,   91.10122358175751 ,               14
Degree       ,               5.0,   4462, CSG-f1   ,                 287,                  265,                 22,      4462,                       480,                     5.0,         19,           201,            3838,                        451,                    11.750911933298593 , -29            ,   93.95833333333333 ,                5
Degree       ,               5.0,   4462, CSG-f2   ,                 408,                  389,                 19,      4426,                       412,                     5.0,         19,           201,            3838,                        396,                    10.317873892652424 , -16            ,   96.11650485436894 ,                2
Degree       ,               5.0,   4462, CGG      ,                1100,                 1041,                 59,      4456,                      1411,                     5.0,         19,           201,            3838,                       1315,                    34.26263678999479  , -96            ,   93.19631467044648 ,               14
Degree       ,              10.0,   8924, CSG-f1   ,                 448,                  418,                 30,      8910,                       650,                     5.0,         19,           201,            3838,                        616,                    16.0500260552371   , -34            ,   94.76923076923077 ,                5
Degree       ,              10.0,   8924, CSG-f2   ,                 613,                  587,                 26,      8915,                       617,                     5.0,         19,           201,            3838,                        594,                    15.476810838978636 , -23            ,   96.27228525121556 ,                2
Degree       ,              10.0,   8924, CGG      ,                1539,                 1455,                 84,      8919,                      2405,                     5.0,         19,           201,            3838,                       2163,                    56.357477853048465 , -242           ,   89.93762993762994 ,               23
Degree       ,              20.0,  17848, CSG-f1   ,                 849,                  791,                 58,     17836,                      1853,                     5.0,         19,           201,            3838,                       1754,                    45.70088587806149  , -99            ,   94.65731246627091 ,                9
Degree       ,              20.0,  17848, CSG-f2   ,                1075,                 1023,                 52,     17802,                      1081,                     5.0,         19,           201,            3838,                       1032,                    26.88900468994268  , -49            ,   95.46716003700277 ,                2
Degree       ,              20.0,  17848, CGG      ,                1982,                 1884,                 98,     17817,                      3467,                     5.0,         19,           201,            3838,                       3085,                    80.38040646169881  , -382           ,   88.98182867032017 ,               33
Random       ,               1.0,    220, CSG-f1   ,                 146,                  127,                 19,       220,                       293,                    10.0,          0,           403,            3636,                        242,                     6.655665566556655 , -51            ,   82.5938566552901  ,                2
Random       ,               1.0,    220, CSG-f2   ,                 140,                  122,                 18,       219,                       224,                    10.0,          0,           403,            3636,                        178,                     4.895489548954895 , -46            ,   79.46428571428571 ,                2
Random       ,               1.0,    220, CGG      ,                 120,                  108,                 12,       220,                       588,                    10.0,          0,           403,            3636,                        393,                    10.80858085808581  , -195           ,   66.83673469387756 ,                8
Random       ,               2.0,    440, CSG-f1   ,                 252,                  221,                 31,       440,                       409,                    10.0,          0,           403,            3636,                        342,                     9.405940594059405 , -67            ,   83.61858190709046 ,                2
Random       ,               2.0,    440, CSG-f2   ,                 244,                  212,                 32,       438,                       366,                    10.0,          0,           403,            3636,                        299,                     8.223322332233224 , -67            ,   81.69398907103826 ,                2
Random       ,               2.0,    440, CGG      ,                 285,                  256,                 29,       440,                       882,                    10.0,          0,           403,            3636,                        606,                    16.666666666666664 , -276           ,   68.70748299319727 ,                8
Random       ,               5.0,   1100, CSG-f1   ,                 487,                  430,                 57,      1099,                      1354,                    10.0,          0,           403,            3636,                       1187,                    32.64576457645765  , -167           ,   87.66617429837518 ,               20
Random       ,               5.0,   1100, CSG-f2   ,                 533,                  468,                 65,      1099,                      1553,                    10.0,          0,           403,            3636,                        777,                    21.36963696369637  , -776           ,   50.03219575016098 ,                6
Random       ,               5.0,   1100, CGG      ,                 619,                  554,                 65,      1099,                      2519,                    10.0,          0,           403,            3636,                       1350,                    37.12871287128713  , -1169          ,   53.592695514092895,               20
Random       ,              10.0,   2201, CSG-f1   ,                 869,                  781,                 88,      2196,                      2883,                    10.0,          0,           403,            3636,                       2613,                    71.86468646864687  , -270           ,   90.6347554630593  ,               15
Random       ,              10.0,   2201, CSG-f2   ,                 979,                  880,                 99,      2201,                      3095,                    10.0,          0,           403,            3636,                       2762,                    75.96259625962595  , -333           ,   89.24071082390952 ,               14
Random       ,              10.0,   2201, CGG      ,                 926,                  835,                 91,      2011,                      4039,                    10.0,          0,           403,            3636,                       2410,                    66.28162816281629  , -1629          ,   59.66823471156226 ,               37
Random       ,              20.0,   4402, CSG-f1   ,                1495,                 1352,                143,      4399,                      4012,                    10.0,          0,           403,            3636,                       3552,                    97.6897689768977   , -460           ,   88.53439680957128 ,                5
Random       ,              20.0,   4402, CSG-f2   ,                1620,                 1467,                153,      4399,                      3963,                    10.0,          0,           403,            3636,                       3547,                    97.55225522552256  , -416           ,   89.50290184203887 ,                7
Random       ,              20.0,   4402, CGG      ,                 926,                  835,                 91,      2011,                      4039,                    10.0,          0,           403,            3636,                       2410,                    66.28162816281629  , -1629          ,   59.66823471156226 ,               37
Degree       ,               1.0,    892, CSG-f1   ,                 117,                  106,                 11,       888,                       158,                    10.0,          0,           403,            3636,                        205,                     5.638063806380638 , 47             ,  129.74683544303798 ,                9
Degree       ,               1.0,    892, CSG-f2   ,                 209,                  187,                 22,       888,                       211,                    10.0,          0,           403,            3636,                        203,                     5.5830583058305825, -8             ,   96.2085308056872  ,                1
Degree       ,               1.0,    892, CGG      ,                 442,                  400,                 42,       891,                       555,                    10.0,          0,           403,            3636,                        463,                    12.733773377337734 , -92            ,   83.42342342342343 ,                2
Degree       ,               2.0,   1784, CSG-f1   ,                 177,                  157,                 20,      1766,                       368,                    10.0,          0,           403,            3636,                        326,                     8.965896589658966 , -42            ,   88.58695652173914 ,                5
Degree       ,               2.0,   1784, CSG-f2   ,                 261,                  231,                 30,      1781,                       264,                    10.0,          0,           403,            3636,                        251,                     6.903190319031903 , -13            ,   95.07575757575758 ,                1
Degree       ,               2.0,   1784, CGG      ,                 668,                  600,                 68,      1783,                       899,                    10.0,          0,           403,            3636,                        716,                    19.691969196919693 , -183           ,   79.64404894327029 ,                3
Degree       ,               5.0,   4462, CSG-f1   ,                 287,                  261,                 26,      4462,                       480,                    10.0,          0,           403,            3636,                        435,                    11.963696369636963 , -45            ,   90.625            ,                5
Degree       ,               5.0,   4462, CSG-f2   ,                 408,                  366,                 42,      4426,                       412,                    10.0,          0,           403,            3636,                        371,                    10.203520352035204 , -41            ,   90.0485436893204  ,                1
Degree       ,               5.0,   4462, CGG      ,                1100,                  992,                108,      4456,                      1411,                    10.0,          0,           403,            3636,                       1149,                    31.600660066006604 , -262           ,   81.43160878809354 ,                6
Degree       ,              10.0,   8924, CSG-f1   ,                 448,                  406,                 42,      8910,                       650,                    10.0,          0,           403,            3636,                        596,                    16.39163916391639  , -54            ,   91.6923076923077  ,                5
Degree       ,              10.0,   8924, CSG-f2   ,                 613,                  547,                 66,      8915,                       617,                    10.0,          0,           403,            3636,                        554,                    15.236523652365236 , -63            ,   89.78930307941653 ,                1
Degree       ,              10.0,   8924, CGG      ,                1539,                 1387,                152,      8919,                      2405,                    10.0,          0,           403,            3636,                       1841,                    50.63256325632564  , -564           ,   76.54885654885655 ,               20
Degree       ,              20.0,  17848, CSG-f1   ,                 849,                  777,                 72,     17836,                      1853,                    10.0,          0,           403,            3636,                       1682,                    46.25962596259626  , -171           ,   90.77172153264975 ,                7
Degree       ,              20.0,  17848, CSG-f2   ,                1075,                  959,                116,     17802,                      1081,                    10.0,          0,           403,            3636,                        968,                    26.62266226622662  , -113           ,   89.54671600370028 ,                2
Degree       ,              20.0,  17848, CGG      ,                1982,                 1784,                198,     17817,                      3467,                    10.0,          0,           403,            3636,                       2681,                    73.73487348734874  , -786           ,   77.32910297086819 ,               21
Random       ,               1.0,    220, CSG-f1   ,                 146,                  134,                 12,       220,                       293,                    10.0,          1,           403,            3636,                        300,                     8.25082508250825  , 7              ,  102.3890784982935  ,                5
Random       ,               1.0,    220, CSG-f2   ,                 140,                  128,                 12,       219,                       224,                    10.0,          1,           403,            3636,                        220,                     6.050605060506051 , -4             ,   98.21428571428571 ,                3
Random       ,               1.0,    220, CGG      ,                 120,                  111,                  9,       220,                       588,                    10.0,          1,           403,            3636,                        519,                    14.273927392739274 , -69            ,   88.26530612244898 ,               12
Random       ,               2.0,    440, CSG-f1   ,                 252,                  229,                 23,       440,                       409,                    10.0,          1,           403,            3636,                        405,                    11.138613861386139 , -4             ,   99.02200488997555 ,                5
Random       ,               2.0,    440, CSG-f2   ,                 244,                  221,                 23,       438,                       366,                    10.0,          1,           403,            3636,                        353,                     9.708470847084708 , -13            ,   96.44808743169399 ,                3
Random       ,               2.0,    440, CGG      ,                 285,                  254,                 31,       440,                       882,                    10.0,          1,           403,            3636,                        740,                    20.35203520352035  , -142           ,   83.90022675736961 ,               12
Random       ,               5.0,   1100, CSG-f1   ,                 487,                  438,                 49,      1099,                      1354,                    10.0,          1,           403,            3636,                       1265,                    34.79097909790979  , -89            ,   93.42688330871492 ,               19
Random       ,               5.0,   1100, CSG-f2   ,                 533,                  476,                 57,      1099,                      1553,                    10.0,          1,           403,            3636,                       1001,                    27.53025302530253  , -552           ,   64.45589182227945 ,               14
Random       ,               5.0,   1100, CGG      ,                 619,                  554,                 65,      1099,                      2519,                    10.0,          1,           403,            3636,                       1588,                    43.67436743674367  , -931           ,   63.0408892417626  ,               23
Random       ,              10.0,   2201, CSG-f1   ,                 869,                  777,                 92,      2196,                      2883,                    10.0,          1,           403,            3636,                       2667,                    73.34983498349835  , -216           ,   92.50780437044746 ,               14
Random       ,              10.0,   2201, CSG-f2   ,                 979,                  880,                 99,      2201,                      3095,                    10.0,          1,           403,            3636,                       2743,                    75.44004400440045  , -352           ,   88.62681744749597 ,               12
Random       ,              10.0,   2201, CGG      ,                 926,                  833,                 93,      2011,                      4039,                    10.0,          1,           403,            3636,                       2238,                    61.55115511551155  , -1801          ,   55.409754889824214,               21
Random       ,              20.0,   4402, CSG-f1   ,                1495,                 1352,                143,      4399,                      4012,                    10.0,          1,           403,            3636,                       3607,                    99.2024202420242   , -405           ,   89.90528414755732 ,                5
Random       ,              20.0,   4402, CSG-f2   ,                1620,                 1465,                155,      4399,                      3963,                    10.0,          1,           403,            3636,                       3567,                    98.10231023102311  , -396           ,   90.00757002271007 ,                6
Random       ,              20.0,   4402, CGG      ,                 926,                  833,                 93,      2011,                      4039,                    10.0,          1,           403,            3636,                       2238,                    61.55115511551155  , -1801          ,   55.409754889824214,               21
Degree       ,               1.0,    892, CSG-f1   ,                 117,                  102,                 15,       888,                       158,                    10.0,          1,           403,            3636,                        142,                     3.905390539053905 , -16            ,   89.87341772151899 ,                4
Degree       ,               1.0,    892, CSG-f2   ,                 209,                  189,                 20,       888,                       211,                    10.0,          1,           403,            3636,                        191,                     5.253025302530253 , -20            ,   90.52132701421802 ,                1
Degree       ,               1.0,    892, CGG      ,                 442,                  391,                 51,       891,                       555,                    10.0,          1,           403,            3636,                        477,                    13.118811881188119 , -78            ,   85.94594594594595 ,               13
Degree       ,               2.0,   1784, CSG-f1   ,                 177,                  157,                 20,      1766,                       368,                    10.0,          1,           403,            3636,                        330,                     9.075907590759076 , -38            ,   89.67391304347827 ,                6
Degree       ,               2.0,   1784, CSG-f2   ,                 261,                  240,                 21,      1781,                       264,                    10.0,          1,           403,            3636,                        243,                     6.683168316831684 , -21            ,   92.04545454545455 ,                1
Degree       ,               2.0,   1784, CGG      ,                 668,                  594,                 74,      1783,                       899,                    10.0,          1,           403,            3636,                        738,                    20.2970297029703   , -161           ,   82.09121245828699 ,               13
Degree       ,               5.0,   4462, CSG-f1   ,                 287,                  259,                 28,      4462,                       480,                    10.0,          1,           403,            3636,                        435,                    11.963696369636963 , -45            ,   90.625            ,                6
Degree       ,               5.0,   4462, CSG-f2   ,                 408,                  371,                 37,      4426,                       412,                    10.0,          1,           403,            3636,                        375,                    10.313531353135314 , -37            ,   91.01941747572816 ,                2
Degree       ,               5.0,   4462, CGG      ,                1100,                  991,                109,      4456,                      1411,                    10.0,          1,           403,            3636,                       1209,                    33.25082508250825  , -202           ,   85.6839121190645  ,               13
Degree       ,              10.0,   8924, CSG-f1   ,                 448,                  402,                 46,      8910,                       650,                    10.0,          1,           403,            3636,                        591,                    16.254125412541253 , -59            ,   90.92307692307692 ,                6
Degree       ,              10.0,   8924, CSG-f2   ,                 613,                  554,                 59,      8915,                       617,                    10.0,          1,           403,            3636,                        558,                    15.346534653465346 , -59            ,   90.43760129659644 ,                2
Degree       ,              10.0,   8924, CGG      ,                1539,                 1395,                144,      8919,                      2405,                    10.0,          1,           403,            3636,                       1816,                    49.94499449944995  , -589           ,   75.50935550935552 ,               13
Degree       ,              20.0,  17848, CSG-f1   ,                 849,                  761,                 88,     17836,                      1853,                    10.0,          1,           403,            3636,                       1671,                    45.95709570957096  , -182           ,   90.17808958445764 ,                7
Degree       ,              20.0,  17848, CSG-f2   ,                1075,                  979,                 96,     17802,                      1081,                    10.0,          1,           403,            3636,                        985,                    27.09020902090209  , -96            ,   91.11933395004625 ,                2
Degree       ,              20.0,  17848, CGG      ,                1982,                 1786,                196,     17817,                      3467,                    10.0,          1,           403,            3636,                       2554,                    70.24202420242024  , -913           ,   73.6659936544563  ,               16
Random       ,               1.0,    220, CSG-f1   ,                 146,                  128,                 18,       220,                       293,                    10.0,          2,           403,            3636,                        264,                     7.2607260726072615, -29            ,   90.10238907849829 ,                2
Random       ,               1.0,    220, CSG-f2   ,                 140,                  125,                 15,       219,                       224,                    10.0,          2,           403,            3636,                        230,                     6.325632563256326 , 6              ,  102.67857142857142 ,                2
Random       ,               1.0,    220, CGG      ,                 120,                  103,                 17,       220,                       588,                    10.0,          2,           403,            3636,                        400,                    11.001100110011002 , -188           ,   68.02721088435374 ,                8
Random       ,               2.0,    440, CSG-f1   ,                 252,                  228,                 24,       440,                       409,                    10.0,          2,           403,            3636,                        374,                    10.286028602860286 , -35            ,   91.44254278728606 ,                3
Random       ,               2.0,    440, CSG-f2   ,                 244,                  222,                 22,       438,                       366,                    10.0,          2,           403,            3636,                        363,                     9.983498349834983 , -3             ,   99.18032786885246 ,                2
Random       ,               2.0,    440, CGG      ,                 285,                  248,                 37,       440,                       882,                    10.0,          2,           403,            3636,                        618,                    16.996699669966997 , -264           ,   70.06802721088435 ,                8
Random       ,               5.0,   1100, CSG-f1   ,                 487,                  445,                 42,      1099,                      1354,                    10.0,          2,           403,            3636,                       1370,                    37.678767876787674 , 16             ,  101.18168389955686 ,               30
Random       ,               5.0,   1100, CSG-f2   ,                 533,                  485,                 48,      1099,                      1553,                    10.0,          2,           403,            3636,                       1412,                    38.83388338833883  , -141           ,   90.920798454604   ,               28
Random       ,               5.0,   1100, CGG      ,                 619,                  549,                 70,      1099,                      2519,                    10.0,          2,           403,            3636,                       1158,                    31.84818481848185  , -1361          ,   45.970623263199684,               19
Random       ,              10.0,   2201, CSG-f1   ,                 869,                  791,                 78,      2196,                      2883,                    10.0,          2,           403,            3636,                       2615,                    71.91969196919692  , -268           ,   90.70412764481442 ,               15
Random       ,              10.0,   2201, CSG-f2   ,                 979,                  892,                 87,      2201,                      3095,                    10.0,          2,           403,            3636,                       2711,                    74.55995599559955  , -384           ,   87.59289176090469 ,               11
Random       ,              10.0,   2201, CGG      ,                 926,                  826,                100,      2011,                      4039,                    10.0,          2,           403,            3636,                       2360,                    64.9064906490649   , -1679          ,   58.430304530824465,               37
Random       ,              20.0,   4402, CSG-f1   ,                1495,                 1356,                139,      4399,                      4012,                    10.0,          2,           403,            3636,                       3587,                    98.65236523652365  , -425           ,   89.40677966101694 ,                6
Random       ,              20.0,   4402, CSG-f2   ,                1620,                 1462,                158,      4399,                      3963,                    10.0,          2,           403,            3636,                       3544,                    97.46974697469747  , -419           ,   89.42720161493818 ,                5
Random       ,              20.0,   4402, CGG      ,                 926,                  826,                100,      2011,                      4039,                    10.0,          2,           403,            3636,                       2360,                    64.9064906490649   , -1679          ,   58.430304530824465,               37
Degree       ,               1.0,    892, CSG-f1   ,                 117,                  103,                 14,       888,                       158,                    10.0,          2,           403,            3636,                        153,                     4.207920792079208 , -5             ,   96.83544303797468 ,                3
Degree       ,               1.0,    892, CSG-f2   ,                 209,                  190,                 19,       888,                       211,                    10.0,          2,           403,            3636,                        193,                     5.3080308030803085, -18            ,   91.4691943127962  ,                1
Degree       ,               1.0,    892, CGG      ,                 442,                  387,                 55,       891,                       555,                    10.0,          2,           403,            3636,                        471,                    12.953795379537954 , -84            ,   84.86486486486487 ,               11
Degree       ,               2.0,   1784, CSG-f1   ,                 177,                  156,                 21,      1766,                       368,                    10.0,          2,           403,            3636,                        341,                     9.37843784378438  , -27            ,   92.66304347826086 ,                6
Degree       ,               2.0,   1784, CSG-f2   ,                 261,                  239,                 22,      1781,                       264,                    10.0,          2,           403,            3636,                        243,                     6.683168316831684 , -21            ,   92.04545454545455 ,                1
Degree       ,               2.0,   1784, CGG      ,                 668,                  583,                 85,      1783,                       899,                    10.0,          2,           403,            3636,                        741,                    20.379537953795378 , -158           ,   82.42491657397107 ,               11
Degree       ,               5.0,   4462, CSG-f1   ,                 287,                  256,                 31,      4462,                       480,                    10.0,          2,           403,            3636,                        444,                    12.211221122112212 , -36            ,   92.5              ,                6
Degree       ,               5.0,   4462, CSG-f2   ,                 408,                  367,                 41,      4426,                       412,                    10.0,          2,           403,            3636,                        371,                    10.203520352035204 , -41            ,   90.0485436893204  ,                2
Degree       ,               5.0,   4462, CGG      ,                1100,                  966,                134,      4456,                      1411,                    10.0,          2,           403,            3636,                       1189,                    32.700770077007704 , -222           ,   84.26647767540751 ,               11
Degree       ,              10.0,   8924, CSG-f1   ,                 448,                  398,                 50,      8910,                       650,                    10.0,          2,           403,            3636,                        594,                    16.33663366336634  , -56            ,   91.38461538461539 ,                6
Degree       ,              10.0,   8924, CSG-f2   ,                 613,                  554,                 59,      8915,                       617,                    10.0,          2,           403,            3636,                        558,                    15.346534653465346 , -59            ,   90.43760129659644 ,                2
Degree       ,              10.0,   8924, CGG      ,                1539,                 1364,                175,      8919,                      2405,                    10.0,          2,           403,            3636,                       1729,                    47.55225522552256  , -676           ,   71.89189189189189 ,               15
Degree       ,              20.0,  17848, CSG-f1   ,                 849,                  769,                 80,     17836,                      1853,                    10.0,          2,           403,            3636,                       1704,                    46.864686468646866 , -149           ,   91.958985429034   ,                7
Degree       ,              20.0,  17848, CSG-f2   ,                1075,                  958,                117,     17802,                      1081,                    10.0,          2,           403,            3636,                        964,                    26.512651265126514 , -117           ,   89.17668825161887 ,                2
Degree       ,              20.0,  17848, CGG      ,                1982,                 1763,                219,     17817,                      3467,                    10.0,          2,           403,            3636,                       2536,                    69.74697469746974  , -931           ,   73.14681280646091 ,               18
Random       ,               1.0,    220, CSG-f1   ,                 146,                  129,                 17,       220,                       293,                    10.0,          3,           403,            3636,                        268,                     7.37073707370737  , -25            ,   91.46757679180887 ,                4
Random       ,               1.0,    220, CSG-f2   ,                 140,                  124,                 16,       219,                       224,                    10.0,          3,           403,            3636,                        227,                     6.243124312431243 , 3              ,  101.33928571428572 ,                2
Random       ,               1.0,    220, CGG      ,                 120,                  107,                 13,       220,                       588,                    10.0,          3,           403,            3636,                        465,                    12.788778877887788 , -123           ,   79.08163265306123 ,               14
Random       ,               2.0,    440, CSG-f1   ,                 252,                  225,                 27,       440,                       409,                    10.0,          3,           403,            3636,                        374,                    10.286028602860286 , -35            ,   91.44254278728606 ,                4
Random       ,               2.0,    440, CSG-f2   ,                 244,                  217,                 27,       438,                       366,                    10.0,          3,           403,            3636,                        359,                     9.873487348734873 , -7             ,   98.08743169398907 ,                4
Random       ,               2.0,    440, CGG      ,                 285,                  260,                 25,       440,                       882,                    10.0,          3,           403,            3636,                        691,                    19.004400440044    , -191           ,   78.34467120181405 ,               11
Random       ,               5.0,   1100, CSG-f1   ,                 487,                  440,                 47,      1099,                      1354,                    10.0,          3,           403,            3636,                       1300,                    35.75357535753575  , -54            ,   96.01181683899557 ,               18
Random       ,               5.0,   1100, CSG-f2   ,                 533,                  478,                 55,      1099,                      1553,                    10.0,          3,           403,            3636,                       1206,                    33.16831683168317  , -347           ,   77.65614938828075 ,               19
Random       ,               5.0,   1100, CGG      ,                 619,                  558,                 61,      1099,                      2519,                    10.0,          3,           403,            3636,                       1880,                    51.7051705170517   , -639           ,   74.63279078999602 ,               40
Random       ,              10.0,   2201, CSG-f1   ,                 869,                  785,                 84,      2196,                      2883,                    10.0,          3,           403,            3636,                       2588,                    71.17711771177117  , -295           ,   89.76760319112036 ,               15
Random       ,              10.0,   2201, CSG-f2   ,                 979,                  887,                 92,      2201,                      3095,                    10.0,          3,           403,            3636,                       2678,                    73.65236523652365  , -417           ,   86.52665589660742 ,               13
Random       ,              10.0,   2201, CGG      ,                 926,                  841,                 85,      2011,                      4039,                    10.0,          3,           403,            3636,                       2639,                    72.57975797579758  , -1400          ,   65.33795493934143 ,               36
Random       ,              20.0,   4402, CSG-f1   ,                1495,                 1351,                144,      4399,                      4012,                    10.0,          3,           403,            3636,                       3581,                    98.48734873487349  , -431           ,   89.25722831505483 ,                6
Random       ,              20.0,   4402, CSG-f2   ,                1620,                 1472,                148,      4399,                      3963,                    10.0,          3,           403,            3636,                       3558,                    97.85478547854785  , -405           ,   89.78046934140802 ,                6
Random       ,              20.0,   4402, CGG      ,                 926,                  841,                 85,      2011,                      4039,                    10.0,          3,           403,            3636,                       2639,                    72.57975797579758  , -1400          ,   65.33795493934143 ,               36
Degree       ,               1.0,    892, CSG-f1   ,                 117,                  102,                 15,       888,                       158,                    10.0,          3,           403,            3636,                        155,                     4.262926292629262 , -3             ,   98.10126582278481 ,                7
Degree       ,               1.0,    892, CSG-f2   ,                 209,                  193,                 16,       888,                       211,                    10.0,          3,           403,            3636,                        195,                     5.363036303630363 , -16            ,   92.41706161137441 ,                1
Degree       ,               1.0,    892, CGG      ,                 442,                  405,                 37,       891,                       555,                    10.0,          3,           403,            3636,                        474,                    13.036303630363037 , -81            ,   85.4054054054054  ,                4
Degree       ,               2.0,   1784, CSG-f1   ,                 177,                  159,                 18,      1766,                       368,                    10.0,          3,           403,            3636,                        341,                     9.37843784378438  , -27            ,   92.66304347826086 ,                6
Degree       ,               2.0,   1784, CSG-f2   ,                 261,                  239,                 22,      1781,                       264,                    10.0,          3,           403,            3636,                        241,                     6.628162816281629 , -23            ,   91.28787878787878 ,                1
Degree       ,               2.0,   1784, CGG      ,                 668,                  613,                 55,      1783,                       899,                    10.0,          3,           403,            3636,                        751,                    20.654565456545654 , -148           ,   83.53726362625139 ,                5
Degree       ,               5.0,   4462, CSG-f1   ,                 287,                  254,                 33,      4462,                       480,                    10.0,          3,           403,            3636,                        438,                    12.046204620462046 , -42            ,   91.25             ,                6
Degree       ,               5.0,   4462, CSG-f2   ,                 408,                  374,                 34,      4426,                       412,                    10.0,          3,           403,            3636,                        377,                    10.368536853685368 , -35            ,   91.50485436893204 ,                2
Degree       ,               5.0,   4462, CGG      ,                1100,                  999,                101,      4456,                      1411,                    10.0,          3,           403,            3636,                       1207,                    33.1958195819582   , -204           ,   85.54216867469879 ,                7
Degree       ,              10.0,   8924, CSG-f1   ,                 448,                  405,                 43,      8910,                       650,                    10.0,          3,           403,            3636,                        605,                    16.639163916391638 , -45            ,   93.07692307692308 ,                6
Degree       ,              10.0,   8924, CSG-f2   ,                 613,                  561,                 52,      8915,                       617,                    10.0,          3,           403,            3636,                        564,                    15.51155115511551  , -53            ,   91.41004862236629 ,                2
Degree       ,              10.0,   8924, CGG      ,                1539,                 1392,                147,      8919,                      2405,                    10.0,          3,           403,            3636,                       1878,                    51.650165016501646 , -527           ,   78.0873180873181  ,               14
Degree       ,              20.0,  17848, CSG-f1   ,                 849,                  769,                 80,     17836,                      1853,                    10.0,          3,           403,            3636,                       1691,                    46.507150715071504 , -162           ,   91.25742039935241 ,                9
Degree       ,              20.0,  17848, CSG-f2   ,                1075,                  972,                103,     17802,                      1081,                    10.0,          3,           403,            3636,                        979,                    26.925192519251922 , -102           ,   90.56429232192414 ,                2
Degree       ,              20.0,  17848, CGG      ,                1982,                 1795,                187,     17817,                      3467,                    10.0,          3,           403,            3636,                       2598,                    71.45214521452145  , -869           ,   74.93510239400058 ,               16
Random       ,               1.0,    220, CSG-f1   ,                 146,                  134,                 12,       220,                       293,                    10.0,          4,           403,            3636,                        279,                     7.673267326732673 , -14            ,   95.22184300341297 ,                6
Random       ,               1.0,    220, CSG-f2   ,                 140,                  129,                 11,       219,                       224,                    10.0,          4,           403,            3636,                        213,                     5.858085808580858 , -11            ,   95.08928571428571 ,                2
Random       ,               1.0,    220, CGG      ,                 120,                  104,                 16,       220,                       588,                    10.0,          4,           403,            3636,                        453,                    12.458745874587459 , -135           ,   77.04081632653062 ,               11
Random       ,               2.0,    440, CSG-f1   ,                 252,                  227,                 25,       440,                       409,                    10.0,          4,           403,            3636,                        382,                    10.506050605060507 , -27            ,   93.39853300733496 ,                6
Random       ,               2.0,    440, CSG-f2   ,                 244,                  220,                 24,       438,                       366,                    10.0,          4,           403,            3636,                        331,                     9.103410341034103 , -35            ,   90.43715846994536 ,                2
Random       ,               2.0,    440, CGG      ,                 285,                  253,                 32,       440,                       882,                    10.0,          4,           403,            3636,                        688,                    18.921892189218923 , -194           ,   78.00453514739229 ,               11
Random       ,               5.0,   1100, CSG-f1   ,                 487,                  438,                 49,      1099,                      1354,                    10.0,          4,           403,            3636,                       1245,                    34.240924092409244 , -109           ,   91.94977843426884 ,               18
Random       ,               5.0,   1100, CSG-f2   ,                 533,                  477,                 56,      1099,                      1553,                    10.0,          4,           403,            3636,                       1001,                    27.53025302530253  , -552           ,   64.45589182227945 ,               16
Random       ,               5.0,   1100, CGG      ,                 619,                  554,                 65,      1099,                      2519,                    10.0,          4,           403,            3636,                       1410,                    38.778877887788774 , -1109          ,   55.974593092497024,               18
Random       ,              10.0,   2201, CSG-f1   ,                 869,                  777,                 92,      2196,                      2883,                    10.0,          4,           403,            3636,                       2606,                    71.67216721672168  , -277           ,   90.39195282691641 ,               11
Random       ,              10.0,   2201, CSG-f2   ,                 979,                  872,                107,      2201,                      3095,                    10.0,          4,           403,            3636,                       2899,                    79.73047304730473  , -196           ,   93.66720516962843 ,               23
Random       ,              10.0,   2201, CGG      ,                 926,                  829,                 97,      2011,                      4039,                    10.0,          4,           403,            3636,                       2276,                    62.59625962596259  , -1763          ,   56.35058182718494 ,               31
Random       ,              20.0,   4402, CSG-f1   ,                1495,                 1337,                158,      4399,                      4012,                    10.0,          4,           403,            3636,                       3604,                    99.11991199119912  , -408           ,   89.83050847457628 ,                6
Random       ,              20.0,   4402, CSG-f2   ,                1620,                 1447,                173,      4399,                      3963,                    10.0,          4,           403,            3636,                       3551,                    97.66226622662266  , -412           ,   89.6038354781731  ,                5
Random       ,              20.0,   4402, CGG      ,                 926,                  829,                 97,      2011,                      4039,                    10.0,          4,           403,            3636,                       2276,                    62.59625962596259  , -1763          ,   56.35058182718494 ,               31
Degree       ,               1.0,    892, CSG-f1   ,                 117,                  111,                  6,       888,                       158,                    10.0,          4,           403,            3636,                        145,                     3.987898789878988 , -13            ,   91.77215189873418 ,                2
Degree       ,               1.0,    892, CSG-f2   ,                 209,                  181,                 28,       888,                       211,                    10.0,          4,           403,            3636,                        186,                     5.115511551155116 , -25            ,   88.15165876777252 ,                1
Degree       ,               1.0,    892, CGG      ,                 442,                  397,                 45,       891,                       555,                    10.0,          4,           403,            3636,                        487,                    13.393839383938394 , -68            ,   87.74774774774775 ,               16
Degree       ,               2.0,   1784, CSG-f1   ,                 177,                  166,                 11,      1766,                       368,                    10.0,          4,           403,            3636,                        335,                     9.213421342134213 , -33            ,   91.03260869565217 ,                5
Degree       ,               2.0,   1784, CSG-f2   ,                 261,                  226,                 35,      1781,                       264,                    10.0,          4,           403,            3636,                        232,                     6.380638063806381 , -32            ,   87.87878787878788 ,                1
Degree       ,               2.0,   1784, CGG      ,                 668,                  601,                 67,      1783,                       899,                    10.0,          4,           403,            3636,                        762,                    20.957095709570957 , -137           ,   84.76084538375973 ,               16
Degree       ,               5.0,   4462, CSG-f1   ,                 287,                  269,                 18,      4462,                       480,                    10.0,          4,           403,            3636,                        441,                    12.128712871287128 , -39            ,   91.875            ,                5
Degree       ,               5.0,   4462, CSG-f2   ,                 408,                  361,                 47,      4426,                       412,                    10.0,          4,           403,            3636,                        366,                    10.066006600660065 , -46            ,   88.83495145631069 ,                1
Degree       ,               5.0,   4462, CGG      ,                1100,                  996,                104,      4456,                      1411,                    10.0,          4,           403,            3636,                       1215,                    33.415841584158414 , -196           ,   86.10914245216159 ,               16
Degree       ,              10.0,   8924, CSG-f1   ,                 448,                  413,                 35,      8910,                       650,                    10.0,          4,           403,            3636,                        597,                    16.419141914191417 , -53            ,   91.84615384615384 ,                5
Degree       ,              10.0,   8924, CSG-f2   ,                 613,                  546,                 67,      8915,                       617,                    10.0,          4,           403,            3636,                        550,                    15.126512651265125 , -67            ,   89.14100486223663 ,                1
Degree       ,              10.0,   8924, CGG      ,                1539,                 1394,                145,      8919,                      2405,                    10.0,          4,           403,            3636,                       1895,                    52.11771177117712  , -510           ,   78.79417879417879 ,               16
Degree       ,              20.0,  17848, CSG-f1   ,                 849,                  777,                 72,     17836,                      1853,                    10.0,          4,           403,            3636,                       1660,                    45.654565456545654 , -193           ,   89.58445763626551 ,                8
Degree       ,              20.0,  17848, CSG-f2   ,                1075,                  968,                107,     17802,                      1081,                    10.0,          4,           403,            3636,                        974,                    26.787678767876788 , -107           ,   90.1017576318224  ,                1
Degree       ,              20.0,  17848, CGG      ,                1982,                 1795,                187,     17817,                      3467,                    10.0,          4,           403,            3636,                       2721,                    74.83498349834984  , -746           ,   78.48283818863571 ,               30
Random       ,               1.0,    220, CSG-f1   ,                 146,                  135,                 11,       220,                       293,                    10.0,          5,           403,            3636,                        286,                     7.865786578657866 , -7             ,   97.61092150170649 ,                2
Random       ,               1.0,    220, CSG-f2   ,                 140,                  129,                 11,       219,                       224,                    10.0,          5,           403,            3636,                        222,                     6.105610561056106 , -2             ,   99.10714285714286 ,                2
Random       ,               1.0,    220, CGG      ,                 120,                  114,                  6,       220,                       588,                    10.0,          5,           403,            3636,                        513,                    14.108910891089108 , -75            ,   87.24489795918367 ,                9
Random       ,               2.0,    440, CSG-f1   ,                 252,                  230,                 22,       440,                       409,                    10.0,          5,           403,            3636,                        396,                    10.891089108910892 , -13            ,   96.82151589242054 ,                3
Random       ,               2.0,    440, CSG-f2   ,                 244,                  221,                 23,       438,                       366,                    10.0,          5,           403,            3636,                        352,                     9.68096809680968  , -14            ,   96.17486338797814 ,                2
Random       ,               2.0,    440, CGG      ,                 285,                  266,                 19,       440,                       882,                    10.0,          5,           403,            3636,                        750,                    20.627062706270628 , -132           ,   85.03401360544217 ,                9
Random       ,               5.0,   1100, CSG-f1   ,                 487,                  442,                 45,      1099,                      1354,                    10.0,          5,           403,            3636,                       1102,                    30.30803080308031  , -252           ,   81.38847858197931 ,               19
Random       ,               5.0,   1100, CSG-f2   ,                 533,                  484,                 49,      1099,                      1553,                    10.0,          5,           403,            3636,                       1013,                    27.86028602860286  , -540           ,   65.22858982614295 ,               21
Random       ,               5.0,   1100, CGG      ,                 619,                  567,                 52,      1099,                      2519,                    10.0,          5,           403,            3636,                       1710,                    47.02970297029702  , -809           ,   67.88408098451767 ,               33
Random       ,              10.0,   2201, CSG-f1   ,                 869,                  780,                 89,      2196,                      2883,                    10.0,          5,           403,            3636,                       2627,                    72.24972497249725  , -256           ,   91.12036073534513 ,               18
Random       ,              10.0,   2201, CSG-f2   ,                 979,                  877,                102,      2201,                      3095,                    10.0,          5,           403,            3636,                       2796,                    76.89768976897689  , -299           ,   90.33925686591276 ,               19
Random       ,              10.0,   2201, CGG      ,                 926,                  841,                 85,      2011,                      4039,                    10.0,          5,           403,            3636,                       2548,                    70.07700770077008  , -1491          ,   63.084922010398614,               39
Random       ,              20.0,   4402, CSG-f1   ,                1495,                 1353,                142,      4399,                      4012,                    10.0,          5,           403,            3636,                       3594,                    98.84488448844884  , -418           ,   89.58125623130609 ,                6
Random       ,              20.0,   4402, CSG-f2   ,                1620,                 1458,                162,      4399,                      3963,                    10.0,          5,           403,            3636,                       3548,                    97.57975797579758  , -415           ,   89.52813525107241 ,                4
Random       ,              20.0,   4402, CGG      ,                 926,                  841,                 85,      2011,                      4039,                    10.0,          5,           403,            3636,                       2548,                    70.07700770077008  , -1491          ,   63.084922010398614,               39
Degree       ,               1.0,    892, CSG-f1   ,                 117,                  104,                 13,       888,                       158,                    10.0,          5,           403,            3636,                        142,                     3.905390539053905 , -16            ,   89.87341772151899 ,                5
Degree       ,               1.0,    892, CSG-f2   ,                 209,                  188,                 21,       888,                       211,                    10.0,          5,           403,            3636,                        190,                     5.225522552255225 , -21            ,   90.04739336492891 ,                1
Degree       ,               1.0,    892, CGG      ,                 442,                  397,                 45,       891,                       555,                    10.0,          5,           403,            3636,                        470,                    12.926292629262925 , -85            ,   84.68468468468468 ,                3
Degree       ,               2.0,   1784, CSG-f1   ,                 177,                  159,                 18,      1766,                       368,                    10.0,          5,           403,            3636,                        331,                     9.103410341034103 , -37            ,   89.94565217391305 ,                5
Degree       ,               2.0,   1784, CSG-f2   ,                 261,                  234,                 27,      1781,                       264,                    10.0,          5,           403,            3636,                        237,                     6.518151815181518 , -27            ,   89.77272727272727 ,                1
Degree       ,               2.0,   1784, CGG      ,                 668,                  608,                 60,      1783,                       899,                    10.0,          5,           403,            3636,                        754,                    20.737073707370737 , -145           ,   83.87096774193549 ,                9
Degree       ,               5.0,   4462, CSG-f1   ,                 287,                  258,                 29,      4462,                       480,                    10.0,          5,           403,            3636,                        433,                    11.908690869086909 , -47            ,   90.20833333333333 ,                5
Degree       ,               5.0,   4462, CSG-f2   ,                 408,                  365,                 43,      4426,                       412,                    10.0,          5,           403,            3636,                        369,                    10.14851485148515  , -43            ,   89.56310679611651 ,                2
Degree       ,               5.0,   4462, CGG      ,                1100,                  991,                109,      4456,                      1411,                    10.0,          5,           403,            3636,                       1190,                    32.72827282728273  , -221           ,   84.33734939759037 ,                7
Degree       ,              10.0,   8924, CSG-f1   ,                 448,                  397,                 51,      8910,                       650,                    10.0,          5,           403,            3636,                        582,                    16.006600660066006 , -68            ,   89.53846153846153 ,                5
Degree       ,              10.0,   8924, CSG-f2   ,                 613,                  554,                 59,      8915,                       617,                    10.0,          5,           403,            3636,                        557,                    15.31903190319032  , -60            ,   90.27552674230147 ,                2
Degree       ,              10.0,   8924, CGG      ,                1539,                 1386,                153,      8919,                      2405,                    10.0,          5,           403,            3636,                       1839,                    50.57755775577558  , -566           ,   76.46569646569647 ,               17
Degree       ,              20.0,  17848, CSG-f1   ,                 849,                  753,                 96,     17836,                      1853,                    10.0,          5,           403,            3636,                       1664,                    45.76457645764577  , -189           ,   89.80032379924447 ,                7
Degree       ,              20.0,  17848, CSG-f2   ,                1075,                  967,                108,     17802,                      1081,                    10.0,          5,           403,            3636,                        974,                    26.787678767876788 , -107           ,   90.1017576318224  ,                2
Degree       ,              20.0,  17848, CGG      ,                1982,                 1780,                202,     17817,                      3467,                    10.0,          5,           403,            3636,                       3007,                    82.7007700770077   , -460           ,   86.73204499567349 ,               34
Random       ,               1.0,    220, CSG-f1   ,                 146,                  137,                  9,       220,                       293,                    10.0,          6,           403,            3636,                        305,                     8.388338833883388 , 12             ,  104.09556313993174 ,                6
Random       ,               1.0,    220, CSG-f2   ,                 140,                  132,                  8,       219,                       224,                    10.0,          6,           403,            3636,                        246,                     6.765676567656766 , 22             ,  109.82142857142858 ,                2
Random       ,               1.0,    220, CGG      ,                 120,                  106,                 14,       220,                       588,                    10.0,          6,           403,            3636,                        455,                    12.513751375137513 , -133           ,   77.38095238095238 ,                6
Random       ,               2.0,    440, CSG-f1   ,                 252,                  235,                 17,       440,                       409,                    10.0,          6,           403,            3636,                        414,                    11.386138613861387 , 5              ,  101.22249388753055 ,                6
Random       ,               2.0,    440, CSG-f2   ,                 244,                  229,                 15,       438,                       366,                    10.0,          6,           403,            3636,                        374,                    10.286028602860286 , 8              ,  102.18579234972678 ,                6
Random       ,               2.0,    440, CGG      ,                 285,                  257,                 28,       440,                       882,                    10.0,          6,           403,            3636,                        675,                    18.564356435643564 , -207           ,   76.53061224489795 ,                6
Random       ,               5.0,   1100, CSG-f1   ,                 487,                  444,                 43,      1099,                      1354,                    10.0,          6,           403,            3636,                       1243,                    34.185918591859185 , -111           ,   91.80206794682422 ,               13
Random       ,               5.0,   1100, CSG-f2   ,                 533,                  487,                 46,      1099,                      1553,                    10.0,          6,           403,            3636,                       1410,                    38.778877887788774 , -143           ,   90.79201545396008 ,               26
Random       ,               5.0,   1100, CGG      ,                 619,                  556,                 63,      1099,                      2519,                    10.0,          6,           403,            3636,                       1215,                    33.415841584158414 , -1304          ,   48.233425962683604,               11
Random       ,              10.0,   2201, CSG-f1   ,                 869,                  792,                 77,      2196,                      2883,                    10.0,          6,           403,            3636,                       2737,                    75.27502750275028  , -146           ,   94.93583073187651 ,               18
Random       ,              10.0,   2201, CSG-f2   ,                 979,                  891,                 88,      2201,                      3095,                    10.0,          6,           403,            3636,                       2827,                    77.75027502750275  , -268           ,   91.34087237479807 ,               20
Random       ,              10.0,   2201, CGG      ,                 926,                  839,                 87,      2011,                      4039,                    10.0,          6,           403,            3636,                       2703,                    74.33993399339934  , -1336          ,   66.92250557068581 ,               36
Random       ,              20.0,   4402, CSG-f1   ,                1495,                 1363,                132,      4399,                      4012,                    10.0,          6,           403,            3636,                       3595,                    98.87238723872387  , -417           ,   89.6061814556331  ,                7
Random       ,              20.0,   4402, CSG-f2   ,                1620,                 1479,                141,      4399,                      3963,                    10.0,          6,           403,            3636,                       3583,                    98.54235423542355  , -380           ,   90.41130456724703 ,                6
Random       ,              20.0,   4402, CGG      ,                 926,                  839,                 87,      2011,                      4039,                    10.0,          6,           403,            3636,                       2703,                    74.33993399339934  , -1336          ,   66.92250557068581 ,               36
Degree       ,               1.0,    892, CSG-f1   ,                 117,                  103,                 14,       888,                       158,                    10.0,          6,           403,            3636,                        162,                     4.455445544554455 , 4              ,  102.53164556962024 ,                5
Degree       ,               1.0,    892, CSG-f2   ,                 209,                  196,                 13,       888,                       211,                    10.0,          6,           403,            3636,                        212,                     5.83058305830583  , 1              ,  100.4739336492891  ,                3
Degree       ,               1.0,    892, CGG      ,                 442,                  398,                 44,       891,                       555,                    10.0,          6,           403,            3636,                        471,                    12.953795379537954 , -84            ,   84.86486486486487 ,                2
Degree       ,               2.0,   1784, CSG-f1   ,                 177,                  154,                 23,      1766,                       368,                    10.0,          6,           403,            3636,                        353,                     9.708470847084708 , -15            ,   95.92391304347827 ,                6
Degree       ,               2.0,   1784, CSG-f2   ,                 261,                  242,                 19,      1781,                       264,                    10.0,          6,           403,            3636,                        259,                     7.123212321232124 , -5             ,   98.10606060606061 ,                3
Degree       ,               2.0,   1784, CGG      ,                 668,                  603,                 65,      1783,                       899,                    10.0,          6,           403,            3636,                        741,                    20.379537953795378 , -158           ,   82.42491657397107 ,                8
Degree       ,               5.0,   4462, CSG-f1   ,                 287,                  256,                 31,      4462,                       480,                    10.0,          6,           403,            3636,                        458,                    12.596259625962597 , -22            ,   95.41666666666667 ,                6
Degree       ,               5.0,   4462, CSG-f2   ,                 408,                  373,                 35,      4426,                       412,                    10.0,          6,           403,            3636,                        392,                    10.78107810781078  , -20            ,   95.14563106796116 ,                3
Degree       ,               5.0,   4462, CGG      ,                1100,                  996,                104,      4456,                      1411,                    10.0,          6,           403,            3636,                       1229,                    33.8008800880088   , -182           ,   87.10134656272147 ,                6
Degree       ,              10.0,   8924, CSG-f1   ,                 448,                  405,                 43,      8910,                       650,                    10.0,          6,           403,            3636,                        619,                    17.024202420242023 , -31            ,   95.23076923076923 ,                6
Degree       ,              10.0,   8924, CSG-f2   ,                 613,                  554,                 59,      8915,                       617,                    10.0,          6,           403,            3636,                        571,                    15.704070407040705 , -46            ,   92.54457050243113 ,                3
Degree       ,              10.0,   8924, CGG      ,                1539,                 1380,                159,      8919,                      2405,                    10.0,          6,           403,            3636,                       1860,                    51.15511551155115  , -545           ,   77.33887733887734 ,               15
Degree       ,              20.0,  17848, CSG-f1   ,                 849,                  769,                 80,     17836,                      1853,                    10.0,          6,           403,            3636,                       1691,                    46.507150715071504 , -162           ,   91.25742039935241 ,                7
Degree       ,              20.0,  17848, CSG-f2   ,                1075,                  966,                109,     17802,                      1081,                    10.0,          6,           403,            3636,                        986,                    27.117711771177117 , -95            ,   91.2118408880666  ,                3
Degree       ,              20.0,  17848, CGG      ,                1982,                 1784,                198,     17817,                      3467,                    10.0,          6,           403,            3636,                       2616,                    71.94719471947195  , -851           ,   75.45428324199595 ,               25
Random       ,               1.0,    220, CSG-f1   ,                 146,                  136,                 10,       220,                       293,                    10.0,          7,           403,            3636,                        255,                     7.013201320132014 , -38            ,   87.03071672354949 ,                5
Random       ,               1.0,    220, CSG-f2   ,                 140,                  130,                 10,       219,                       224,                    10.0,          7,           403,            3636,                        197,                     5.418041804180418 , -27            ,   87.94642857142857 ,                2
Random       ,               1.0,    220, CGG      ,                 120,                  103,                 17,       220,                       588,                    10.0,          7,           403,            3636,                        416,                    11.441144114411442 , -172           ,   70.74829931972789 ,                9
Random       ,               2.0,    440, CSG-f1   ,                 252,                  235,                 17,       440,                       409,                    10.0,          7,           403,            3636,                        360,                     9.900990099009901 , -49            ,   88.01955990220048 ,                5
Random       ,               2.0,    440, CSG-f2   ,                 244,                  224,                 20,       438,                       366,                    10.0,          7,           403,            3636,                        308,                     8.47084708470847  , -58            ,   84.15300546448088 ,                3
Random       ,               2.0,    440, CGG      ,                 285,                  254,                 31,       440,                       882,                    10.0,          7,           403,            3636,                        618,                    16.996699669966997 , -264           ,   70.06802721088435 ,                9
Random       ,               5.0,   1100, CSG-f1   ,                 487,                  442,                 45,      1099,                      1354,                    10.0,          7,           403,            3636,                       1089,                    29.950495049504948 , -265           ,   80.42836041358936 ,               18
Random       ,               5.0,   1100, CSG-f2   ,                 533,                  484,                 49,      1099,                      1553,                    10.0,          7,           403,            3636,                       1145,                    31.49064906490649  , -408           ,   73.72826786864134 ,               19
Random       ,               5.0,   1100, CGG      ,                 619,                  557,                 62,      1099,                      2519,                    10.0,          7,           403,            3636,                       1183,                    32.53575357535753  , -1336          ,   46.96308058753473 ,               15
Random       ,              10.0,   2201, CSG-f1   ,                 869,                  785,                 84,      2196,                      2883,                    10.0,          7,           403,            3636,                       2469,                    67.9042904290429   , -414           ,   85.63995837669096 ,               13
Random       ,              10.0,   2201, CSG-f2   ,                 979,                  888,                 91,      2201,                      3095,                    10.0,          7,           403,            3636,                       2554,                    70.24202420242024  , -541           ,   82.52019386106623 ,               10
Random       ,              10.0,   2201, CGG      ,                 926,                  838,                 88,      2011,                      4039,                    10.0,          7,           403,            3636,                       2107,                    57.94829482948295  , -1932          ,   52.16637781629117 ,               30
Random       ,              20.0,   4402, CSG-f1   ,                1495,                 1346,                149,      4399,                      4012,                    10.0,          7,           403,            3636,                       3549,                    97.60726072607261  , -463           ,   88.45962113659023 ,                6
Random       ,              20.0,   4402, CSG-f2   ,                1620,                 1460,                160,      4399,                      3963,                    10.0,          7,           403,            3636,                       3527,                    97.002200220022    , -436           ,   88.99823366136765 ,                8
Random       ,              20.0,   4402, CGG      ,                 926,                  838,                 88,      2011,                      4039,                    10.0,          7,           403,            3636,                       2107,                    57.94829482948295  , -1932          ,   52.16637781629117 ,               30
Degree       ,               1.0,    892, CSG-f1   ,                 117,                  106,                 11,       888,                       158,                    10.0,          7,           403,            3636,                        322,                     8.855885588558856 , 164            ,  203.7974683544304  ,               21
Degree       ,               1.0,    892, CSG-f2   ,                 209,                  192,                 17,       888,                       211,                    10.0,          7,           403,            3636,                        213,                     5.858085808580858 , 2              ,  100.9478672985782  ,                3
Degree       ,               1.0,    892, CGG      ,                 442,                  399,                 43,       891,                       555,                    10.0,          7,           403,            3636,                        474,                    13.036303630363037 , -81            ,   85.4054054054054  ,                3
Degree       ,               2.0,   1784, CSG-f1   ,                 177,                  156,                 21,      1766,                       368,                    10.0,          7,           403,            3636,                        343,                     9.433443344334433 , -25            ,   93.20652173913044 ,                5
Degree       ,               2.0,   1784, CSG-f2   ,                 261,                  237,                 24,      1781,                       264,                    10.0,          7,           403,            3636,                        261,                     7.1782178217821775, -3             ,   98.86363636363636 ,                3
Degree       ,               2.0,   1784, CGG      ,                 668,                  605,                 63,      1783,                       899,                    10.0,          7,           403,            3636,                        763,                    20.984598459845984 , -136           ,   84.87208008898777 ,                7
Degree       ,               5.0,   4462, CSG-f1   ,                 287,                  254,                 33,      4462,                       480,                    10.0,          7,           403,            3636,                        443,                    12.183718371837184 , -37            ,   92.29166666666667 ,                5
Degree       ,               5.0,   4462, CSG-f2   ,                 408,                  369,                 39,      4426,                       412,                    10.0,          7,           403,            3636,                        379,                    10.423542354235424 , -33            ,   91.99029126213593 ,                3
Degree       ,               5.0,   4462, CGG      ,                1100,                  997,                103,      4456,                      1411,                    10.0,          7,           403,            3636,                       1217,                    33.470847084708474 , -194           ,   86.25088589652728 ,               11
Degree       ,              10.0,   8924, CSG-f1   ,                 448,                  400,                 48,      8910,                       650,                    10.0,          7,           403,            3636,                        600,                    16.5016501650165   , -50            ,   92.3076923076923  ,                5
Degree       ,              10.0,   8924, CSG-f2   ,                 613,                  553,                 60,      8915,                       617,                    10.0,          7,           403,            3636,                        565,                    15.53905390539054  , -52            ,   91.57212317666126 ,                3
Degree       ,              10.0,   8924, CGG      ,                1539,                 1398,                141,      8919,                      2405,                    10.0,          7,           403,            3636,                       1901,                    52.282728272827285 , -504           ,   79.04365904365905 ,               27
Degree       ,              20.0,  17848, CSG-f1   ,                 849,                  758,                 91,     17836,                      1853,                    10.0,          7,           403,            3636,                       1659,                    45.62706270627063  , -194           ,   89.53049109552079 ,                8
Degree       ,              20.0,  17848, CSG-f2   ,                1075,                  975,                100,     17802,                      1081,                    10.0,          7,           403,            3636,                        993,                    27.31023102310231  , -88            ,   91.85938945420907 ,                3
Degree       ,              20.0,  17848, CGG      ,                1982,                 1786,                196,     17817,                      3467,                    10.0,          7,           403,            3636,                       2733,                    75.16501650165016  , -734           ,   78.82895875396596 ,               28
Random       ,               1.0,    220, CSG-f1   ,                 146,                  126,                 20,       220,                       293,                    10.0,          8,           403,            3636,                        278,                     7.645764576457646 , -15            ,   94.88054607508532 ,                2
Random       ,               1.0,    220, CSG-f2   ,                 140,                  122,                 18,       219,                       224,                    10.0,          8,           403,            3636,                        217,                     5.968096809680968 , -7             ,   96.875            ,                2
Random       ,               1.0,    220, CGG      ,                 120,                  104,                 16,       220,                       588,                    10.0,          8,           403,            3636,                        419,                    11.523652365236524 , -169           ,   71.25850340136054 ,                8
Random       ,               2.0,    440, CSG-f1   ,                 252,                  220,                 32,       440,                       409,                    10.0,          8,           403,            3636,                        378,                    10.396039603960396 , -31            ,   92.42053789731052 ,                2
Random       ,               2.0,    440, CSG-f2   ,                 244,                  214,                 30,       438,                       366,                    10.0,          8,           403,            3636,                        336,                     9.24092409240924  , -30            ,   91.80327868852459 ,                2
Random       ,               2.0,    440, CGG      ,                 285,                  249,                 36,       440,                       882,                    10.0,          8,           403,            3636,                        655,                    18.014301430143014 , -227           ,   74.26303854875283 ,               10
Random       ,               5.0,   1100, CSG-f1   ,                 487,                  439,                 48,      1099,                      1354,                    10.0,          8,           403,            3636,                       1221,                    33.58085808580858  , -133           ,   90.17725258493353 ,               14
Random       ,               5.0,   1100, CSG-f2   ,                 533,                  478,                 55,      1099,                      1553,                    10.0,          8,           403,            3636,                       1271,                    34.955995599559955 , -282           ,   81.84159690920798 ,               19
Random       ,               5.0,   1100, CGG      ,                 619,                  547,                 72,      1099,                      2519,                    10.0,          8,           403,            3636,                       1484,                    40.814081408140815 , -1035          ,   58.912266772528774,               26
Random       ,              10.0,   2201, CSG-f1   ,                 869,                  783,                 86,      2196,                      2883,                    10.0,          8,           403,            3636,                       2592,                    71.28712871287128  , -291           ,   89.9063475546306  ,               13
Random       ,              10.0,   2201, CSG-f2   ,                 979,                  881,                 98,      2201,                      3095,                    10.0,          8,           403,            3636,                       2750,                    75.63256325632564  , -345           ,   88.8529886914378  ,               15
Random       ,              10.0,   2201, CGG      ,                 926,                  820,                106,      2011,                      4039,                    10.0,          8,           403,            3636,                       2192,                    60.286028602860284 , -1847          ,   54.270859123545435,               23
Random       ,              20.0,   4402, CSG-f1   ,                1495,                 1344,                151,      4399,                      4012,                    10.0,          8,           403,            3636,                       3598,                    98.95489548954896  , -414           ,   89.68095712861415 ,                5
Random       ,              20.0,   4402, CSG-f2   ,                1620,                 1456,                164,      4399,                      3963,                    10.0,          8,           403,            3636,                       3575,                    98.32233223322332  , -388           ,   90.20943729497856 ,                6
Random       ,              20.0,   4402, CGG      ,                 926,                  820,                106,      2011,                      4039,                    10.0,          8,           403,            3636,                       2192,                    60.286028602860284 , -1847          ,   54.270859123545435,               23
Degree       ,               1.0,    892, CSG-f1   ,                 117,                  109,                  8,       888,                       158,                    10.0,          8,           403,            3636,                        179,                     4.922992299229923 , 21             ,  113.29113924050634 ,                7
Degree       ,               1.0,    892, CSG-f2   ,                 209,                  185,                 24,       888,                       211,                    10.0,          8,           403,            3636,                        210,                     5.775577557755775 , -1             ,   99.52606635071089 ,                3
Degree       ,               1.0,    892, CGG      ,                 442,                  391,                 51,       891,                       555,                    10.0,          8,           403,            3636,                        467,                    12.843784378437844 , -88            ,   84.14414414414414 ,                6
Degree       ,               2.0,   1784, CSG-f1   ,                 177,                  164,                 13,      1766,                       368,                    10.0,          8,           403,            3636,                        371,                    10.203520352035204 , 3              ,  100.81521739130434 ,                5
Degree       ,               2.0,   1784, CSG-f2   ,                 261,                  231,                 30,      1781,                       264,                    10.0,          8,           403,            3636,                        256,                     7.04070407040704  , -8             ,   96.96969696969697 ,                3
Degree       ,               2.0,   1784, CGG      ,                 668,                  595,                 73,      1783,                       899,                    10.0,          8,           403,            3636,                        750,                    20.627062706270628 , -149           ,   83.42602892102336 ,               11
Degree       ,               5.0,   4462, CSG-f1   ,                 287,                  260,                 27,      4462,                       480,                    10.0,          8,           403,            3636,                        470,                    12.926292629262925 , -10            ,   97.91666666666666 ,                5
Degree       ,               5.0,   4462, CSG-f2   ,                 408,                  363,                 45,      4426,                       412,                    10.0,          8,           403,            3636,                        389,                    10.6985698569857   , -23            ,   94.41747572815534 ,                3
Degree       ,               5.0,   4462, CGG      ,                1100,                  986,                114,      4456,                      1411,                    10.0,          8,           403,            3636,                       1239,                    34.07590759075907  , -172           ,   87.81006378454997 ,                8
Degree       ,              10.0,   8924, CSG-f1   ,                 448,                  402,                 46,      8910,                       650,                    10.0,          8,           403,            3636,                        625,                    17.189218921892188 , -25            ,   96.15384615384616 ,                5
Degree       ,              10.0,   8924, CSG-f2   ,                 613,                  550,                 63,      8915,                       617,                    10.0,          8,           403,            3636,                        572,                    15.731573157315731 , -45            ,   92.70664505672609 ,                3
Degree       ,              10.0,   8924, CGG      ,                1539,                 1389,                150,      8919,                      2405,                    10.0,          8,           403,            3636,                       1934,                    53.190319031903186 , -471           ,   80.41580041580042 ,               13
Degree       ,              20.0,  17848, CSG-f1   ,                 849,                  760,                 89,     17836,                      1853,                    10.0,          8,           403,            3636,                       1689,                    46.45214521452145  , -164           ,   91.14948731786292 ,                7
Degree       ,              20.0,  17848, CSG-f2   ,                1075,                  970,                105,     17802,                      1081,                    10.0,          8,           403,            3636,                        989,                    27.200220022002203 , -92            ,   91.48936170212765 ,                3
Degree       ,              20.0,  17848, CGG      ,                1982,                 1794,                188,     17817,                      3467,                    10.0,          8,           403,            3636,                       2744,                    75.46754675467547  , -723           ,   79.14623593885204 ,               22
Random       ,               1.0,    220, CSG-f1   ,                 146,                  135,                 11,       220,                       293,                    10.0,          9,           403,            3636,                        289,                     7.948294829482948 , -4             ,   98.63481228668942 ,                3
Random       ,               1.0,    220, CSG-f2   ,                 140,                  133,                  7,       219,                       224,                    10.0,          9,           403,            3636,                        210,                     5.775577557755775 , -14            ,   93.75             ,                2
Random       ,               1.0,    220, CGG      ,                 120,                  108,                 12,       220,                       588,                    10.0,          9,           403,            3636,                        500,                    13.751375137513753 , -88            ,   85.03401360544217 ,                9
Random       ,               2.0,    440, CSG-f1   ,                 252,                  236,                 16,       440,                       409,                    10.0,          9,           403,            3636,                        400,                    11.001100110011002 , -9             ,   97.79951100244499 ,                3
Random       ,               2.0,    440, CSG-f2   ,                 244,                  228,                 16,       438,                       366,                    10.0,          9,           403,            3636,                        349,                     9.598459845984598 , -17            ,   95.3551912568306  ,                3
Random       ,               2.0,    440, CGG      ,                 285,                  261,                 24,       440,                       882,                    10.0,          9,           403,            3636,                        769,                    21.149614961496148 , -113           ,   87.18820861678005 ,                9
Random       ,               5.0,   1100, CSG-f1   ,                 487,                  445,                 42,      1099,                      1354,                    10.0,          9,           403,            3636,                       1237,                    34.02090209020902  , -117           ,   91.3589364844904  ,               19
Random       ,               5.0,   1100, CSG-f2   ,                 533,                  485,                 48,      1099,                      1553,                    10.0,          9,           403,            3636,                       1123,                    30.885588558855886 , -430           ,   72.31165486155827 ,               15
Random       ,               5.0,   1100, CGG      ,                 619,                  564,                 55,      1099,                      2519,                    10.0,          9,           403,            3636,                       1466,                    40.319031903190314 , -1053          ,   58.19769749900754 ,               15
Random       ,              10.0,   2201, CSG-f1   ,                 869,                  790,                 79,      2196,                      2883,                    10.0,          9,           403,            3636,                       2611,                    71.80968096809681  , -272           ,   90.56538328130421 ,               13
Random       ,              10.0,   2201, CSG-f2   ,                 979,                  889,                 90,      2201,                      3095,                    10.0,          9,           403,            3636,                       2830,                    77.83278327832784  , -265           ,   91.437802907916   ,               14
Random       ,              10.0,   2201, CGG      ,                 926,                  843,                 83,      2011,                      4039,                    10.0,          9,           403,            3636,                       2396,                    65.8965896589659   , -1643          ,   59.32161426095568 ,               29
Random       ,              20.0,   4402, CSG-f1   ,                1495,                 1348,                147,      4399,                      4012,                    10.0,          9,           403,            3636,                       3609,                    99.25742574257426  , -403           ,   89.95513459621137 ,                6
Random       ,              20.0,   4402, CSG-f2   ,                1620,                 1456,                164,      4399,                      3963,                    10.0,          9,           403,            3636,                       3576,                    98.34983498349835  , -387           ,   90.2346707040121  ,                7
Random       ,              20.0,   4402, CGG      ,                 926,                  843,                 83,      2011,                      4039,                    10.0,          9,           403,            3636,                       2396,                    65.8965896589659   , -1643          ,   59.32161426095568 ,               29
Degree       ,               1.0,    892, CSG-f1   ,                 117,                   98,                 19,       888,                       158,                    10.0,          9,           403,            3636,                        130,                     3.575357535753575 , -28            ,   82.27848101265823 ,                2
Degree       ,               1.0,    892, CSG-f2   ,                 209,                  192,                 17,       888,                       211,                    10.0,          9,           403,            3636,                        195,                     5.363036303630363 , -16            ,   92.41706161137441 ,                1
Degree       ,               1.0,    892, CGG      ,                 442,                  396,                 46,       891,                       555,                    10.0,          9,           403,            3636,                        458,                    12.596259625962597 , -97            ,   82.52252252252252 ,                3
Degree       ,               2.0,   1784, CSG-f1   ,                 177,                  146,                 31,      1766,                       368,                    10.0,          9,           403,            3636,                        311,                     8.553355335533555 , -57            ,   84.51086956521739 ,                6
Degree       ,               2.0,   1784, CSG-f2   ,                 261,                  238,                 23,      1781,                       264,                    10.0,          9,           403,            3636,                        242,                     6.655665566556655 , -22            ,   91.66666666666666 ,                1
Degree       ,               2.0,   1784, CGG      ,                 668,                  599,                 69,      1783,                       899,                    10.0,          9,           403,            3636,                        729,                    20.049504950495052 , -170           ,   81.0901001112347  ,                5
Degree       ,               5.0,   4462, CSG-f1   ,                 287,                  242,                 45,      4462,                       480,                    10.0,          9,           403,            3636,                        413,                    11.358635863586358 , -67            ,   86.04166666666667 ,                6
Degree       ,               5.0,   4462, CSG-f2   ,                 408,                  376,                 32,      4426,                       412,                    10.0,          9,           403,            3636,                        380,                    10.45104510451045  , -32            ,   92.23300970873787 ,                1
Degree       ,               5.0,   4462, CGG      ,                1100,                  983,                117,      4456,                      1411,                    10.0,          9,           403,            3636,                       1216,                    33.44334433443345  , -195           ,   86.18001417434444 ,                6
Degree       ,              10.0,   8924, CSG-f1   ,                 448,                  387,                 61,      8910,                       650,                    10.0,          9,           403,            3636,                        567,                    15.594059405940595 , -83            ,   87.23076923076924 ,                6
Degree       ,              10.0,   8924, CSG-f2   ,                 613,                  558,                 55,      8915,                       617,                    10.0,          9,           403,            3636,                        563,                    15.484048404840484 , -54            ,   91.24797406807131 ,                1
Degree       ,              10.0,   8924, CGG      ,                1539,                 1369,                170,      8919,                      2405,                    10.0,          9,           403,            3636,                       1899,                    52.22772277227723  , -506           ,   78.96049896049895 ,               16
Degree       ,              20.0,  17848, CSG-f1   ,                 849,                  757,                 92,     17836,                      1853,                    10.0,          9,           403,            3636,                       1677,                    46.12211221122112  , -176           ,   90.50188882892607 ,                8
Degree       ,              20.0,  17848, CSG-f2   ,                1075,                  981,                 94,     17802,                      1081,                    10.0,          9,           403,            3636,                        988,                    27.17271727172717  , -93            ,   91.3968547641073  ,                1
Degree       ,              20.0,  17848, CGG      ,                1982,                 1778,                204,     17817,                      3467,                    10.0,          9,           403,            3636,                       2708,                    74.47744774477447  , -759           ,   78.10787424286126 ,               25
Random       ,               1.0,    220, CSG-f1   ,                 146,                  137,                  9,       220,                       293,                    10.0,         10,           403,            3636,                        287,                     7.893289328932894 , -6             ,   97.95221843003414 ,                4
Random       ,               1.0,    220, CSG-f2   ,                 140,                  133,                  7,       219,                       224,                    10.0,         10,           403,            3636,                        221,                     6.078107810781078 , -3             ,   98.66071428571429 ,                2
Random       ,               1.0,    220, CGG      ,                 120,                  107,                 13,       220,                       588,                    10.0,         10,           403,            3636,                        506,                    13.916391639163916 , -82            ,   86.05442176870748 ,               13
Random       ,               2.0,    440, CSG-f1   ,                 252,                  237,                 15,       440,                       409,                    10.0,         10,           403,            3636,                        398,                    10.946094609460946 , -11            ,   97.31051344743277 ,                4
Random       ,               2.0,    440, CSG-f2   ,                 244,                  230,                 14,       438,                       366,                    10.0,         10,           403,            3636,                        356,                     9.79097909790979  , -10            ,   97.26775956284153 ,                2
Random       ,               2.0,    440, CGG      ,                 285,                  255,                 30,       440,                       882,                    10.0,         10,           403,            3636,                        721,                    19.82948294829483  , -161           ,   81.74603174603175 ,               13
Random       ,               5.0,   1100, CSG-f1   ,                 487,                  447,                 40,      1099,                      1354,                    10.0,         10,           403,            3636,                       1367,                    37.596259625962595 , 13             ,  100.96011816838994 ,               35
Random       ,               5.0,   1100, CSG-f2   ,                 533,                  482,                 51,      1099,                      1553,                    10.0,         10,           403,            3636,                       1409,                    38.75137513751375  , -144           ,   90.72762395363812 ,               28
Random       ,               5.0,   1100, CGG      ,                 619,                  558,                 61,      1099,                      2519,                    10.0,         10,           403,            3636,                       1411,                    38.80638063806381  , -1108          ,   56.01429138547043 ,               18
Random       ,              10.0,   2201, CSG-f1   ,                 869,                  789,                 80,      2196,                      2883,                    10.0,         10,           403,            3636,                       2561,                    70.43454345434543  , -322           ,   88.8310787374263  ,               13
Random       ,              10.0,   2201, CSG-f2   ,                 979,                  882,                 97,      2201,                      3095,                    10.0,         10,           403,            3636,                       2710,                    74.53245324532453  , -385           ,   87.56058158319871 ,               15
Random       ,              10.0,   2201, CGG      ,                 926,                  841,                 85,      2011,                      4039,                    10.0,         10,           403,            3636,                       2541,                    69.88448844884488  , -1498          ,   62.911611785095324,               30
Random       ,              20.0,   4402, CSG-f1   ,                1495,                 1358,                137,      4399,                      4012,                    10.0,         10,           403,            3636,                       3605,                    99.14741474147415  , -407           ,   89.85543369890328 ,                5
Random       ,              20.0,   4402, CSG-f2   ,                1620,                 1470,                150,      4399,                      3963,                    10.0,         10,           403,            3636,                       3564,                    98.01980198019803  , -399           ,   89.93186979560939 ,                4
Random       ,              20.0,   4402, CGG      ,                 926,                  841,                 85,      2011,                      4039,                    10.0,         10,           403,            3636,                       2541,                    69.88448844884488  , -1498          ,   62.911611785095324,               30
Degree       ,               1.0,    892, CSG-f1   ,                 117,                  111,                  6,       888,                       158,                    10.0,         10,           403,            3636,                        156,                     4.29042904290429  , -2             ,   98.73417721518987 ,                5
Degree       ,               1.0,    892, CSG-f2   ,                 209,                  185,                 24,       888,                       211,                    10.0,         10,           403,            3636,                        191,                     5.253025302530253 , -20            ,   90.52132701421802 ,                1
Degree       ,               1.0,    892, CGG      ,                 442,                  398,                 44,       891,                       555,                    10.0,         10,           403,            3636,                        466,                    12.816281628162814 , -89            ,   83.96396396396396 ,                3
Degree       ,               2.0,   1784, CSG-f1   ,                 177,                  164,                 13,      1766,                       368,                    10.0,         10,           403,            3636,                        336,                     9.24092409240924  , -32            ,   91.30434782608695 ,                6
Degree       ,               2.0,   1784, CSG-f2   ,                 261,                  234,                 27,      1781,                       264,                    10.0,         10,           403,            3636,                        241,                     6.628162816281629 , -23            ,   91.28787878787878 ,                1
Degree       ,               2.0,   1784, CGG      ,                 668,                  595,                 73,      1783,                       899,                    10.0,         10,           403,            3636,                        744,                    20.462046204620464 , -155           ,   82.75862068965517 ,                8
Degree       ,               5.0,   4462, CSG-f1   ,                 287,                  268,                 19,      4462,                       480,                    10.0,         10,           403,            3636,                        442,                    12.156215621562156 , -38            ,   92.08333333333333 ,                6
Degree       ,               5.0,   4462, CSG-f2   ,                 408,                  363,                 45,      4426,                       412,                    10.0,         10,           403,            3636,                        371,                    10.203520352035204 , -41            ,   90.0485436893204  ,                2
Degree       ,               5.0,   4462, CGG      ,                1100,                  977,                123,      4456,                      1411,                    10.0,         10,           403,            3636,                       1193,                    32.81078107810781  , -218           ,   84.54996456413892 ,                9
Degree       ,              10.0,   8924, CSG-f1   ,                 448,                  413,                 35,      8910,                       650,                    10.0,         10,           403,            3636,                        591,                    16.254125412541253 , -59            ,   90.92307692307692 ,                6
Degree       ,              10.0,   8924, CSG-f2   ,                 613,                  544,                 69,      8915,                       617,                    10.0,         10,           403,            3636,                        551,                    15.154015401540155 , -66            ,   89.3030794165316  ,                2
Degree       ,              10.0,   8924, CGG      ,                1539,                 1371,                168,      8919,                      2405,                    10.0,         10,           403,            3636,                       1888,                    51.92519251925193  , -517           ,   78.50311850311851 ,               18
Degree       ,              20.0,  17848, CSG-f1   ,                 849,                  769,                 80,     17836,                      1853,                    10.0,         10,           403,            3636,                       1656,                    45.54455445544555  , -197           ,   89.36859147328656 ,                8
Degree       ,              20.0,  17848, CSG-f2   ,                1075,                  959,                116,     17802,                      1081,                    10.0,         10,           403,            3636,                        967,                    26.595159515951593 , -114           ,   89.45420906567992 ,                2
Degree       ,              20.0,  17848, CGG      ,                1982,                 1773,                209,     17817,                      3467,                    10.0,         10,           403,            3636,                       2783,                    76.54015401540154  , -684           ,   80.27112777617536 ,               22
Random       ,               1.0,    220, CSG-f1   ,                 146,                  130,                 16,       220,                       293,                    10.0,         11,           403,            3636,                        274,                     7.5357535753575355, -19            ,   93.51535836177474 ,                3
Random       ,               1.0,    220, CSG-f2   ,                 140,                  124,                 16,       219,                       224,                    10.0,         11,           403,            3636,                        214,                     5.885588558855885 , -10            ,   95.53571428571429 ,                3
Random       ,               1.0,    220, CGG      ,                 120,                  107,                 13,       220,                       588,                    10.0,         11,           403,            3636,                        440,                    12.101210121012102 , -148           ,   74.82993197278913 ,               11
Random       ,               2.0,    440, CSG-f1   ,                 252,                  223,                 29,       440,                       409,                    10.0,         11,           403,            3636,                        377,                    10.368536853685368 , -32            ,   92.1760391198044  ,                3
Random       ,               2.0,    440, CSG-f2   ,                 244,                  215,                 29,       438,                       366,                    10.0,         11,           403,            3636,                        334,                     9.185918591859187 , -32            ,   91.2568306010929  ,                3
Random       ,               2.0,    440, CGG      ,                 285,                  248,                 37,       440,                       882,                    10.0,         11,           403,            3636,                        656,                    18.04180418041804  , -226           ,   74.37641723356009 ,               11
Random       ,               5.0,   1100, CSG-f1   ,                 487,                  430,                 57,      1099,                      1354,                    10.0,         11,           403,            3636,                       1268,                    34.87348734873487  , -86            ,   93.64844903988183 ,               23
Random       ,               5.0,   1100, CSG-f2   ,                 533,                  473,                 60,      1099,                      1553,                    10.0,         11,           403,            3636,                        816,                    22.442244224422442 , -737           ,   52.54346426271732 ,                7
Random       ,               5.0,   1100, CGG      ,                 619,                  548,                 71,      1099,                      2519,                    10.0,         11,           403,            3636,                       1606,                    44.169416941694166 , -913           ,   63.75545851528385 ,               29
Random       ,              10.0,   2201, CSG-f1   ,                 869,                  785,                 84,      2196,                      2883,                    10.0,         11,           403,            3636,                       2754,                    75.74257425742574  , -129           ,   95.52549427679502 ,               19
Random       ,              10.0,   2201, CSG-f2   ,                 979,                  877,                102,      2201,                      3095,                    10.0,         11,           403,            3636,                       2802,                    77.06270627062707  , -293           ,   90.53311793214863 ,               20
Random       ,              10.0,   2201, CGG      ,                 926,                  826,                100,      2011,                      4039,                    10.0,         11,           403,            3636,                       2355,                    64.76897689768977  , -1684          ,   58.30651151275068 ,               34
Random       ,              20.0,   4402, CSG-f1   ,                1495,                 1340,                155,      4399,                      4012,                    10.0,         11,           403,            3636,                       3601,                    99.03740374037405  , -411           ,   89.75573280159522 ,                5
Random       ,              20.0,   4402, CSG-f2   ,                1620,                 1445,                175,      4399,                      3963,                    10.0,         11,           403,            3636,                       3538,                    97.3047304730473   , -425           ,   89.27580116073682 ,                5
Random       ,              20.0,   4402, CGG      ,                 926,                  826,                100,      2011,                      4039,                    10.0,         11,           403,            3636,                       2355,                    64.76897689768977  , -1684          ,   58.30651151275068 ,               34
Degree       ,               1.0,    892, CSG-f1   ,                 117,                  102,                 15,       888,                       158,                    10.0,         11,           403,            3636,                        131,                     3.602860286028603 , -27            ,   82.91139240506328 ,                3
Degree       ,               1.0,    892, CSG-f2   ,                 209,                  187,                 22,       888,                       211,                    10.0,         11,           403,            3636,                        195,                     5.363036303630363 , -16            ,   92.41706161137441 ,                2
Degree       ,               1.0,    892, CGG      ,                 442,                  387,                 55,       891,                       555,                    10.0,         11,           403,            3636,                        461,                    12.678767876787678 , -94            ,   83.06306306306305 ,                3
Degree       ,               2.0,   1784, CSG-f1   ,                 177,                  156,                 21,      1766,                       368,                    10.0,         11,           403,            3636,                        319,                     8.773377337733773 , -49            ,   86.68478260869566 ,                5
Degree       ,               2.0,   1784, CSG-f2   ,                 261,                  234,                 27,      1781,                       264,                    10.0,         11,           403,            3636,                        243,                     6.683168316831684 , -21            ,   92.04545454545455 ,                2
Degree       ,               2.0,   1784, CGG      ,                 668,                  596,                 72,      1783,                       899,                    10.0,         11,           403,            3636,                        748,                    20.572057205720572 , -151           ,   83.20355951056729 ,                6
Degree       ,               5.0,   4462, CSG-f1   ,                 287,                  253,                 34,      4462,                       480,                    10.0,         11,           403,            3636,                        419,                    11.523652365236524 , -61            ,   87.29166666666667 ,                5
Degree       ,               5.0,   4462, CSG-f2   ,                 408,                  374,                 34,      4426,                       412,                    10.0,         11,           403,            3636,                        384,                    10.561056105610561 , -28            ,   93.20388349514563 ,                2
Degree       ,               5.0,   4462, CGG      ,                1100,                  978,                122,      4456,                      1411,                    10.0,         11,           403,            3636,                       1190,                    32.72827282728273  , -221           ,   84.33734939759037 ,                8
Degree       ,              10.0,   8924, CSG-f1   ,                 448,                  401,                 47,      8910,                       650,                    10.0,         11,           403,            3636,                        578,                    15.896589658965896 , -72            ,   88.92307692307693 ,                5
Degree       ,              10.0,   8924, CSG-f2   ,                 613,                  559,                 54,      8915,                       617,                    10.0,         11,           403,            3636,                        568,                    15.62156215621562  , -49            ,   92.05834683954619 ,                2
Degree       ,              10.0,   8924, CGG      ,                1539,                 1368,                171,      8919,                      2405,                    10.0,         11,           403,            3636,                       1964,                    54.015401540154016 , -441           ,   81.66320166320166 ,               23
Degree       ,              20.0,  17848, CSG-f1   ,                 849,                  761,                 88,     17836,                      1853,                    10.0,         11,           403,            3636,                       1666,                    45.81958195819582  , -187           ,   89.90825688073394 ,                7
Degree       ,              20.0,  17848, CSG-f2   ,                1075,                  979,                 96,     17802,                      1081,                    10.0,         11,           403,            3636,                        989,                    27.200220022002203 , -92            ,   91.48936170212765 ,                2
Degree       ,              20.0,  17848, CGG      ,                1982,                 1774,                208,     17817,                      3467,                    10.0,         11,           403,            3636,                       2752,                    75.68756875687569  , -715           ,   79.37698298240554 ,               22
Random       ,               1.0,    220, CSG-f1   ,                 146,                  130,                 16,       220,                       293,                    10.0,         12,           403,            3636,                        294,                     8.085808580858085 , 1              ,  100.34129692832765 ,                5
Random       ,               1.0,    220, CSG-f2   ,                 140,                  125,                 15,       219,                       224,                    10.0,         12,           403,            3636,                        218,                     5.995599559955996 , -6             ,   97.32142857142857 ,                5
Random       ,               1.0,    220, CGG      ,                 120,                  109,                 11,       220,                       588,                    10.0,         12,           403,            3636,                        508,                    13.97139713971397  , -80            ,   86.39455782312925 ,                7
Random       ,               2.0,    440, CSG-f1   ,                 252,                  226,                 26,       440,                       409,                    10.0,         12,           403,            3636,                        399,                    10.973597359735972 , -10            ,   97.55501222493888 ,                5
Random       ,               2.0,    440, CSG-f2   ,                 244,                  216,                 28,       438,                       366,                    10.0,         12,           403,            3636,                        359,                     9.873487348734873 , -7             ,   98.08743169398907 ,                5
Random       ,               2.0,    440, CGG      ,                 285,                  257,                 28,       440,                       882,                    10.0,         12,           403,            3636,                        767,                    21.094609460946096 , -115           ,   86.96145124716553 ,                9
Random       ,               5.0,   1100, CSG-f1   ,                 487,                  438,                 49,      1099,                      1354,                    10.0,         12,           403,            3636,                       1288,                    35.42354235423542  , -66            ,   95.12555391432792 ,               18
Random       ,               5.0,   1100, CSG-f2   ,                 533,                  479,                 54,      1099,                      1553,                    10.0,         12,           403,            3636,                       1332,                    36.633663366336634 , -221           ,   85.76947842884739 ,               18
Random       ,               5.0,   1100, CGG      ,                 619,                  566,                 53,      1099,                      2519,                    10.0,         12,           403,            3636,                       1840,                    50.605060506050606 , -679           ,   73.04485907105995 ,               28
Random       ,              10.0,   2201, CSG-f1   ,                 869,                  786,                 83,      2196,                      2883,                    10.0,         12,           403,            3636,                       2686,                    73.87238723872387  , -197           ,   93.16684009712105 ,               19
Random       ,              10.0,   2201, CSG-f2   ,                 979,                  886,                 93,      2201,                      3095,                    10.0,         12,           403,            3636,                       2659,                    73.12981298129813  , -436           ,   85.91276252019387 ,               14
Random       ,              10.0,   2201, CGG      ,                 926,                  841,                 85,      2011,                      4039,                    10.0,         12,           403,            3636,                       2905,                    79.89548954895488  , -1134          ,   71.92374350086655 ,               33
Random       ,              20.0,   4402, CSG-f1   ,                1495,                 1363,                132,      4399,                      4012,                    10.0,         12,           403,            3636,                       3611,                    99.31243124312431  , -401           ,   90.0049850448654  ,                6
Random       ,              20.0,   4402, CSG-f2   ,                1620,                 1471,                149,      4399,                      3963,                    10.0,         12,           403,            3636,                       3548,                    97.57975797579758  , -415           ,   89.52813525107241 ,                5
Random       ,              20.0,   4402, CGG      ,                 926,                  841,                 85,      2011,                      4039,                    10.0,         12,           403,            3636,                       2905,                    79.89548954895488  , -1134          ,   71.92374350086655 ,               33
Degree       ,               1.0,    892, CSG-f1   ,                 117,                  104,                 13,       888,                       158,                    10.0,         12,           403,            3636,                        142,                     3.905390539053905 , -16            ,   89.87341772151899 ,                5
Degree       ,               1.0,    892, CSG-f2   ,                 209,                  194,                 15,       888,                       211,                    10.0,         12,           403,            3636,                        199,                     5.473047304730473 , -12            ,   94.3127962085308  ,                2
Degree       ,               1.0,    892, CGG      ,                 442,                  403,                 39,       891,                       555,                    10.0,         12,           403,            3636,                        499,                    13.723872387238723 , -56            ,   89.90990990990991 ,                9
Degree       ,               2.0,   1784, CSG-f1   ,                 177,                  161,                 16,      1766,                       368,                    10.0,         12,           403,            3636,                        330,                     9.075907590759076 , -38            ,   89.67391304347827 ,                5
Degree       ,               2.0,   1784, CSG-f2   ,                 261,                  238,                 23,      1781,                       264,                    10.0,         12,           403,            3636,                        247,                     6.793179317931792 , -17            ,   93.56060606060606 ,                3
Degree       ,               2.0,   1784, CGG      ,                 668,                  608,                 60,      1783,                       899,                    10.0,         12,           403,            3636,                        775,                    21.314631463146313 , -124           ,   86.20689655172413 ,                9
Degree       ,               5.0,   4462, CSG-f1   ,                 287,                  263,                 24,      4462,                       480,                    10.0,         12,           403,            3636,                        435,                    11.963696369636963 , -45            ,   90.625            ,                5
Degree       ,               5.0,   4462, CSG-f2   ,                 408,                  373,                 35,      4426,                       412,                    10.0,         12,           403,            3636,                        379,                    10.423542354235424 , -33            ,   91.99029126213593 ,                2
Degree       ,               5.0,   4462, CGG      ,                1100,                  995,                105,      4456,                      1411,                    10.0,         12,           403,            3636,                       1271,                    34.955995599559955 , -140           ,   90.07795889440114 ,                9
Degree       ,              10.0,   8924, CSG-f1   ,                 448,                  411,                 37,      8910,                       650,                    10.0,         12,           403,            3636,                        599,                    16.474147414741473 , -51            ,   92.15384615384615 ,                5
Degree       ,              10.0,   8924, CSG-f2   ,                 613,                  567,                 46,      8915,                       617,                    10.0,         12,           403,            3636,                        573,                    15.75907590759076  , -44            ,   92.86871961102106 ,                2
Degree       ,              10.0,   8924, CGG      ,                1539,                 1392,                147,      8919,                      2405,                    10.0,         12,           403,            3636,                       1963,                    53.98789878987898  , -442           ,   81.62162162162161 ,               19
Degree       ,              20.0,  17848, CSG-f1   ,                 849,                  763,                 86,     17836,                      1853,                    10.0,         12,           403,            3636,                       1667,                    45.847084708470845 , -186           ,   89.96222342147868 ,                7
Degree       ,              20.0,  17848, CSG-f2   ,                1075,                  986,                 89,     17802,                      1081,                    10.0,         12,           403,            3636,                        994,                    27.337733773377337 , -87            ,   91.95189639222941 ,                2
Degree       ,              20.0,  17848, CGG      ,                1982,                 1798,                184,     17817,                      3467,                    10.0,         12,           403,            3636,                       2732,                    75.13751375137514  , -735           ,   78.80011537352178 ,               18
Random       ,               1.0,    220, CSG-f1   ,                 146,                  132,                 14,       220,                       293,                    10.0,         13,           403,            3636,                        293,                     8.058305830583059 , 0              ,  100.0              ,                3
Random       ,               1.0,    220, CSG-f2   ,                 140,                  129,                 11,       219,                       224,                    10.0,         13,           403,            3636,                        222,                     6.105610561056106 , -2             ,   99.10714285714286 ,                2
Random       ,               1.0,    220, CGG      ,                 120,                  109,                 11,       220,                       588,                    10.0,         13,           403,            3636,                        500,                    13.751375137513753 , -88            ,   85.03401360544217 ,                8
Random       ,               2.0,    440, CSG-f1   ,                 252,                  222,                 30,       440,                       409,                    10.0,         13,           403,            3636,                        388,                    10.671067106710671 , -21            ,   94.86552567237165 ,                4
Random       ,               2.0,    440, CSG-f2   ,                 244,                  213,                 31,       438,                       366,                    10.0,         13,           403,            3636,                        347,                     9.543454345434544 , -19            ,   94.80874316939891 ,                4
Random       ,               2.0,    440, CGG      ,                 285,                  253,                 32,       440,                       882,                    10.0,         13,           403,            3636,                        712,                    19.58195819581958  , -170           ,   80.72562358276643 ,                8
Random       ,               5.0,   1100, CSG-f1   ,                 487,                  431,                 56,      1099,                      1354,                    10.0,         13,           403,            3636,                       1339,                    36.826182618261825 , -15            ,   98.89217134416543 ,               32
Random       ,               5.0,   1100, CSG-f2   ,                 533,                  471,                 62,      1099,                      1553,                    10.0,         13,           403,            3636,                       1383,                    38.03630363036304  , -170           ,   89.05344494526723 ,               29
Random       ,               5.0,   1100, CGG      ,                 619,                  554,                 65,      1099,                      2519,                    10.0,         13,           403,            3636,                       1417,                    38.97139713971397  , -1102          ,   56.25248114331084 ,               15
Random       ,              10.0,   2201, CSG-f1   ,                 869,                  783,                 86,      2196,                      2883,                    10.0,         13,           403,            3636,                       2650,                    72.88228822882287  , -233           ,   91.91814082552897 ,               19
Random       ,              10.0,   2201, CSG-f2   ,                 979,                  882,                 97,      2201,                      3095,                    10.0,         13,           403,            3636,                       2899,                    79.73047304730473  , -196           ,   93.66720516962843 ,               15
Random       ,              10.0,   2201, CGG      ,                 926,                  825,                101,      2011,                      4039,                    10.0,         13,           403,            3636,                       2775,                    76.32013201320133  , -1264          ,   68.70512503094825 ,               36
Random       ,              20.0,   4402, CSG-f1   ,                1495,                 1342,                153,      4399,                      4012,                    10.0,         13,           403,            3636,                       3619,                    99.53245324532453  , -393           ,   90.20438683948156 ,                5
Random       ,              20.0,   4402, CSG-f2   ,                1620,                 1462,                158,      4399,                      3963,                    10.0,         13,           403,            3636,                       3565,                    98.04730473047304  , -398           ,   89.95710320464295 ,                4
Random       ,              20.0,   4402, CGG      ,                 926,                  825,                101,      2011,                      4039,                    10.0,         13,           403,            3636,                       2775,                    76.32013201320133  , -1264          ,   68.70512503094825 ,               36
Degree       ,               1.0,    892, CSG-f1   ,                 117,                  105,                 12,       888,                       158,                    10.0,         13,           403,            3636,                        133,                     3.6578657865786584, -25            ,   84.17721518987342 ,                4
Degree       ,               1.0,    892, CSG-f2   ,                 209,                  191,                 18,       888,                       211,                    10.0,         13,           403,            3636,                        193,                     5.3080308030803085, -18            ,   91.4691943127962  ,                1
Degree       ,               1.0,    892, CGG      ,                 442,                  401,                 41,       891,                       555,                    10.0,         13,           403,            3636,                        500,                    13.751375137513753 , -55            ,   90.09009009009009 ,               13
Degree       ,               2.0,   1784, CSG-f1   ,                 177,                  160,                 17,      1766,                       368,                    10.0,         13,           403,            3636,                        332,                     9.13091309130913  , -36            ,   90.21739130434783 ,                5
Degree       ,               2.0,   1784, CSG-f2   ,                 261,                  239,                 22,      1781,                       264,                    10.0,         13,           403,            3636,                        242,                     6.655665566556655 , -22            ,   91.66666666666666 ,                1
Degree       ,               2.0,   1784, CGG      ,                 668,                  607,                 61,      1783,                       899,                    10.0,         13,           403,            3636,                        763,                    20.984598459845984 , -136           ,   84.87208008898777 ,               13
Degree       ,               5.0,   4462, CSG-f1   ,                 287,                  257,                 30,      4462,                       480,                    10.0,         13,           403,            3636,                        431,                    11.853685368536853 , -49            ,   89.79166666666667 ,                5
Degree       ,               5.0,   4462, CSG-f2   ,                 408,                  366,                 42,      4426,                       412,                    10.0,         13,           403,            3636,                        369,                    10.14851485148515  , -43            ,   89.56310679611651 ,                1
Degree       ,               5.0,   4462, CGG      ,                1100,                  998,                102,      4456,                      1411,                    10.0,         13,           403,            3636,                       1237,                    34.02090209020902  , -174           ,   87.66832034018427 ,               13
Degree       ,              10.0,   8924, CSG-f1   ,                 448,                  402,                 46,      8910,                       650,                    10.0,         13,           403,            3636,                        589,                    16.1991199119912   , -61            ,   90.61538461538461 ,                5
Degree       ,              10.0,   8924, CSG-f2   ,                 613,                  550,                 63,      8915,                       617,                    10.0,         13,           403,            3636,                        553,                    15.20902090209021  , -64            ,   89.62722852512157 ,                1
Degree       ,              10.0,   8924, CGG      ,                1539,                 1399,                140,      8919,                      2405,                    10.0,         13,           403,            3636,                       1955,                    53.76787678767877  , -450           ,   81.28898128898129 ,               18
Degree       ,              20.0,  17848, CSG-f1   ,                 849,                  769,                 80,     17836,                      1853,                    10.0,         13,           403,            3636,                       1652,                    45.43454345434543  , -201           ,   89.15272531030762 ,                9
Degree       ,              20.0,  17848, CSG-f2   ,                1075,                  972,                103,     17802,                      1081,                    10.0,         13,           403,            3636,                        978,                    26.897689768976896 , -103           ,   90.47178538390379 ,                1
Degree       ,              20.0,  17848, CGG      ,                1982,                 1788,                194,     17817,                      3467,                    10.0,         13,           403,            3636,                       2638,                    72.55225522552256  , -829           ,   76.0888376117681  ,               17
Random       ,               1.0,    220, CSG-f1   ,                 146,                  134,                 12,       220,                       293,                    10.0,         14,           403,            3636,                        258,                     7.095709570957095 , -35            ,   88.05460750853243 ,                5
Random       ,               1.0,    220, CSG-f2   ,                 140,                  129,                 11,       219,                       224,                    10.0,         14,           403,            3636,                        187,                     5.143014301430143 , -37            ,   83.48214285714286 ,                5
Random       ,               1.0,    220, CGG      ,                 120,                  108,                 12,       220,                       588,                    10.0,         14,           403,            3636,                        424,                    11.66116611661166  , -164           ,   72.10884353741497 ,                7
Random       ,               2.0,    440, CSG-f1   ,                 252,                  230,                 22,       440,                       409,                    10.0,         14,           403,            3636,                        357,                     9.818481848184819 , -52            ,   87.28606356968214 ,                5
Random       ,               2.0,    440, CSG-f2   ,                 244,                  222,                 22,       438,                       366,                    10.0,         14,           403,            3636,                        318,                     8.745874587458747 , -48            ,   86.88524590163934 ,                5
Random       ,               2.0,    440, CGG      ,                 285,                  262,                 23,       440,                       882,                    10.0,         14,           403,            3636,                        650,                    17.876787678767876 , -232           ,   73.69614512471655 ,                7
Random       ,               5.0,   1100, CSG-f1   ,                 487,                  440,                 47,      1099,                      1354,                    10.0,         14,           403,            3636,                       1217,                    33.470847084708474 , -137           ,   89.88183161004432 ,               17
Random       ,               5.0,   1100, CSG-f2   ,                 533,                  477,                 56,      1099,                      1553,                    10.0,         14,           403,            3636,                       1277,                    35.12101210121012  , -276           ,   82.22794591113973 ,               18
Random       ,               5.0,   1100, CGG      ,                 619,                  560,                 59,      1099,                      2519,                    10.0,         14,           403,            3636,                       1323,                    36.386138613861384 , -1196          ,   52.52084160381104 ,               15
Random       ,              10.0,   2201, CSG-f1   ,                 869,                  789,                 80,      2196,                      2883,                    10.0,         14,           403,            3636,                       2605,                    71.64466446644664  , -278           ,   90.35726673603884 ,               18
Random       ,              10.0,   2201, CSG-f2   ,                 979,                  884,                 95,      2201,                      3095,                    10.0,         14,           403,            3636,                       2622,                    72.11221122112211  , -473           ,   84.71728594507269 ,               17
Random       ,              10.0,   2201, CGG      ,                 926,                  832,                 94,      2011,                      4039,                    10.0,         14,           403,            3636,                       2366,                    65.07150715071506  , -1673          ,   58.578856152513005,               42
Random       ,              20.0,   4402, CSG-f1   ,                1495,                 1342,                153,      4399,                      4012,                    10.0,         14,           403,            3636,                       3567,                    98.10231023102311  , -445           ,   88.90827517447657 ,                7
Random       ,              20.0,   4402, CSG-f2   ,                1620,                 1452,                168,      4399,                      3963,                    10.0,         14,           403,            3636,                       3537,                    97.27722772277228  , -426           ,   89.25056775170326 ,                7
Random       ,              20.0,   4402, CGG      ,                 926,                  832,                 94,      2011,                      4039,                    10.0,         14,           403,            3636,                       2366,                    65.07150715071506  , -1673          ,   58.578856152513005,               42
Degree       ,               1.0,    892, CSG-f1   ,                 117,                  105,                 12,       888,                       158,                    10.0,         14,           403,            3636,                        273,                     7.508250825082509 , 115            ,  172.7848101265823  ,               15
Degree       ,               1.0,    892, CSG-f2   ,                 209,                  189,                 20,       888,                       211,                    10.0,         14,           403,            3636,                        204,                     5.6105610561056105, -7             ,   96.6824644549763  ,                1
Degree       ,               1.0,    892, CGG      ,                 442,                  406,                 36,       891,                       555,                    10.0,         14,           403,            3636,                        510,                    14.026402640264028 , -45            ,   91.8918918918919  ,               14
Degree       ,               2.0,   1784, CSG-f1   ,                 177,                  159,                 18,      1766,                       368,                    10.0,         14,           403,            3636,                        329,                     9.048404840484048 , -39            ,   89.40217391304348 ,                7
Degree       ,               2.0,   1784, CSG-f2   ,                 261,                  238,                 23,      1781,                       264,                    10.0,         14,           403,            3636,                        258,                     7.095709570957095 , -6             ,   97.72727272727273 ,                3
Degree       ,               2.0,   1784, CGG      ,                 668,                  608,                 60,      1783,                       899,                    10.0,         14,           403,            3636,                        811,                    22.304730473047304 , -88            ,   90.21134593993327 ,               14
Degree       ,               5.0,   4462, CSG-f1   ,                 287,                  257,                 30,      4462,                       480,                    10.0,         14,           403,            3636,                        435,                    11.963696369636963 , -45            ,   90.625            ,                7
Degree       ,               5.0,   4462, CSG-f2   ,                 408,                  365,                 43,      4426,                       412,                    10.0,         14,           403,            3636,                        372,                    10.231023102310232 , -40            ,   90.29126213592234 ,                1
Degree       ,               5.0,   4462, CGG      ,                1100,                 1001,                 99,      4456,                      1411,                    10.0,         14,           403,            3636,                       1264,                    34.763476347634764 , -147           ,   89.58185683912119 ,               14
Degree       ,              10.0,   8924, CSG-f1   ,                 448,                  406,                 42,      8910,                       650,                    10.0,         14,           403,            3636,                        597,                    16.419141914191417 , -53            ,   91.84615384615384 ,                7
Degree       ,              10.0,   8924, CSG-f2   ,                 613,                  547,                 66,      8915,                       617,                    10.0,         14,           403,            3636,                        556,                    15.291529152915292 , -61            ,   90.11345218800648 ,                1
Degree       ,              10.0,   8924, CGG      ,                1539,                 1393,                146,      8919,                      2405,                    10.0,         14,           403,            3636,                       1959,                    53.87788778877888  , -446           ,   81.45530145530145 ,               25
Degree       ,              20.0,  17848, CSG-f1   ,                 849,                  756,                 93,     17836,                      1853,                    10.0,         14,           403,            3636,                       1659,                    45.62706270627063  , -194           ,   89.53049109552079 ,                7
Degree       ,              20.0,  17848, CSG-f2   ,                1075,                  956,                119,     17802,                      1081,                    10.0,         14,           403,            3636,                        965,                    26.54015401540154  , -116           ,   89.26919518963923 ,                1
Degree       ,              20.0,  17848, CGG      ,                1982,                 1793,                189,     17817,                      3467,                    10.0,         14,           403,            3636,                       2599,                    71.47964796479648  , -868           ,   74.96394577444477 ,               22
Random       ,               1.0,    220, CSG-f1   ,                 146,                  136,                 10,       220,                       293,                    10.0,         15,           403,            3636,                        298,                     8.195819581958196 , 5              ,  101.70648464163823 ,                5
Random       ,               1.0,    220, CSG-f2   ,                 140,                  129,                 11,       219,                       224,                    10.0,         15,           403,            3636,                        215,                     5.913091309130913 , -9             ,   95.98214285714286 ,                2
Random       ,               1.0,    220, CGG      ,                 120,                  107,                 13,       220,                       588,                    10.0,         15,           403,            3636,                        477,                    13.118811881188119 , -111           ,   81.12244897959184 ,                6
Random       ,               2.0,    440, CSG-f1   ,                 252,                  236,                 16,       440,                       409,                    10.0,         15,           403,            3636,                        407,                    11.193619361936195 , -2             ,   99.51100244498777 ,                5
Random       ,               2.0,    440, CSG-f2   ,                 244,                  231,                 13,       438,                       366,                    10.0,         15,           403,            3636,                        360,                     9.900990099009901 , -6             ,   98.36065573770492 ,                3
Random       ,               2.0,    440, CGG      ,                 285,                  259,                 26,       440,                       882,                    10.0,         15,           403,            3636,                        722,                    19.856985698569858 , -160           ,   81.85941043083899 ,                9
Random       ,               5.0,   1100, CSG-f1   ,                 487,                  453,                 34,      1099,                      1354,                    10.0,         15,           403,            3636,                       1370,                    37.678767876787674 , 16             ,  101.18168389955686 ,               20
Random       ,               5.0,   1100, CSG-f2   ,                 533,                  500,                 33,      1099,                      1553,                    10.0,         15,           403,            3636,                       1258,                    34.5984598459846   , -295           ,   81.00450740502254 ,               19
Random       ,               5.0,   1100, CGG      ,                 619,                  565,                 54,      1099,                      2519,                    10.0,         15,           403,            3636,                       1705,                    46.89218921892189  , -814           ,   67.68558951965066 ,               31
Random       ,              10.0,   2201, CSG-f1   ,                 869,                  795,                 74,      2196,                      2883,                    10.0,         15,           403,            3636,                       2575,                    70.81958195819583  , -308           ,   89.3166840097121  ,               12
Random       ,              10.0,   2201, CSG-f2   ,                 979,                  898,                 81,      2201,                      3095,                    10.0,         15,           403,            3636,                       2718,                    74.75247524752476  , -377           ,   87.81906300484653 ,               15
Random       ,              10.0,   2201, CGG      ,                 926,                  847,                 79,      2011,                      4039,                    10.0,         15,           403,            3636,                       3003,                    82.5907590759076   , -1036          ,   74.35008665511266 ,               27
Random       ,              20.0,   4402, CSG-f1   ,                1495,                 1365,                130,      4399,                      4012,                    10.0,         15,           403,            3636,                       3604,                    99.11991199119912  , -408           ,   89.83050847457628 ,                5
Random       ,              20.0,   4402, CSG-f2   ,                1620,                 1479,                141,      4399,                      3963,                    10.0,         15,           403,            3636,                       3568,                    98.12981298129813  , -395           ,   90.03280343174363 ,                5
Random       ,              20.0,   4402, CGG      ,                 926,                  847,                 79,      2011,                      4039,                    10.0,         15,           403,            3636,                       3003,                    82.5907590759076   , -1036          ,   74.35008665511266 ,               27
Degree       ,               1.0,    892, CSG-f1   ,                 117,                  105,                 12,       888,                       158,                    10.0,         15,           403,            3636,                        145,                     3.987898789878988 , -13            ,   91.77215189873418 ,                4
Degree       ,               1.0,    892, CSG-f2   ,                 209,                  186,                 23,       888,                       211,                    10.0,         15,           403,            3636,                        188,                     5.17051705170517  , -23            ,   89.0995260663507  ,                1
Degree       ,               1.0,    892, CGG      ,                 442,                  391,                 51,       891,                       555,                    10.0,         15,           403,            3636,                        462,                    12.706270627062707 , -93            ,   83.24324324324324 ,                3
Degree       ,               2.0,   1784, CSG-f1   ,                 177,                  162,                 15,      1766,                       368,                    10.0,         15,           403,            3636,                        329,                     9.048404840484048 , -39            ,   89.40217391304348 ,                5
Degree       ,               2.0,   1784, CSG-f2   ,                 261,                  235,                 26,      1781,                       264,                    10.0,         15,           403,            3636,                        239,                     6.5731573157315735, -25            ,   90.53030303030303 ,                1
Degree       ,               2.0,   1784, CGG      ,                 668,                  592,                 76,      1783,                       899,                    10.0,         15,           403,            3636,                        712,                    19.58195819581958  , -187           ,   79.19911012235818 ,                4
Degree       ,               5.0,   4462, CSG-f1   ,                 287,                  263,                 24,      4462,                       480,                    10.0,         15,           403,            3636,                        432,                    11.881188118811881 , -48            ,   90.0              ,                5
Degree       ,               5.0,   4462, CSG-f2   ,                 408,                  367,                 41,      4426,                       412,                    10.0,         15,           403,            3636,                        370,                    10.176017601760176 , -42            ,   89.80582524271846 ,                1
Degree       ,               5.0,   4462, CGG      ,                1100,                  978,                122,      4456,                      1411,                    10.0,         15,           403,            3636,                       1183,                    32.53575357535753  , -228           ,   83.84124734231042 ,                7
Degree       ,              10.0,   8924, CSG-f1   ,                 448,                  408,                 40,      8910,                       650,                    10.0,         15,           403,            3636,                        588,                    16.17161716171617  , -62            ,   90.46153846153845 ,                5
Degree       ,              10.0,   8924, CSG-f2   ,                 613,                  550,                 63,      8915,                       617,                    10.0,         15,           403,            3636,                        553,                    15.20902090209021  , -64            ,   89.62722852512157 ,                1
Degree       ,              10.0,   8924, CGG      ,                1539,                 1365,                174,      8919,                      2405,                    10.0,         15,           403,            3636,                       1851,                    50.9075907590759   , -554           ,   76.96465696465697 ,               13
Degree       ,              20.0,  17848, CSG-f1   ,                 849,                  769,                 80,     17836,                      1853,                    10.0,         15,           403,            3636,                       1674,                    46.03960396039604  , -179           ,   90.33998920669185 ,                9
Degree       ,              20.0,  17848, CSG-f2   ,                1075,                  971,                104,     17802,                      1081,                    10.0,         15,           403,            3636,                        976,                    26.842684268426844 , -105           ,   90.2867715078631  ,                1
Degree       ,              20.0,  17848, CGG      ,                1982,                 1771,                211,     17817,                      3467,                    10.0,         15,           403,            3636,                       2811,                    77.3102310231023   , -656           ,   81.07874242861264 ,               35
Random       ,               1.0,    220, CSG-f1   ,                 146,                  128,                 18,       220,                       293,                    10.0,         16,           403,            3636,                        259,                     7.123212321232124 , -34            ,   88.39590443686008 ,                6
Random       ,               1.0,    220, CSG-f2   ,                 140,                  122,                 18,       219,                       224,                    10.0,         16,           403,            3636,                        175,                     4.812981298129813 , -49            ,   78.125            ,                2
Random       ,               1.0,    220, CGG      ,                 120,                  106,                 14,       220,                       588,                    10.0,         16,           403,            3636,                        414,                    11.386138613861387 , -174           ,   70.40816326530613 ,                8
Random       ,               2.0,    440, CSG-f1   ,                 252,                  221,                 31,       440,                       409,                    10.0,         16,           403,            3636,                        355,                     9.763476347634764 , -54            ,   86.79706601466992 ,                6
Random       ,               2.0,    440, CSG-f2   ,                 244,                  216,                 28,       438,                       366,                    10.0,         16,           403,            3636,                        317,                     8.718371837183717 , -49            ,   86.6120218579235  ,                6
Random       ,               2.0,    440, CGG      ,                 285,                  245,                 40,       440,                       882,                    10.0,         16,           403,            3636,                        617,                    16.96919691969197  , -265           ,   69.95464852607711 ,                8
Random       ,               5.0,   1100, CSG-f1   ,                 487,                  432,                 55,      1099,                      1354,                    10.0,         16,           403,            3636,                       1000,                    27.502750275027505 , -354           ,   73.85524372230428 ,               12
Random       ,               5.0,   1100, CSG-f2   ,                 533,                  470,                 63,      1099,                      1553,                    10.0,         16,           403,            3636,                        916,                    25.192519251925194 , -637           ,   58.98261429491307 ,               20
Random       ,               5.0,   1100, CGG      ,                 619,                  551,                 68,      1099,                      2519,                    10.0,         16,           403,            3636,                       1733,                    47.66226622662266  , -786           ,   68.79714172290592 ,               42
Random       ,              10.0,   2201, CSG-f1   ,                 869,                  771,                 98,      2196,                      2883,                    10.0,         16,           403,            3636,                       2604,                    71.61716171617162  , -279           ,   90.32258064516128 ,               17
Random       ,              10.0,   2201, CSG-f2   ,                 979,                  868,                111,      2201,                      3095,                    10.0,         16,           403,            3636,                       2669,                    73.4048404840484   , -426           ,   86.23586429725364 ,               17
Random       ,              10.0,   2201, CGG      ,                 926,                  829,                 97,      2011,                      4039,                    10.0,         16,           403,            3636,                       2351,                    64.65896589658966  , -1688          ,   58.20747709829166 ,               37
Random       ,              20.0,   4402, CSG-f1   ,                1495,                 1347,                148,      4399,                      4012,                    10.0,         16,           403,            3636,                       3566,                    98.07480748074808  , -446           ,   88.88334995014955 ,                5
Random       ,              20.0,   4402, CSG-f2   ,                1620,                 1457,                163,      4399,                      3963,                    10.0,         16,           403,            3636,                       3519,                    96.78217821782178  , -444           ,   88.79636638909916 ,                5
Random       ,              20.0,   4402, CGG      ,                 926,                  829,                 97,      2011,                      4039,                    10.0,         16,           403,            3636,                       2351,                    64.65896589658966  , -1688          ,   58.20747709829166 ,               37
Degree       ,               1.0,    892, CSG-f1   ,                 117,                  102,                 15,       888,                       158,                    10.0,         16,           403,            3636,                        302,                     8.305830583058306 , 144            ,  191.13924050632912 ,               12
Degree       ,               1.0,    892, CSG-f2   ,                 209,                  191,                 18,       888,                       211,                    10.0,         16,           403,            3636,                        211,                     5.803080308030803 , 0              ,  100.0              ,                3
Degree       ,               1.0,    892, CGG      ,                 442,                  402,                 40,       891,                       555,                    10.0,         16,           403,            3636,                        497,                    13.668866886688669 , -58            ,   89.54954954954954 ,                9
Degree       ,               2.0,   1784, CSG-f1   ,                 177,                  158,                 19,      1766,                       368,                    10.0,         16,           403,            3636,                        335,                     9.213421342134213 , -33            ,   91.03260869565217 ,                5
Degree       ,               2.0,   1784, CSG-f2   ,                 261,                  238,                 23,      1781,                       264,                    10.0,         16,           403,            3636,                        264,                     7.2607260726072615, 0              ,  100.0              ,                3
Degree       ,               2.0,   1784, CGG      ,                 668,                  608,                 60,      1783,                       899,                    10.0,         16,           403,            3636,                        786,                    21.61716171617162  , -113           ,   87.43047830923248 ,                9
Degree       ,               5.0,   4462, CSG-f1   ,                 287,                  255,                 32,      4462,                       480,                    10.0,         16,           403,            3636,                        440,                    12.101210121012102 , -40            ,   91.66666666666666 ,                5
Degree       ,               5.0,   4462, CSG-f2   ,                 408,                  371,                 37,      4426,                       412,                    10.0,         16,           403,            3636,                        382,                    10.506050605060507 , -30            ,   92.71844660194175 ,                3
Degree       ,               5.0,   4462, CGG      ,                1100,                  998,                102,      4456,                      1411,                    10.0,         16,           403,            3636,                       1221,                    33.58085808580858  , -190           ,   86.53437278525868 ,                9
Degree       ,              10.0,   8924, CSG-f1   ,                 448,                  396,                 52,      8910,                       650,                    10.0,         16,           403,            3636,                        587,                    16.144114411441144 , -63            ,   90.3076923076923  ,                5
Degree       ,              10.0,   8924, CSG-f2   ,                 613,                  553,                 60,      8915,                       617,                    10.0,         16,           403,            3636,                        567,                    15.594059405940595 , -50            ,   91.89627228525121 ,                3
Degree       ,              10.0,   8924, CGG      ,                1539,                 1401,                138,      8919,                      2405,                    10.0,         16,           403,            3636,                       1850,                    50.88008800880088  , -555           ,   76.92307692307693 ,               14
Degree       ,              20.0,  17848, CSG-f1   ,                 849,                  758,                 91,     17836,                      1853,                    10.0,         16,           403,            3636,                       1658,                    45.5995599559956   , -195           ,   89.47652455477603 ,               10
Degree       ,              20.0,  17848, CSG-f2   ,                1075,                  967,                108,     17802,                      1081,                    10.0,         16,           403,            3636,                        985,                    27.09020902090209  , -96            ,   91.11933395004625 ,                4
Degree       ,              20.0,  17848, CGG      ,                1982,                 1796,                186,     17817,                      3467,                    10.0,         16,           403,            3636,                       2575,                    70.81958195819583  , -892           ,   74.27170464378425 ,               18
Random       ,               1.0,    220, CSG-f1   ,                 146,                  129,                 17,       220,                       293,                    10.0,         17,           403,            3636,                        246,                     6.765676567656766 , -47            ,   83.95904436860067 ,                4
Random       ,               1.0,    220, CSG-f2   ,                 140,                  123,                 17,       219,                       224,                    10.0,         17,           403,            3636,                        188,                     5.17051705170517  , -36            ,   83.92857142857143 ,                2
Random       ,               1.0,    220, CGG      ,                 120,                  110,                 10,       220,                       588,                    10.0,         17,           403,            3636,                        433,                    11.908690869086909 , -155           ,   73.63945578231292 ,                9
Random       ,               2.0,    440, CSG-f1   ,                 252,                  226,                 26,       440,                       409,                    10.0,         17,           403,            3636,                        357,                     9.818481848184819 , -52            ,   87.28606356968214 ,                4
Random       ,               2.0,    440, CSG-f2   ,                 244,                  216,                 28,       438,                       366,                    10.0,         17,           403,            3636,                        308,                     8.47084708470847  , -58            ,   84.15300546448088 ,                2
Random       ,               2.0,    440, CGG      ,                 285,                  264,                 21,       440,                       882,                    10.0,         17,           403,            3636,                        661,                    18.17931793179318  , -221           ,   74.94331065759637 ,                9
Random       ,               5.0,   1100, CSG-f1   ,                 487,                  433,                 54,      1099,                      1354,                    10.0,         17,           403,            3636,                        975,                    26.815181518151814 , -379           ,   72.00886262924668 ,               10
Random       ,               5.0,   1100, CSG-f2   ,                 533,                  477,                 56,      1099,                      1553,                    10.0,         17,           403,            3636,                        900,                    24.752475247524753 , -653           ,   57.95235028976175 ,               12
Random       ,               5.0,   1100, CGG      ,                 619,                  571,                 48,      1099,                      2519,                    10.0,         17,           403,            3636,                       1428,                    39.273927392739274 , -1091          ,   56.689162366018266,               20
Random       ,              10.0,   2201, CSG-f1   ,                 869,                  785,                 84,      2196,                      2883,                    10.0,         17,           403,            3636,                       2730,                    75.08250825082509  , -153           ,   94.69302809573361 ,               16
Random       ,              10.0,   2201, CSG-f2   ,                 979,                  884,                 95,      2201,                      3095,                    10.0,         17,           403,            3636,                       2771,                    76.21012101210121  , -324           ,   89.53150242326333 ,               15
Random       ,              10.0,   2201, CGG      ,                 926,                  841,                 85,      2011,                      4039,                    10.0,         17,           403,            3636,                       2060,                    56.65566556655666  , -1979          ,   51.002723446397624,               28
Random       ,              20.0,   4402, CSG-f1   ,                1495,                 1356,                139,      4399,                      4012,                    10.0,         17,           403,            3636,                       3579,                    98.43234323432343  , -433           ,   89.20737786640079 ,                5
Random       ,              20.0,   4402, CSG-f2   ,                1620,                 1461,                159,      4399,                      3963,                    10.0,         17,           403,            3636,                       3527,                    97.002200220022    , -436           ,   88.99823366136765 ,                5
Random       ,              20.0,   4402, CGG      ,                 926,                  841,                 85,      2011,                      4039,                    10.0,         17,           403,            3636,                       2060,                    56.65566556655666  , -1979          ,   51.002723446397624,               28
Degree       ,               1.0,    892, CSG-f1   ,                 117,                  106,                 11,       888,                       158,                    10.0,         17,           403,            3636,                        161,                     4.427942794279428 , 3              ,  101.8987341772152  ,                7
Degree       ,               1.0,    892, CSG-f2   ,                 209,                  194,                 15,       888,                       211,                    10.0,         17,           403,            3636,                        201,                     5.528052805280528 , -10            ,   95.260663507109   ,                2
Degree       ,               1.0,    892, CGG      ,                 442,                  396,                 46,       891,                       555,                    10.0,         17,           403,            3636,                        492,                    13.531353135313532 , -63            ,   88.64864864864866 ,               15
Degree       ,               2.0,   1784, CSG-f1   ,                 177,                  162,                 15,      1766,                       368,                    10.0,         17,           403,            3636,                        350,                     9.625962596259626 , -18            ,   95.1086956521739  ,                5
Degree       ,               2.0,   1784, CSG-f2   ,                 261,                  238,                 23,      1781,                       264,                    10.0,         17,           403,            3636,                        246,                     6.765676567656766 , -18            ,   93.18181818181817 ,                2
Degree       ,               2.0,   1784, CGG      ,                 668,                  596,                 72,      1783,                       899,                    10.0,         17,           403,            3636,                        759,                    20.874587458745875 , -140           ,   84.42714126807564 ,               15
Degree       ,               5.0,   4462, CSG-f1   ,                 287,                  258,                 29,      4462,                       480,                    10.0,         17,           403,            3636,                        464,                    12.761276127612762 , -16            ,   96.66666666666667 ,                5
Degree       ,               5.0,   4462, CSG-f2   ,                 408,                  370,                 38,      4426,                       412,                    10.0,         17,           403,            3636,                        376,                    10.34103410341034  , -36            ,   91.2621359223301  ,                2
Degree       ,               5.0,   4462, CGG      ,                1100,                  997,                103,      4456,                      1411,                    10.0,         17,           403,            3636,                       1250,                    34.378437843784376 , -161           ,   88.5896527285613  ,               15
Degree       ,              10.0,   8924, CSG-f1   ,                 448,                  399,                 49,      8910,                       650,                    10.0,         17,           403,            3636,                        611,                    16.804180418041803 , -39            ,   94.0              ,                5
Degree       ,              10.0,   8924, CSG-f2   ,                 613,                  557,                 56,      8915,                       617,                    10.0,         17,           403,            3636,                        565,                    15.53905390539054  , -52            ,   91.57212317666126 ,                2
Degree       ,              10.0,   8924, CGG      ,                1539,                 1393,                146,      8919,                      2405,                    10.0,         17,           403,            3636,                       1861,                    51.182618261826185 , -544           ,   77.38045738045739 ,               15
Degree       ,              20.0,  17848, CSG-f1   ,                 849,                  764,                 85,     17836,                      1853,                    10.0,         17,           403,            3636,                       1671,                    45.95709570957096  , -182           ,   90.17808958445764 ,                8
Degree       ,              20.0,  17848, CSG-f2   ,                1075,                  963,                112,     17802,                      1081,                    10.0,         17,           403,            3636,                        977,                    26.87018701870187  , -104           ,   90.37927844588344 ,                2
Degree       ,              20.0,  17848, CGG      ,                1982,                 1774,                208,     17817,                      3467,                    10.0,         17,           403,            3636,                       2570,                    70.68206820682067  , -897           ,   74.12748774156331 ,               26
Random       ,               1.0,    220, CSG-f1   ,                 146,                  129,                 17,       220,                       293,                    10.0,         18,           403,            3636,                        292,                     8.030803080308031 , -1             ,   99.65870307167235 ,                4
Random       ,               1.0,    220, CSG-f2   ,                 140,                  125,                 15,       219,                       224,                    10.0,         18,           403,            3636,                        217,                     5.968096809680968 , -7             ,   96.875            ,                4
Random       ,               1.0,    220, CGG      ,                 120,                  105,                 15,       220,                       588,                    10.0,         18,           403,            3636,                        515,                    14.163916391639164 , -73            ,   87.58503401360545 ,               11
Random       ,               2.0,    440, CSG-f1   ,                 252,                  225,                 27,       440,                       409,                    10.0,         18,           403,            3636,                        398,                    10.946094609460946 , -11            ,   97.31051344743277 ,                4
Random       ,               2.0,    440, CSG-f2   ,                 244,                  217,                 27,       438,                       366,                    10.0,         18,           403,            3636,                        358,                     9.845984598459847 , -8             ,   97.81420765027322 ,                4
Random       ,               2.0,    440, CGG      ,                 285,                  252,                 33,       440,                       882,                    10.0,         18,           403,            3636,                        727,                    19.994499449944993 , -155           ,   82.42630385487529 ,               11
Random       ,               5.0,   1100, CSG-f1   ,                 487,                  436,                 51,      1099,                      1354,                    10.0,         18,           403,            3636,                       1198,                    32.94829482948295  , -156           ,   88.47858197932054 ,               10
Random       ,               5.0,   1100, CSG-f2   ,                 533,                  473,                 60,      1099,                      1553,                    10.0,         18,           403,            3636,                       1249,                    34.35093509350935  , -304           ,   80.42498390212492 ,               18
Random       ,               5.0,   1100, CGG      ,                 619,                  552,                 67,      1099,                      2519,                    10.0,         18,           403,            3636,                       1396,                    38.39383938393839  , -1123          ,   55.41881699086939 ,               15
Random       ,              10.0,   2201, CSG-f1   ,                 869,                  778,                 91,      2196,                      2883,                    10.0,         18,           403,            3636,                       2546,                    70.02200220022003  , -337           ,   88.31078737426293 ,               15
Random       ,              10.0,   2201, CSG-f2   ,                 979,                  880,                 99,      2201,                      3095,                    10.0,         18,           403,            3636,                       2670,                    73.43234323432343  , -425           ,   86.26817447495961 ,               17
Random       ,              10.0,   2201, CGG      ,                 926,                  831,                 95,      2011,                      4039,                    10.0,         18,           403,            3636,                       2398,                    65.95159515951595  , -1641          ,   59.37113146818519 ,               31
Random       ,              20.0,   4402, CSG-f1   ,                1495,                 1345,                150,      4399,                      4012,                    10.0,         18,           403,            3636,                       3601,                    99.03740374037405  , -411           ,   89.75573280159522 ,                4
Random       ,              20.0,   4402, CSG-f2   ,                1620,                 1462,                158,      4399,                      3963,                    10.0,         18,           403,            3636,                       3541,                    97.38723872387239  , -422           ,   89.3515013878375  ,                5
Random       ,              20.0,   4402, CGG      ,                 926,                  831,                 95,      2011,                      4039,                    10.0,         18,           403,            3636,                       2398,                    65.95159515951595  , -1641          ,   59.37113146818519 ,               31
Degree       ,               1.0,    892, CSG-f1   ,                 117,                  110,                  7,       888,                       158,                    10.0,         18,           403,            3636,                        155,                     4.262926292629262 , -3             ,   98.10126582278481 ,                6
Degree       ,               1.0,    892, CSG-f2   ,                 209,                  188,                 21,       888,                       211,                    10.0,         18,           403,            3636,                        191,                     5.253025302530253 , -20            ,   90.52132701421802 ,                1
Degree       ,               1.0,    892, CGG      ,                 442,                  399,                 43,       891,                       555,                    10.0,         18,           403,            3636,                        472,                    12.981298129812982 , -83            ,   85.04504504504504 ,                8
Degree       ,               2.0,   1784, CSG-f1   ,                 177,                  161,                 16,      1766,                       368,                    10.0,         18,           403,            3636,                        339,                     9.323432343234323 , -29            ,   92.11956521739131 ,                6
Degree       ,               2.0,   1784, CSG-f2   ,                 261,                  235,                 26,      1781,                       264,                    10.0,         18,           403,            3636,                        239,                     6.5731573157315735, -25            ,   90.53030303030303 ,                1
Degree       ,               2.0,   1784, CGG      ,                 668,                  603,                 65,      1783,                       899,                    10.0,         18,           403,            3636,                        756,                    20.792079207920793 , -143           ,   84.09343715239154 ,                9
Degree       ,               5.0,   4462, CSG-f1   ,                 287,                  263,                 24,      4462,                       480,                    10.0,         18,           403,            3636,                        443,                    12.183718371837184 , -37            ,   92.29166666666667 ,                6
Degree       ,               5.0,   4462, CSG-f2   ,                 408,                  370,                 38,      4426,                       412,                    10.0,         18,           403,            3636,                        375,                    10.313531353135314 , -37            ,   91.01941747572816 ,                2
Degree       ,               5.0,   4462, CGG      ,                1100,                 1002,                 98,      4456,                      1411,                    10.0,         18,           403,            3636,                       1223,                    33.63586358635864  , -188           ,   86.67611622962438 ,                8
Degree       ,              10.0,   8924, CSG-f1   ,                 448,                  408,                 40,      8910,                       650,                    10.0,         18,           403,            3636,                        597,                    16.419141914191417 , -53            ,   91.84615384615384 ,                6
Degree       ,              10.0,   8924, CSG-f2   ,                 613,                  557,                 56,      8915,                       617,                    10.0,         18,           403,            3636,                        562,                    15.456545654565456 , -55            ,   91.08589951377634 ,                2
Degree       ,              10.0,   8924, CGG      ,                1539,                 1401,                138,      8919,                      2405,                    10.0,         18,           403,            3636,                       1861,                    51.182618261826185 , -544           ,   77.38045738045739 ,                9
Degree       ,              20.0,  17848, CSG-f1   ,                 849,                  766,                 83,     17836,                      1853,                    10.0,         18,           403,            3636,                       1684,                    46.31463146314631  , -169           ,   90.87965461413924 ,                7
Degree       ,              20.0,  17848, CSG-f2   ,                1075,                  970,                105,     17802,                      1081,                    10.0,         18,           403,            3636,                        979,                    26.925192519251922 , -102           ,   90.56429232192414 ,                2
Degree       ,              20.0,  17848, CGG      ,                1982,                 1781,                201,     17817,                      3467,                    10.0,         18,           403,            3636,                       2828,                    77.77777777777779  , -639           ,   81.56907989616383 ,               23
Random       ,               1.0,    220, CSG-f1   ,                 146,                  133,                 13,       220,                       293,                    10.0,         19,           403,            3636,                        264,                     7.2607260726072615, -29            ,   90.10238907849829 ,                3
Random       ,               1.0,    220, CSG-f2   ,                 140,                  128,                 12,       219,                       224,                    10.0,         19,           403,            3636,                        205,                     5.638063806380638 , -19            ,   91.51785714285714 ,                2
Random       ,               1.0,    220, CGG      ,                 120,                  107,                 13,       220,                       588,                    10.0,         19,           403,            3636,                        474,                    13.036303630363037 , -114           ,   80.61224489795919 ,                8
Random       ,               2.0,    440, CSG-f1   ,                 252,                  230,                 22,       440,                       409,                    10.0,         19,           403,            3636,                        371,                    10.203520352035204 , -38            ,   90.70904645476773 ,                3
Random       ,               2.0,    440, CSG-f2   ,                 244,                  222,                 22,       438,                       366,                    10.0,         19,           403,            3636,                        322,                     8.855885588558856 , -44            ,   87.97814207650273 ,                2
Random       ,               2.0,    440, CGG      ,                 285,                  254,                 31,       440,                       882,                    10.0,         19,           403,            3636,                        702,                    19.306930693069308 , -180           ,   79.59183673469387 ,                8
Random       ,               5.0,   1100, CSG-f1   ,                 487,                  440,                 47,      1099,                      1354,                    10.0,         19,           403,            3636,                       1012,                    27.83278327832783  , -342           ,   74.74150664697193 ,               12
Random       ,               5.0,   1100, CSG-f2   ,                 533,                  483,                 50,      1099,                      1553,                    10.0,         19,           403,            3636,                       1178,                    32.3982398239824   , -375           ,   75.85318737926595 ,               23
Random       ,               5.0,   1100, CGG      ,                 619,                  555,                 64,      1099,                      2519,                    10.0,         19,           403,            3636,                       1203,                    33.085808580858085 , -1316          ,   47.75704644700278 ,                8
Random       ,              10.0,   2201, CSG-f1   ,                 869,                  782,                 87,      2196,                      2883,                    10.0,         19,           403,            3636,                       2660,                    73.15731573157316  , -223           ,   92.26500173430455 ,               17
Random       ,              10.0,   2201, CSG-f2   ,                 979,                  887,                 92,      2201,                      3095,                    10.0,         19,           403,            3636,                       2715,                    74.66996699669967  , -380           ,   87.7221324717286  ,               16
Random       ,              10.0,   2201, CGG      ,                 926,                  832,                 94,      2011,                      4039,                    10.0,         19,           403,            3636,                       1959,                    53.87788778877888  , -2080          ,   48.502104481307256,               20
Random       ,              20.0,   4402, CSG-f1   ,                1495,                 1344,                151,      4399,                      4012,                    10.0,         19,           403,            3636,                       3599,                    98.982398239824    , -413           ,   89.70588235294117 ,                7
Random       ,              20.0,   4402, CSG-f2   ,                1620,                 1455,                165,      4399,                      3963,                    10.0,         19,           403,            3636,                       3559,                    97.88228822882287  , -404           ,   89.80570275044158 ,                6
Random       ,              20.0,   4402, CGG      ,                 926,                  832,                 94,      2011,                      4039,                    10.0,         19,           403,            3636,                       1959,                    53.87788778877888  , -2080          ,   48.502104481307256,               20
Degree       ,               1.0,    892, CSG-f1   ,                 117,                  107,                 10,       888,                       158,                    10.0,         19,           403,            3636,                        159,                     4.372937293729374 , 1              ,  100.63291139240506 ,                5
Degree       ,               1.0,    892, CSG-f2   ,                 209,                  188,                 21,       888,                       211,                    10.0,         19,           403,            3636,                        198,                     5.445544554455446 , -13            ,   93.8388625592417  ,                3
Degree       ,               1.0,    892, CGG      ,                 442,                  396,                 46,       891,                       555,                    10.0,         19,           403,            3636,                        469,                    12.898789878987898 , -86            ,   84.50450450450451 ,                2
Degree       ,               2.0,   1784, CSG-f1   ,                 177,                  157,                 20,      1766,                       368,                    10.0,         19,           403,            3636,                        340,                     9.350935093509351 , -28            ,   92.3913043478261  ,                6
Degree       ,               2.0,   1784, CSG-f2   ,                 261,                  237,                 24,      1781,                       264,                    10.0,         19,           403,            3636,                        248,                     6.820682068206821 , -16            ,   93.93939393939394 ,                3
Degree       ,               2.0,   1784, CGG      ,                 668,                  597,                 71,      1783,                       899,                    10.0,         19,           403,            3636,                        738,                    20.2970297029703   , -161           ,   82.09121245828699 ,                6
Degree       ,               5.0,   4462, CSG-f1   ,                 287,                  251,                 36,      4462,                       480,                    10.0,         19,           403,            3636,                        438,                    12.046204620462046 , -42            ,   91.25             ,                6
Degree       ,               5.0,   4462, CSG-f2   ,                 408,                  368,                 40,      4426,                       412,                    10.0,         19,           403,            3636,                        378,                    10.396039603960396 , -34            ,   91.74757281553399 ,                3
Degree       ,               5.0,   4462, CGG      ,                1100,                  987,                113,      4456,                      1411,                    10.0,         19,           403,            3636,                       1205,                    33.140814081408145 , -206           ,   85.4004252303331  ,               10
Degree       ,              10.0,   8924, CSG-f1   ,                 448,                  395,                 53,      8910,                       650,                    10.0,         19,           403,            3636,                        592,                    16.28162816281628  , -58            ,   91.07692307692308 ,                6
Degree       ,              10.0,   8924, CSG-f2   ,                 613,                  559,                 54,      8915,                       617,                    10.0,         19,           403,            3636,                        570,                    15.676567656765677 , -47            ,   92.38249594813614 ,                3
Degree       ,              10.0,   8924, CGG      ,                1539,                 1372,                167,      8919,                      2405,                    10.0,         19,           403,            3636,                       1904,                    52.36523652365237  , -501           ,   79.16839916839918 ,               19
Degree       ,              20.0,  17848, CSG-f1   ,                 849,                  746,                103,     17836,                      1853,                    10.0,         19,           403,            3636,                       1666,                    45.81958195819582  , -187           ,   89.90825688073394 ,                7
Degree       ,              20.0,  17848, CSG-f2   ,                1075,                  970,                105,     17802,                      1081,                    10.0,         19,           403,            3636,                        984,                    27.062706270627064 , -97            ,   91.0268270120259  ,                3
Degree       ,              20.0,  17848, CGG      ,                1982,                 1770,                212,     17817,                      3467,                    10.0,         19,           403,            3636,                       2721,                    74.83498349834984  , -746           ,   78.48283818863571 ,               26
Random       ,               1.0,    220, CSG-f1   ,                 146,                  112,                 34,       220,                       293,                    20.0,          0,           807,            3232,                        245,                     7.580445544554455 , -48            ,   83.61774744027304 ,                4
Random       ,               1.0,    220, CSG-f2   ,                 140,                  107,                 33,       219,                       224,                    20.0,          0,           807,            3232,                        171,                     5.290841584158415 , -53            ,   76.33928571428571 ,                2
Random       ,               1.0,    220, CGG      ,                 120,                   98,                 22,       220,                       588,                    20.0,          0,           807,            3232,                        394,                    12.19059405940594  , -194           ,   67.00680272108843 ,                7
Random       ,               2.0,    440, CSG-f1   ,                 252,                  195,                 57,       440,                       409,                    20.0,          0,           807,            3232,                        333,                    10.303217821782178 , -76            ,   81.41809290953546 ,                4
Random       ,               2.0,    440, CSG-f2   ,                 244,                  186,                 58,       438,                       366,                    20.0,          0,           807,            3232,                        290,                     8.972772277227723 , -76            ,   79.23497267759562 ,                4
Random       ,               2.0,    440, CGG      ,                 285,                  226,                 59,       440,                       882,                    20.0,          0,           807,            3232,                        600,                    18.564356435643564 , -282           ,   68.02721088435374 ,                7
Random       ,               5.0,   1100, CSG-f1   ,                 487,                  380,                107,      1099,                      1354,                    20.0,          0,           807,            3232,                       1079,                    33.38490099009901  , -275           ,   79.68980797636632 ,               13
Random       ,               5.0,   1100, CSG-f2   ,                 533,                  407,                126,      1099,                      1553,                    20.0,          0,           807,            3232,                        874,                    27.042079207920793 , -679           ,   56.278171281390854,               14
Random       ,               5.0,   1100, CGG      ,                 619,                  484,                135,      1099,                      2519,                    20.0,          0,           807,            3232,                       1142,                    35.334158415841586 , -1377          ,   45.335450575625245,               11
Random       ,              10.0,   2201, CSG-f1   ,                 869,                  696,                173,      2196,                      2883,                    20.0,          0,           807,            3232,                       2357,                    72.92698019801979  , -526           ,   81.75511619840444 ,               11
Random       ,              10.0,   2201, CSG-f2   ,                 979,                  776,                203,      2201,                      3095,                    20.0,          0,           807,            3232,                       2482,                    76.79455445544554  , -613           ,   80.19386106623585 ,               15
Random       ,              10.0,   2201, CGG      ,                 926,                  739,                187,      2011,                      4039,                    20.0,          0,           807,            3232,                       1631,                    50.46410891089109  , -2408          ,   40.38128249566724 ,               15
Random       ,              20.0,   4402, CSG-f1   ,                1495,                 1207,                288,      4399,                      4012,                    20.0,          0,           807,            3232,                       3152,                    97.52475247524752  , -860           ,   78.5643070787637  ,                4
Random       ,              20.0,   4402, CSG-f2   ,                1620,                 1305,                315,      4399,                      3963,                    20.0,          0,           807,            3232,                       3141,                    97.18440594059405  , -822           ,   79.25813777441333 ,                6
Random       ,              20.0,   4402, CGG      ,                 926,                  739,                187,      2011,                      4039,                    20.0,          0,           807,            3232,                       1631,                    50.46410891089109  , -2408          ,   40.38128249566724 ,               15
Degree       ,               1.0,    892, CSG-f1   ,                 117,                   91,                 26,       888,                       158,                    20.0,          0,           807,            3232,                        267,                     8.261138613861387 , 109            ,  168.9873417721519  ,               13
Degree       ,               1.0,    892, CSG-f2   ,                 209,                  168,                 41,       888,                       211,                    20.0,          0,           807,            3232,                        188,                     5.816831683168317 , -23            ,   89.0995260663507  ,                1
Degree       ,               1.0,    892, CGG      ,                 442,                  361,                 81,       891,                       555,                    20.0,          0,           807,            3232,                        412,                    12.747524752475247 , -143           ,   74.23423423423424 ,                3
Degree       ,               2.0,   1784, CSG-f1   ,                 177,                  136,                 41,      1766,                       368,                    20.0,          0,           807,            3232,                        286,                     8.849009900990099 , -82            ,   77.71739130434783 ,                4
Degree       ,               2.0,   1784, CSG-f2   ,                 261,                  208,                 53,      1781,                       264,                    20.0,          0,           807,            3232,                        229,                     7.0853960396039595, -35            ,   86.74242424242425 ,                1
Degree       ,               2.0,   1784, CGG      ,                 668,                  537,                131,      1783,                       899,                    20.0,          0,           807,            3232,                        629,                    19.46163366336634  , -270           ,   69.9666295884316  ,                3
Degree       ,               5.0,   4462, CSG-f1   ,                 287,                  224,                 63,      4462,                       480,                    20.0,          0,           807,            3232,                        377,                    11.66460396039604  , -103           ,   78.54166666666667 ,                4
Degree       ,               5.0,   4462, CSG-f2   ,                 408,                  331,                 77,      4426,                       412,                    20.0,          0,           807,            3232,                        337,                    10.426980198019802 , -75            ,   81.79611650485437 ,                1
Degree       ,               5.0,   4462, CGG      ,                1100,                  880,                220,      4456,                      1411,                    20.0,          0,           807,            3232,                       1007,                    31.157178217821784 , -404           ,   71.36782423812899 ,                4
Degree       ,              10.0,   8924, CSG-f1   ,                 448,                  351,                 97,      8910,                       650,                    20.0,          0,           807,            3232,                        516,                    15.965346534653465 , -134           ,   79.38461538461539 ,                4
Degree       ,              10.0,   8924, CSG-f2   ,                 613,                  496,                117,      8915,                       617,                    20.0,          0,           807,            3232,                        503,                    15.563118811881187 , -114           ,   81.52350081037277 ,                1
Degree       ,              10.0,   8924, CGG      ,                1539,                 1222,                317,      8919,                      2405,                    20.0,          0,           807,            3232,                       1585,                    49.040841584158414 , -820           ,   65.9043659043659  ,               17
Degree       ,              20.0,  17848, CSG-f1   ,                 849,                  689,                160,     17836,                      1853,                    20.0,          0,           807,            3232,                       1502,                    46.472772277227726 , -351           ,   81.05774419859686 ,                6
Degree       ,              20.0,  17848, CSG-f2   ,                1075,                  854,                221,     17802,                      1081,                    20.0,          0,           807,            3232,                        865,                    26.763613861386137 , -216           ,   80.01850138760406 ,                2
Degree       ,              20.0,  17848, CGG      ,                1982,                 1576,                406,     17817,                      3467,                    20.0,          0,           807,            3232,                       2235,                    69.15222772277228  , -1232          ,   64.46495529276031 ,               36
Random       ,               1.0,    220, CSG-f1   ,                 146,                  112,                 34,       220,                       293,                    20.0,          1,           807,            3232,                        281,                     8.694306930693068 , -12            ,   95.90443686006826 ,                4
Random       ,               1.0,    220, CSG-f2   ,                 140,                  109,                 31,       219,                       224,                    20.0,          1,           807,            3232,                        211,                     6.528465346534654 , -13            ,   94.19642857142857 ,                4
Random       ,               1.0,    220, CGG      ,                 120,                   95,                 25,       220,                       588,                    20.0,          1,           807,            3232,                        408,                    12.623762376237623 , -180           ,   69.38775510204081 ,                9
Random       ,               2.0,    440, CSG-f1   ,                 252,                  196,                 56,       440,                       409,                    20.0,          1,           807,            3232,                        372,                    11.50990099009901  , -37            ,   90.95354523227384 ,                4
Random       ,               2.0,    440, CSG-f2   ,                 244,                  191,                 53,       438,                       366,                    20.0,          1,           807,            3232,                        326,                    10.086633663366337 , -40            ,   89.07103825136612 ,                4
Random       ,               2.0,    440, CGG      ,                 285,                  222,                 63,       440,                       882,                    20.0,          1,           807,            3232,                        589,                    18.224009900990097 , -293           ,   66.78004535147393 ,                8
Random       ,               5.0,   1100, CSG-f1   ,                 487,                  390,                 97,      1099,                      1354,                    20.0,          1,           807,            3232,                       1145,                    35.426980198019805 , -209           ,   84.5642540620384  ,               16
Random       ,               5.0,   1100, CSG-f2   ,                 533,                  421,                112,      1099,                      1553,                    20.0,          1,           807,            3232,                        894,                    27.66089108910891  , -659           ,   57.566001287830005,               14
Random       ,               5.0,   1100, CGG      ,                 619,                  487,                132,      1099,                      2519,                    20.0,          1,           807,            3232,                       1293,                    40.00618811881188  , -1226          ,   51.32989281460897 ,               19
Random       ,              10.0,   2201, CSG-f1   ,                 869,                  698,                171,      2196,                      2883,                    20.0,          1,           807,            3232,                       2475,                    76.57797029702971  , -408           ,   85.8480749219563  ,               14
Random       ,              10.0,   2201, CSG-f2   ,                 979,                  785,                194,      2201,                      3095,                    20.0,          1,           807,            3232,                       2640,                    81.68316831683168  , -455           ,   85.29886914378028 ,               16
Random       ,              10.0,   2201, CGG      ,                 926,                  741,                185,      2011,                      4039,                    20.0,          1,           807,            3232,                       2223,                    68.7809405940594   , -1816          ,   55.03837583560287 ,               40
Random       ,              20.0,   4402, CSG-f1   ,                1495,                 1210,                285,      4399,                      4012,                    20.0,          1,           807,            3232,                       3201,                    99.04084158415841  , -811           ,   79.78564307078764 ,                5
Random       ,              20.0,   4402, CSG-f2   ,                1620,                 1305,                315,      4399,                      3963,                    20.0,          1,           807,            3232,                       3160,                    97.77227722772277  , -803           ,   79.73757254605097 ,                4
Random       ,              20.0,   4402, CGG      ,                 926,                  741,                185,      2011,                      4039,                    20.0,          1,           807,            3232,                       2223,                    68.7809405940594   , -1816          ,   55.03837583560287 ,               40
Degree       ,               1.0,    892, CSG-f1   ,                 117,                   90,                 27,       888,                       158,                    20.0,          1,           807,            3232,                        121,                     3.7438118811881185, -37            ,   76.58227848101265 ,                4
Degree       ,               1.0,    892, CSG-f2   ,                 209,                  162,                 47,       888,                       211,                    20.0,          1,           807,            3232,                        169,                     5.228960396039604 , -42            ,   80.09478672985783 ,                1
Degree       ,               1.0,    892, CGG      ,                 442,                  342,                100,       891,                       555,                    20.0,          1,           807,            3232,                        393,                    12.159653465346535 , -162           ,   70.8108108108108  ,                2
Degree       ,               2.0,   1784, CSG-f1   ,                 177,                  137,                 40,      1766,                       368,                    20.0,          1,           807,            3232,                        297,                     9.189356435643564 , -71            ,   80.70652173913044 ,                6
Degree       ,               2.0,   1784, CSG-f2   ,                 261,                  209,                 52,      1781,                       264,                    20.0,          1,           807,            3232,                        217,                     6.714108910891089 , -47            ,   82.1969696969697  ,                1
Degree       ,               2.0,   1784, CGG      ,                 668,                  514,                154,      1783,                       899,                    20.0,          1,           807,            3232,                        596,                    18.44059405940594  , -303           ,   66.29588431590656 ,                2
Degree       ,               5.0,   4462, CSG-f1   ,                 287,                  224,                 63,      4462,                       480,                    20.0,          1,           807,            3232,                        386,                    11.943069306930692 , -94            ,   80.41666666666667 ,                6
Degree       ,               5.0,   4462, CSG-f2   ,                 408,                  318,                 90,      4426,                       412,                    20.0,          1,           807,            3232,                        325,                    10.055693069306932 , -87            ,   78.88349514563106 ,                1
Degree       ,               5.0,   4462, CGG      ,                1100,                  862,                238,      4456,                      1411,                    20.0,          1,           807,            3232,                       1030,                    31.86881188118812  , -381           ,   72.99787384833452 ,                8
Degree       ,              10.0,   8924, CSG-f1   ,                 448,                  346,                102,      8910,                       650,                    20.0,          1,           807,            3232,                        515,                    15.93440594059406  , -135           ,   79.23076923076923 ,                6
Degree       ,              10.0,   8924, CSG-f2   ,                 613,                  479,                134,      8915,                       617,                    20.0,          1,           807,            3232,                        485,                    15.006188118811881 , -132           ,   78.6061588330632  ,                1
Degree       ,              10.0,   8924, CGG      ,                1539,                 1222,                317,      8919,                      2405,                    20.0,          1,           807,            3232,                       1514,                    46.8440594059406   , -891           ,   62.95218295218296 ,                8
Degree       ,              20.0,  17848, CSG-f1   ,                 849,                  659,                190,     17836,                      1853,                    20.0,          1,           807,            3232,                       1479,                    45.761138613861384 , -374           ,   79.81651376146789 ,                8
Degree       ,              20.0,  17848, CSG-f2   ,                1075,                  859,                216,     17802,                      1081,                    20.0,          1,           807,            3232,                        866,                    26.794554455445546 , -215           ,   80.11100832562443 ,                1
Degree       ,              20.0,  17848, CGG      ,                1982,                 1568,                414,     17817,                      3467,                    20.0,          1,           807,            3232,                       2381,                    73.66955445544554  , -1086          ,   68.67608883761177 ,               27
Random       ,               1.0,    220, CSG-f1   ,                 146,                  110,                 36,       220,                       293,                    20.0,          2,           807,            3232,                        229,                     7.0853960396039595, -64            ,   78.15699658703072 ,                2
Random       ,               1.0,    220, CSG-f2   ,                 140,                  106,                 34,       219,                       224,                    20.0,          2,           807,            3232,                        198,                     6.126237623762377 , -26            ,   88.39285714285714 ,                2
Random       ,               1.0,    220, CGG      ,                 120,                   88,                 32,       220,                       588,                    20.0,          2,           807,            3232,                        339,                    10.488861386138613 , -249           ,   57.6530612244898  ,               11
Random       ,               2.0,    440, CSG-f1   ,                 252,                  196,                 56,       440,                       409,                    20.0,          2,           807,            3232,                        325,                    10.055693069306932 , -84            ,   79.46210268948656 ,                3
Random       ,               2.0,    440, CSG-f2   ,                 244,                  190,                 54,       438,                       366,                    20.0,          2,           807,            3232,                        312,                     9.653465346534654 , -54            ,   85.24590163934425 ,                2
Random       ,               2.0,    440, CGG      ,                 285,                  221,                 64,       440,                       882,                    20.0,          2,           807,            3232,                        541,                    16.738861386138616 , -341           ,   61.33786848072562 ,               11
Random       ,               5.0,   1100, CSG-f1   ,                 487,                  393,                 94,      1099,                      1354,                    20.0,          2,           807,            3232,                       1128,                    34.900990099009896 , -226           ,   83.30871491875924 ,               18
Random       ,               5.0,   1100, CSG-f2   ,                 533,                  429,                104,      1099,                      1553,                    20.0,          2,           807,            3232,                        874,                    27.042079207920793 , -679           ,   56.278171281390854,               16
Random       ,               5.0,   1100, CGG      ,                 619,                  483,                136,      1099,                      2519,                    20.0,          2,           807,            3232,                        977,                    30.228960396039607 , -1542          ,   38.78523223501389 ,               11
Random       ,              10.0,   2201, CSG-f1   ,                 869,                  707,                162,      2196,                      2883,                    20.0,          2,           807,            3232,                       2255,                    69.77103960396039  , -628           ,   78.21713492889351 ,               14
Random       ,              10.0,   2201, CSG-f2   ,                 979,                  802,                177,      2201,                      3095,                    20.0,          2,           807,            3232,                       2461,                    76.14480198019803  , -634           ,   79.51534733441034 ,               18
Random       ,              10.0,   2201, CGG      ,                 926,                  734,                192,      2011,                      4039,                    20.0,          2,           807,            3232,                       1547,                    47.86509900990099  , -2492          ,   38.30155979202773 ,               12
Random       ,              20.0,   4402, CSG-f1   ,                1495,                 1209,                286,      4399,                      4012,                    20.0,          2,           807,            3232,                       3165,                    97.92698019801979  , -847           ,   78.88833499501496 ,                5
Random       ,              20.0,   4402, CSG-f2   ,                1620,                 1306,                314,      4399,                      3963,                    20.0,          2,           807,            3232,                       3130,                    96.8440594059406   , -833           ,   78.98057027504416 ,                5
Random       ,              20.0,   4402, CGG      ,                 926,                  734,                192,      2011,                      4039,                    20.0,          2,           807,            3232,                       1547,                    47.86509900990099  , -2492          ,   38.30155979202773 ,               12
Degree       ,               1.0,    892, CSG-f1   ,                 117,                   97,                 20,       888,                       158,                    20.0,          2,           807,            3232,                        162,                     5.012376237623763 , 4              ,  102.53164556962024 ,                6
Degree       ,               1.0,    892, CSG-f2   ,                 209,                  161,                 48,       888,                       211,                    20.0,          2,           807,            3232,                        168,                     5.198019801980198 , -43            ,   79.62085308056872 ,                4
Degree       ,               1.0,    892, CGG      ,                 442,                  341,                101,       891,                       555,                    20.0,          2,           807,            3232,                        412,                    12.747524752475247 , -143           ,   74.23423423423424 ,                9
Degree       ,               2.0,   1784, CSG-f1   ,                 177,                  146,                 31,      1766,                       368,                    20.0,          2,           807,            3232,                        321,                     9.931930693069308 , -47            ,   87.22826086956522 ,                6
Degree       ,               2.0,   1784, CSG-f2   ,                 261,                  203,                 58,      1781,                       264,                    20.0,          2,           807,            3232,                        211,                     6.528465346534654 , -53            ,   79.92424242424242 ,                4
Degree       ,               2.0,   1784, CGG      ,                 668,                  520,                148,      1783,                       899,                    20.0,          2,           807,            3232,                        649,                    20.080445544554458 , -250           ,   72.19132369299221 ,                9
Degree       ,               5.0,   4462, CSG-f1   ,                 287,                  236,                 51,      4462,                       480,                    20.0,          2,           807,            3232,                        413,                    12.778465346534654 , -67            ,   86.04166666666667 ,                6
Degree       ,               5.0,   4462, CSG-f2   ,                 408,                  314,                 94,      4426,                       412,                    20.0,          2,           807,            3232,                        323,                     9.993811881188119 , -89            ,   78.39805825242718 ,                4
Degree       ,               5.0,   4462, CGG      ,                1100,                  857,                243,      4456,                      1411,                    20.0,          2,           807,            3232,                       1058,                    32.73514851485149  , -353           ,   74.98228206945429 ,                9
Degree       ,              10.0,   8924, CSG-f1   ,                 448,                  365,                 83,      8910,                       650,                    20.0,          2,           807,            3232,                        553,                    17.11014851485149  , -97            ,   85.07692307692307 ,                6
Degree       ,              10.0,   8924, CSG-f2   ,                 613,                  481,                132,      8915,                       617,                    20.0,          2,           807,            3232,                        490,                    15.16089108910891  , -127           ,   79.4165316045381  ,                4
Degree       ,              10.0,   8924, CGG      ,                1539,                 1211,                328,      8919,                      2405,                    20.0,          2,           807,            3232,                       1547,                    47.86509900990099  , -858           ,   64.32432432432432 ,                9
Degree       ,              20.0,  17848, CSG-f1   ,                 849,                  697,                152,     17836,                      1853,                    20.0,          2,           807,            3232,                       1518,                    46.96782178217821  , -335           ,   81.92120885051268 ,                7
Degree       ,              20.0,  17848, CSG-f2   ,                1075,                  840,                235,     17802,                      1081,                    20.0,          2,           807,            3232,                        855,                    26.45420792079208  , -226           ,   79.09343200740055 ,                4
Degree       ,              20.0,  17848, CGG      ,                1982,                 1561,                421,     17817,                      3467,                    20.0,          2,           807,            3232,                       2316,                    71.65841584158416  , -1151          ,   66.80126910873955 ,               17
Random       ,               1.0,    220, CSG-f1   ,                 146,                  113,                 33,       220,                       293,                    20.0,          3,           807,            3232,                        244,                     7.5495049504950495, -49            ,   83.27645051194538 ,                4
Random       ,               1.0,    220, CSG-f2   ,                 140,                  108,                 32,       219,                       224,                    20.0,          3,           807,            3232,                        224,                     6.9306930693069315, 0              ,  100.0              ,                4
Random       ,               1.0,    220, CGG      ,                 120,                   94,                 26,       220,                       588,                    20.0,          3,           807,            3232,                        404,                    12.5               , -184           ,   68.70748299319727 ,               10
Random       ,               2.0,    440, CSG-f1   ,                 252,                  201,                 51,       440,                       409,                    20.0,          3,           807,            3232,                        346,                    10.705445544554456 , -63            ,   84.59657701711491 ,                4
Random       ,               2.0,    440, CSG-f2   ,                 244,                  193,                 51,       438,                       366,                    20.0,          3,           807,            3232,                        332,                    10.272277227722771 , -34            ,   90.7103825136612  ,                4
Random       ,               2.0,    440, CGG      ,                 285,                  227,                 58,       440,                       882,                    20.0,          3,           807,            3232,                        598,                    18.502475247524753 , -284           ,   67.80045351473923 ,                7
Random       ,               5.0,   1100, CSG-f1   ,                 487,                  401,                 86,      1099,                      1354,                    20.0,          3,           807,            3232,                       1185,                    36.66460396039604  , -169           ,   87.51846381093058 ,               15
Random       ,               5.0,   1100, CSG-f2   ,                 533,                  431,                102,      1099,                      1553,                    20.0,          3,           807,            3232,                       1070,                    33.10643564356436  , -483           ,   68.89890534449454 ,               15
Random       ,               5.0,   1100, CGG      ,                 619,                  491,                128,      1099,                      2519,                    20.0,          3,           807,            3232,                       1274,                    39.41831683168317  , -1245          ,   50.57562524811433 ,               19
Random       ,              10.0,   2201, CSG-f1   ,                 869,                  703,                166,      2196,                      2883,                    20.0,          3,           807,            3232,                       2236,                    69.18316831683168  , -647           ,   77.5580992022199  ,               10
Random       ,              10.0,   2201, CSG-f2   ,                 979,                  797,                182,      2201,                      3095,                    20.0,          3,           807,            3232,                       2514,                    77.78465346534654  , -581           ,   81.22778675282714 ,               14
Random       ,              10.0,   2201, CGG      ,                 926,                  753,                173,      2011,                      4039,                    20.0,          3,           807,            3232,                       1942,                    60.08663366336634  , -2097          ,   48.0812082198564  ,               25
Random       ,              20.0,   4402, CSG-f1   ,                1495,                 1204,                291,      4399,                      4012,                    20.0,          3,           807,            3232,                       3156,                    97.64851485148515  , -856           ,   78.66400797607179 ,                6
Random       ,              20.0,   4402, CSG-f2   ,                1620,                 1307,                313,      4399,                      3963,                    20.0,          3,           807,            3232,                       3137,                    97.06064356435643  , -826           ,   79.15720413827908 ,                5
Random       ,              20.0,   4402, CGG      ,                 926,                  753,                173,      2011,                      4039,                    20.0,          3,           807,            3232,                       1942,                    60.08663366336634  , -2097          ,   48.0812082198564  ,               25
Degree       ,               1.0,    892, CSG-f1   ,                 117,                   90,                 27,       888,                       158,                    20.0,          3,           807,            3232,                        151,                     4.672029702970297 , -7             ,   95.56962025316456 ,                3
Degree       ,               1.0,    892, CSG-f2   ,                 209,                  174,                 35,       888,                       211,                    20.0,          3,           807,            3232,                        183,                     5.662128712871287 , -28            ,   86.7298578199052  ,                2
Degree       ,               1.0,    892, CGG      ,                 442,                  363,                 79,       891,                       555,                    20.0,          3,           807,            3232,                        450,                    13.923267326732674 , -105           ,   81.08108108108108 ,               10
Degree       ,               2.0,   1784, CSG-f1   ,                 177,                  140,                 37,      1766,                       368,                    20.0,          3,           807,            3232,                        326,                    10.086633663366337 , -42            ,   88.58695652173914 ,                7
Degree       ,               2.0,   1784, CSG-f2   ,                 261,                  215,                 46,      1781,                       264,                    20.0,          3,           807,            3232,                        229,                     7.0853960396039595, -35            ,   86.74242424242425 ,                3
Degree       ,               2.0,   1784, CGG      ,                 668,                  549,                119,      1783,                       899,                    20.0,          3,           807,            3232,                        714,                    22.09158415841584  , -185           ,   79.42157953281423 ,               10
Degree       ,               5.0,   4462, CSG-f1   ,                 287,                  222,                 65,      4462,                       480,                    20.0,          3,           807,            3232,                        412,                    12.747524752475247 , -68            ,   85.83333333333333 ,                7
Degree       ,               5.0,   4462, CSG-f2   ,                 408,                  332,                 76,      4426,                       412,                    20.0,          3,           807,            3232,                        342,                    10.58168316831683  , -70            ,   83.00970873786407 ,                2
Degree       ,               5.0,   4462, CGG      ,                1100,                  889,                211,      4456,                      1411,                    20.0,          3,           807,            3232,                       1093,                    33.818069306930695 , -318           ,   77.462792345854   ,               10
Degree       ,              10.0,   8924, CSG-f1   ,                 448,                  360,                 88,      8910,                       650,                    20.0,          3,           807,            3232,                        568,                    17.574257425742573 , -82            ,   87.38461538461539 ,                7
Degree       ,              10.0,   8924, CSG-f2   ,                 613,                  500,                113,      8915,                       617,                    20.0,          3,           807,            3232,                        508,                    15.717821782178218 , -109           ,   82.33387358184766 ,                2
Degree       ,              10.0,   8924, CGG      ,                1539,                 1239,                300,      8919,                      2405,                    20.0,          3,           807,            3232,                       1707,                    52.815594059405946 , -698           ,   70.97713097713097 ,               12
Degree       ,              20.0,  17848, CSG-f1   ,                 849,                  681,                168,     17836,                      1853,                    20.0,          3,           807,            3232,                       1522,                    47.09158415841584  , -331           ,   82.13707501349164 ,                9
Degree       ,              20.0,  17848, CSG-f2   ,                1075,                  864,                211,     17802,                      1081,                    20.0,          3,           807,            3232,                        876,                    27.103960396039607 , -205           ,   81.03607770582794 ,                2
Degree       ,              20.0,  17848, CGG      ,                1982,                 1600,                382,     17817,                      3467,                    20.0,          3,           807,            3232,                       2439,                    75.4641089108911   , -1028          ,   70.34900490337468 ,               19
Random       ,               1.0,    220, CSG-f1   ,                 146,                  122,                 24,       220,                       293,                    20.0,          4,           807,            3232,                        253,                     7.827970297029703 , -40            ,   86.3481228668942  ,                5
Random       ,               1.0,    220, CSG-f2   ,                 140,                  119,                 21,       219,                       224,                    20.0,          4,           807,            3232,                        213,                     6.590346534653466 , -11            ,   95.08928571428571 ,                2
Random       ,               1.0,    220, CGG      ,                 120,                   89,                 31,       220,                       588,                    20.0,          4,           807,            3232,                        398,                    12.314356435643564 , -190           ,   67.68707482993197 ,               10
Random       ,               2.0,    440, CSG-f1   ,                 252,                  203,                 49,       440,                       409,                    20.0,          4,           807,            3232,                        343,                    10.612623762376238 , -66            ,   83.86308068459658 ,                5
Random       ,               2.0,    440, CSG-f2   ,                 244,                  197,                 47,       438,                       366,                    20.0,          4,           807,            3232,                        296,                     9.158415841584159 , -70            ,   80.87431693989072 ,                2
Random       ,               2.0,    440, CGG      ,                 285,                  218,                 67,       440,                       882,                    20.0,          4,           807,            3232,                        596,                    18.44059405940594  , -286           ,   67.57369614512471 ,               10
Random       ,               5.0,   1100, CSG-f1   ,                 487,                  388,                 99,      1099,                      1354,                    20.0,          4,           807,            3232,                       1071,                    33.13737623762376  , -283           ,   79.09896602658789 ,               16
Random       ,               5.0,   1100, CSG-f2   ,                 533,                  423,                110,      1099,                      1553,                    20.0,          4,           807,            3232,                       1147,                    35.488861386138616 , -406           ,   73.85705086928526 ,               20
Random       ,               5.0,   1100, CGG      ,                 619,                  486,                133,      1099,                      2519,                    20.0,          4,           807,            3232,                       1173,                    36.29331683168317  , -1346          ,   46.56609765780072 ,               16
Random       ,              10.0,   2201, CSG-f1   ,                 869,                  694,                175,      2196,                      2883,                    20.0,          4,           807,            3232,                       2386,                    73.82425742574257  , -497           ,   82.76101283385361 ,               19
Random       ,              10.0,   2201, CSG-f2   ,                 979,                  780,                199,      2201,                      3095,                    20.0,          4,           807,            3232,                       2598,                    80.38366336633663  , -497           ,   83.94184168012924 ,               19
Random       ,              10.0,   2201, CGG      ,                 926,                  737,                189,      2011,                      4039,                    20.0,          4,           807,            3232,                       1711,                    52.93935643564357  , -2328          ,   42.361970784847735,               20
Random       ,              20.0,   4402, CSG-f1   ,                1495,                 1190,                305,      4399,                      4012,                    20.0,          4,           807,            3232,                       3191,                    98.73143564356435  , -821           ,   79.53639082751745 ,                8
Random       ,              20.0,   4402, CSG-f2   ,                1620,                 1288,                332,      4399,                      3963,                    20.0,          4,           807,            3232,                       3148,                    97.4009900990099   , -815           ,   79.43477163764825 ,                6
Random       ,              20.0,   4402, CGG      ,                 926,                  737,                189,      2011,                      4039,                    20.0,          4,           807,            3232,                       1711,                    52.93935643564357  , -2328          ,   42.361970784847735,               20
Degree       ,               1.0,    892, CSG-f1   ,                 117,                   97,                 20,       888,                       158,                    20.0,          4,           807,            3232,                        147,                     4.548267326732673 , -11            ,   93.0379746835443  ,                6
Degree       ,               1.0,    892, CSG-f2   ,                 209,                  163,                 46,       888,                       211,                    20.0,          4,           807,            3232,                        168,                     5.198019801980198 , -43            ,   79.62085308056872 ,                1
Degree       ,               1.0,    892, CGG      ,                 442,                  358,                 84,       891,                       555,                    20.0,          4,           807,            3232,                        420,                    12.995049504950495 , -135           ,   75.67567567567568 ,                3
Degree       ,               2.0,   1784, CSG-f1   ,                 177,                  146,                 31,      1766,                       368,                    20.0,          4,           807,            3232,                        302,                     9.344059405940595 , -66            ,   82.06521739130434 ,                5
Degree       ,               2.0,   1784, CSG-f2   ,                 261,                  202,                 59,      1781,                       264,                    20.0,          4,           807,            3232,                        208,                     6.435643564356436 , -56            ,   78.78787878787878 ,                1
Degree       ,               2.0,   1784, CGG      ,                 668,                  536,                132,      1783,                       899,                    20.0,          4,           807,            3232,                        664,                    20.544554455445542 , -235           ,   73.85984427141268 ,                6
Degree       ,               5.0,   4462, CSG-f1   ,                 287,                  245,                 42,      4462,                       480,                    20.0,          4,           807,            3232,                        408,                    12.623762376237623 , -72            ,   85.0              ,                5
Degree       ,               5.0,   4462, CSG-f2   ,                 408,                  312,                 96,      4426,                       412,                    20.0,          4,           807,            3232,                        318,                     9.83910891089109  , -94            ,   77.18446601941747 ,                1
Degree       ,               5.0,   4462, CGG      ,                1100,                  884,                216,      4456,                      1411,                    20.0,          4,           807,            3232,                       1075,                    33.261138613861384 , -336           ,   76.18710134656273 ,                6
Degree       ,              10.0,   8924, CSG-f1   ,                 448,                  372,                 76,      8910,                       650,                    20.0,          4,           807,            3232,                        545,                    16.862623762376238 , -105           ,   83.84615384615385 ,                5
Degree       ,              10.0,   8924, CSG-f2   ,                 613,                  471,                142,      8915,                       617,                    20.0,          4,           807,            3232,                        477,                    14.758663366336632 , -140           ,   77.3095623987034  ,                1
Degree       ,              10.0,   8924, CGG      ,                1539,                 1234,                305,      8919,                      2405,                    20.0,          4,           807,            3232,                       1689,                    52.258663366336634 , -716           ,   70.22869022869023 ,               12
Degree       ,              20.0,  17848, CSG-f1   ,                 849,                  706,                143,     17836,                      1853,                    20.0,          4,           807,            3232,                       1497,                    46.318069306930695 , -356           ,   80.78791149487317 ,                8
Degree       ,              20.0,  17848, CSG-f2   ,                1075,                  842,                233,     17802,                      1081,                    20.0,          4,           807,            3232,                        852,                    26.361386138613863 , -229           ,   78.8159111933395  ,                3
Degree       ,              20.0,  17848, CGG      ,                1982,                 1585,                397,     17817,                      3467,                    20.0,          4,           807,            3232,                       2335,                    72.24628712871286  , -1132          ,   67.34929333717912 ,               20
Random       ,               1.0,    220, CSG-f1   ,                 146,                  124,                 22,       220,                       293,                    20.0,          5,           807,            3232,                        289,                     8.941831683168317 , -4             ,   98.63481228668942 ,                3
Random       ,               1.0,    220, CSG-f2   ,                 140,                  119,                 21,       219,                       224,                    20.0,          5,           807,            3232,                        232,                     7.1782178217821775, 8              ,  103.57142857142858 ,                3
Random       ,               1.0,    220, CGG      ,                 120,                  100,                 20,       220,                       588,                    20.0,          5,           807,            3232,                        460,                    14.232673267326732 , -128           ,   78.2312925170068  ,                9
Random       ,               2.0,    440, CSG-f1   ,                 252,                  212,                 40,       440,                       409,                    20.0,          5,           807,            3232,                        391,                    12.097772277227723 , -18            ,   95.59902200488997 ,                3
Random       ,               2.0,    440, CSG-f2   ,                 244,                  206,                 38,       438,                       366,                    20.0,          5,           807,            3232,                        345,                    10.674504950495049 , -21            ,   94.26229508196722 ,                3
Random       ,               2.0,    440, CGG      ,                 285,                  240,                 45,       440,                       882,                    20.0,          5,           807,            3232,                        673,                    20.823019801980198 , -209           ,   76.30385487528345 ,                9
Random       ,               5.0,   1100, CSG-f1   ,                 487,                  407,                 80,      1099,                      1354,                    20.0,          5,           807,            3232,                       1198,                    37.06683168316832  , -156           ,   88.47858197932054 ,               14
Random       ,               5.0,   1100, CSG-f2   ,                 533,                  444,                 89,      1099,                      1553,                    20.0,          5,           807,            3232,                       1226,                    37.93316831683168  , -327           ,   78.9439793947199  ,               16
Random       ,               5.0,   1100, CGG      ,                 619,                  500,                119,      1099,                      2519,                    20.0,          5,           807,            3232,                       1580,                    48.886138613861384 , -939           ,   62.72330289797539 ,               41
Random       ,              10.0,   2201, CSG-f1   ,                 869,                  702,                167,      2196,                      2883,                    20.0,          5,           807,            3232,                       2253,                    69.70915841584159  , -630           ,   78.14776274713839 ,                8
Random       ,              10.0,   2201, CSG-f2   ,                 979,                  784,                195,      2201,                      3095,                    20.0,          5,           807,            3232,                       2437,                    75.40222772277228  , -658           ,   78.73990306946688 ,               13
Random       ,              10.0,   2201, CGG      ,                 926,                  746,                180,      2011,                      4039,                    20.0,          5,           807,            3232,                       2343,                    72.49381188118812  , -1696          ,   58.00940826937361 ,               35
Random       ,              20.0,   4402, CSG-f1   ,                1495,                 1204,                291,      4399,                      4012,                    20.0,          5,           807,            3232,                       3205,                    99.16460396039604  , -807           ,   79.88534396809571 ,                6
Random       ,              20.0,   4402, CSG-f2   ,                1620,                 1304,                316,      4399,                      3963,                    20.0,          5,           807,            3232,                       3158,                    97.71039603960396  , -805           ,   79.68710572798385 ,                5
Random       ,              20.0,   4402, CGG      ,                 926,                  746,                180,      2011,                      4039,                    20.0,          5,           807,            3232,                       2343,                    72.49381188118812  , -1696          ,   58.00940826937361 ,               35
Degree       ,               1.0,    892, CSG-f1   ,                 117,                   95,                 22,       888,                       158,                    20.0,          5,           807,            3232,                        290,                     8.972772277227723 , 132            ,  183.54430379746836 ,               15
Degree       ,               1.0,    892, CSG-f2   ,                 209,                  167,                 42,       888,                       211,                    20.0,          5,           807,            3232,                        181,                     5.600247524752476 , -30            ,   85.78199052132702 ,                1
Degree       ,               1.0,    892, CGG      ,                 442,                  356,                 86,       891,                       555,                    20.0,          5,           807,            3232,                        414,                    12.80940594059406  , -141           ,   74.5945945945946  ,                2
Degree       ,               2.0,   1784, CSG-f1   ,                 177,                  145,                 32,      1766,                       368,                    20.0,          5,           807,            3232,                        309,                     9.560643564356436 , -59            ,   83.96739130434783 ,                5
Degree       ,               2.0,   1784, CSG-f2   ,                 261,                  210,                 51,      1781,                       264,                    20.0,          5,           807,            3232,                        225,                     6.961633663366337 , -39            ,   85.22727272727273 ,                1
Degree       ,               2.0,   1784, CGG      ,                 668,                  547,                121,      1783,                       899,                    20.0,          5,           807,            3232,                        654,                    20.23514851485149  , -245           ,   72.74749721913237 ,                3
Degree       ,               5.0,   4462, CSG-f1   ,                 287,                  229,                 58,      4462,                       480,                    20.0,          5,           807,            3232,                        400,                    12.376237623762377 , -80            ,   83.33333333333334 ,                5
Degree       ,               5.0,   4462, CSG-f2   ,                 408,                  332,                 76,      4426,                       412,                    20.0,          5,           807,            3232,                        348,                    10.767326732673267 , -64            ,   84.46601941747572 ,                2
Degree       ,               5.0,   4462, CGG      ,                1100,                  885,                215,      4456,                      1411,                    20.0,          5,           807,            3232,                       1043,                    32.271039603960396 , -368           ,   73.91920623671156 ,                7
Degree       ,              10.0,   8924, CSG-f1   ,                 448,                  357,                 91,      8910,                       650,                    20.0,          5,           807,            3232,                        534,                    16.522277227722775 , -116           ,   82.15384615384616 ,                5
Degree       ,              10.0,   8924, CSG-f2   ,                 613,                  499,                114,      8915,                       617,                    20.0,          5,           807,            3232,                        514,                    15.903465346534654 , -103           ,   83.3063209076175  ,                2
Degree       ,              10.0,   8924, CGG      ,                1539,                 1230,                309,      8919,                      2405,                    20.0,          5,           807,            3232,                       1646,                    50.92821782178218  , -759           ,   68.44074844074845 ,               15
Degree       ,              20.0,  17848, CSG-f1   ,                 849,                  669,                180,     17836,                      1853,                    20.0,          5,           807,            3232,                       1494,                    46.225247524752476 , -359           ,   80.62601187263895 ,                8
Degree       ,              20.0,  17848, CSG-f2   ,                1075,                  871,                204,     17802,                      1081,                    20.0,          5,           807,            3232,                        880,                    27.22772277227723  , -201           ,   81.40610545790933 ,                2
Degree       ,              20.0,  17848, CGG      ,                1982,                 1584,                398,     17817,                      3467,                    20.0,          5,           807,            3232,                       2313,                    71.56559405940595  , -1154          ,   66.71473896740699 ,               19
Random       ,               1.0,    220, CSG-f1   ,                 146,                  126,                 20,       220,                       293,                    20.0,          6,           807,            3232,                        292,                     9.034653465346535 , -1             ,   99.65870307167235 ,                5
Random       ,               1.0,    220, CSG-f2   ,                 140,                  119,                 21,       219,                       224,                    20.0,          6,           807,            3232,                        228,                     7.054455445544554 , 4              ,  101.78571428571428 ,                2
Random       ,               1.0,    220, CGG      ,                 120,                   94,                 26,       220,                       588,                    20.0,          6,           807,            3232,                        408,                    12.623762376237623 , -180           ,   69.38775510204081 ,                6
Random       ,               2.0,    440, CSG-f1   ,                 252,                  214,                 38,       440,                       409,                    20.0,          6,           807,            3232,                        394,                    12.19059405940594  , -15            ,   96.33251833740832 ,                5
Random       ,               2.0,    440, CSG-f2   ,                 244,                  208,                 36,       438,                       366,                    20.0,          6,           807,            3232,                        347,                    10.736386138613861 , -19            ,   94.80874316939891 ,                5
Random       ,               2.0,    440, CGG      ,                 285,                  230,                 55,       440,                       882,                    20.0,          6,           807,            3232,                        626,                    19.36881188118812  , -256           ,   70.97505668934241 ,                6
Random       ,               5.0,   1100, CSG-f1   ,                 487,                  398,                 89,      1099,                      1354,                    20.0,          6,           807,            3232,                       1212,                    37.5               , -142           ,   89.51255539143278 ,               17
Random       ,               5.0,   1100, CSG-f2   ,                 533,                  435,                 98,      1099,                      1553,                    20.0,          6,           807,            3232,                       1249,                    38.64480198019802  , -304           ,   80.42498390212492 ,               16
Random       ,               5.0,   1100, CGG      ,                 619,                  496,                123,      1099,                      2519,                    20.0,          6,           807,            3232,                       1128,                    34.900990099009896 , -1391          ,   44.779674473997616,               14
Random       ,              10.0,   2201, CSG-f1   ,                 869,                  707,                162,      2196,                      2883,                    20.0,          6,           807,            3232,                       2405,                    74.41212871287128  , -478           ,   83.42004856052722 ,               10
Random       ,              10.0,   2201, CSG-f2   ,                 979,                  796,                183,      2201,                      3095,                    20.0,          6,           807,            3232,                       2490,                    77.04207920792079  , -605           ,   80.45234248788368 ,               13
Random       ,              10.0,   2201, CGG      ,                 926,                  751,                175,      2011,                      4039,                    20.0,          6,           807,            3232,                       2223,                    68.7809405940594   , -1816          ,   55.03837583560287 ,               32
Random       ,              20.0,   4402, CSG-f1   ,                1495,                 1220,                275,      4399,                      4012,                    20.0,          6,           807,            3232,                       3193,                    98.79331683168317  , -819           ,   79.58624127617149 ,                7
Random       ,              20.0,   4402, CSG-f2   ,                1620,                 1328,                292,      4399,                      3963,                    20.0,          6,           807,            3232,                       3209,                    99.28836633663366  , -754           ,   80.97400958869542 ,                8
Random       ,              20.0,   4402, CGG      ,                 926,                  751,                175,      2011,                      4039,                    20.0,          6,           807,            3232,                       2223,                    68.7809405940594   , -1816          ,   55.03837583560287 ,               32
Degree       ,               1.0,    892, CSG-f1   ,                 117,                   93,                 24,       888,                       158,                    20.0,          6,           807,            3232,                        152,                     4.702970297029703 , -6             ,   96.20253164556962 ,                6
Degree       ,               1.0,    892, CSG-f2   ,                 209,                  175,                 34,       888,                       211,                    20.0,          6,           807,            3232,                        194,                     6.002475247524752 , -17            ,   91.9431279620853  ,                3
Degree       ,               1.0,    892, CGG      ,                 442,                  350,                 92,       891,                       555,                    20.0,          6,           807,            3232,                        415,                    12.840346534653465 , -140           ,   74.77477477477478 ,                3
Degree       ,               2.0,   1784, CSG-f1   ,                 177,                  135,                 42,      1766,                       368,                    20.0,          6,           807,            3232,                        318,                     9.83910891089109  , -50            ,   86.41304347826086 ,                5
Degree       ,               2.0,   1784, CSG-f2   ,                 261,                  217,                 44,      1781,                       264,                    20.0,          6,           807,            3232,                        237,                     7.332920792079207 , -27            ,   89.77272727272727 ,                3
Degree       ,               2.0,   1784, CGG      ,                 668,                  533,                135,      1783,                       899,                    20.0,          6,           807,            3232,                        651,                    20.14232673267327  , -248           ,   72.41379310344827 ,                7
Degree       ,               5.0,   4462, CSG-f1   ,                 287,                  226,                 61,      4462,                       480,                    20.0,          6,           807,            3232,                        413,                    12.778465346534654 , -67            ,   86.04166666666667 ,                5
Degree       ,               5.0,   4462, CSG-f2   ,                 408,                  335,                 73,      4426,                       412,                    20.0,          6,           807,            3232,                        356,                    11.014851485148515 , -56            ,   86.40776699029125 ,                3
Degree       ,               5.0,   4462, CGG      ,                1100,                  887,                213,      4456,                      1411,                    20.0,          6,           807,            3232,                       1087,                    33.632425742574256 , -324           ,   77.03756201275691 ,                6
Degree       ,              10.0,   8924, CSG-f1   ,                 448,                  358,                 90,      8910,                       650,                    20.0,          6,           807,            3232,                        559,                    17.29579207920792  , -91            ,   86.0              ,                5
Degree       ,              10.0,   8924, CSG-f2   ,                 613,                  493,                120,      8915,                       617,                    20.0,          6,           807,            3232,                        513,                    15.872524752475247 , -104           ,   83.14424635332253 ,                3
Degree       ,              10.0,   8924, CGG      ,                1539,                 1226,                313,      8919,                      2405,                    20.0,          6,           807,            3232,                       1583,                    48.978960396039604 , -822           ,   65.82120582120582 ,               11
Degree       ,              20.0,  17848, CSG-f1   ,                 849,                  687,                162,     17836,                      1853,                    20.0,          6,           807,            3232,                       1513,                    46.81311881188119  , -340           ,   81.65137614678899 ,                7
Degree       ,              20.0,  17848, CSG-f2   ,                1075,                  858,                217,     17802,                      1081,                    20.0,          6,           807,            3232,                        880,                    27.22772277227723  , -201           ,   81.40610545790933 ,                3
Degree       ,              20.0,  17848, CGG      ,                1982,                 1581,                401,     17817,                      3467,                    20.0,          6,           807,            3232,                       2293,                    70.94678217821783  , -1174          ,   66.13787135852321 ,               22
Random       ,               1.0,    220, CSG-f1   ,                 146,                  122,                 24,       220,                       293,                    20.0,          7,           807,            3232,                        228,                     7.054455445544554 , -65            ,   77.81569965870307 ,                3
Random       ,               1.0,    220, CSG-f2   ,                 140,                  114,                 26,       219,                       224,                    20.0,          7,           807,            3232,                        183,                     5.662128712871287 , -41            ,   81.69642857142857 ,                2
Random       ,               1.0,    220, CGG      ,                 120,                   92,                 28,       220,                       588,                    20.0,          7,           807,            3232,                        340,                    10.51980198019802  , -248           ,   57.82312925170068 ,                5
Random       ,               2.0,    440, CSG-f1   ,                 252,                  210,                 42,       440,                       409,                    20.0,          7,           807,            3232,                        322,                     9.962871287128714 , -87            ,   78.72860635696821 ,                3
Random       ,               2.0,    440, CSG-f2   ,                 244,                  200,                 44,       438,                       366,                    20.0,          7,           807,            3232,                        277,                     8.570544554455447 , -89            ,   75.68306010928961 ,                3
Random       ,               2.0,    440, CGG      ,                 285,                  225,                 60,       440,                       882,                    20.0,          7,           807,            3232,                        517,                    15.996287128712872 , -365           ,   58.61678004535147 ,                5
Random       ,               5.0,   1100, CSG-f1   ,                 487,                  393,                 94,      1099,                      1354,                    20.0,          7,           807,            3232,                        956,                    29.57920792079208  , -398           ,   70.60561299852289 ,               28
Random       ,               5.0,   1100, CSG-f2   ,                 533,                  430,                103,      1099,                      1553,                    20.0,          7,           807,            3232,                       1019,                    31.528465346534652 , -534           ,   65.6149388280747  ,               24
Random       ,               5.0,   1100, CGG      ,                 619,                  492,                127,      1099,                      2519,                    20.0,          7,           807,            3232,                        998,                    30.878712871287128 , -1521          ,   39.61889638745534 ,               13
Random       ,              10.0,   2201, CSG-f1   ,                 869,                  702,                167,      2196,                      2883,                    20.0,          7,           807,            3232,                       2334,                    72.21534653465346  , -549           ,   80.9573361082206  ,               21
Random       ,              10.0,   2201, CSG-f2   ,                 979,                  791,                188,      2201,                      3095,                    20.0,          7,           807,            3232,                       2387,                    73.85519801980197  , -708           ,   77.12439418416801 ,               11
Random       ,              10.0,   2201, CGG      ,                 926,                  749,                177,      2011,                      4039,                    20.0,          7,           807,            3232,                       1490,                    46.101485148514854 , -2549          ,   36.89031938598663 ,               15
Random       ,              20.0,   4402, CSG-f1   ,                1495,                 1198,                297,      4399,                      4012,                    20.0,          7,           807,            3232,                       3126,                    96.72029702970298  , -886           ,   77.91625124626121 ,                5
Random       ,              20.0,   4402, CSG-f2   ,                1620,                 1291,                329,      4399,                      3963,                    20.0,          7,           807,            3232,                       3125,                    96.68935643564357  , -838           ,   78.85440322987635 ,                8
Random       ,              20.0,   4402, CGG      ,                 926,                  749,                177,      2011,                      4039,                    20.0,          7,           807,            3232,                       1490,                    46.101485148514854 , -2549          ,   36.89031938598663 ,               15
Degree       ,               1.0,    892, CSG-f1   ,                 117,                   92,                 25,       888,                       158,                    20.0,          7,           807,            3232,                        192,                     5.9405940594059405, 34             ,  121.51898734177216 ,                4
Degree       ,               1.0,    892, CSG-f2   ,                 209,                  167,                 42,       888,                       211,                    20.0,          7,           807,            3232,                        191,                     5.909653465346534 , -20            ,   90.52132701421802 ,                1
Degree       ,               1.0,    892, CGG      ,                 442,                  357,                 85,       891,                       555,                    20.0,          7,           807,            3232,                        420,                    12.995049504950495 , -135           ,   75.67567567567568 ,                2
Degree       ,               2.0,   1784, CSG-f1   ,                 177,                  140,                 37,      1766,                       368,                    20.0,          7,           807,            3232,                        312,                     9.653465346534654 , -56            ,   84.78260869565217 ,                6
Degree       ,               2.0,   1784, CSG-f2   ,                 261,                  205,                 56,      1781,                       264,                    20.0,          7,           807,            3232,                        228,                     7.054455445544554 , -36            ,   86.36363636363636 ,                1
Degree       ,               2.0,   1784, CGG      ,                 668,                  533,                135,      1783,                       899,                    20.0,          7,           807,            3232,                        655,                    20.266089108910894 , -244           ,   72.8587319243604  ,                7
Degree       ,               5.0,   4462, CSG-f1   ,                 287,                  220,                 67,      4462,                       480,                    20.0,          7,           807,            3232,                        395,                    12.221534653465346 , -85            ,   82.29166666666666 ,                6
Degree       ,               5.0,   4462, CSG-f2   ,                 408,                  317,                 91,      4426,                       412,                    20.0,          7,           807,            3232,                        327,                    10.117574257425744 , -85            ,   79.36893203883496 ,                1
Degree       ,               5.0,   4462, CGG      ,                1100,                  873,                227,      4456,                      1411,                    20.0,          7,           807,            3232,                       1047,                    32.39480198019802  , -364           ,   74.20269312544295 ,                7
Degree       ,              10.0,   8924, CSG-f1   ,                 448,                  352,                 96,      8910,                       650,                    20.0,          7,           807,            3232,                        533,                    16.491336633663366 , -117           ,   82.0              ,                6
Degree       ,              10.0,   8924, CSG-f2   ,                 613,                  489,                124,      8915,                       617,                    20.0,          7,           807,            3232,                        498,                    15.408415841584159 , -119           ,   80.71312803889789 ,                1
Degree       ,              10.0,   8924, CGG      ,                1539,                 1233,                306,      8919,                      2405,                    20.0,          7,           807,            3232,                       1562,                    48.32920792079208  , -843           ,   64.94802494802495 ,                8
Degree       ,              20.0,  17848, CSG-f1   ,                 849,                  679,                170,     17836,                      1853,                    20.0,          7,           807,            3232,                       1487,                    46.008663366336634 , -366           ,   80.2482460874258  ,                7
Degree       ,              20.0,  17848, CSG-f2   ,                1075,                  872,                203,     17802,                      1081,                    20.0,          7,           807,            3232,                        887,                    27.44430693069307  , -194           ,   82.05365402405181 ,                2
Degree       ,              20.0,  17848, CGG      ,                1982,                 1580,                402,     17817,                      3467,                    20.0,          7,           807,            3232,                       2105,                    65.1299504950495   , -1362          ,   60.71531583501586 ,               16
Random       ,               1.0,    220, CSG-f1   ,                 146,                  119,                 27,       220,                       293,                    20.0,          8,           807,            3232,                        274,                     8.477722772277229 , -19            ,   93.51535836177474 ,                3
Random       ,               1.0,    220, CSG-f2   ,                 140,                  117,                 23,       219,                       224,                    20.0,          8,           807,            3232,                        208,                     6.435643564356436 , -16            ,   92.85714285714286 ,                2
Random       ,               1.0,    220, CGG      ,                 120,                   91,                 29,       220,                       588,                    20.0,          8,           807,            3232,                        397,                    12.283415841584159 , -191           ,   67.51700680272108 ,                7
Random       ,               2.0,    440, CSG-f1   ,                 252,                  208,                 44,       440,                       409,                    20.0,          8,           807,            3232,                        369,                    11.417079207920793 , -40            ,   90.2200488997555  ,                3
Random       ,               2.0,    440, CSG-f2   ,                 244,                  202,                 42,       438,                       366,                    20.0,          8,           807,            3232,                        320,                     9.900990099009901 , -46            ,   87.43169398907104 ,                3
Random       ,               2.0,    440, CGG      ,                 285,                  221,                 64,       440,                       882,                    20.0,          8,           807,            3232,                        561,                    17.35767326732673  , -321           ,   63.60544217687075 ,                7
Random       ,               5.0,   1100, CSG-f1   ,                 487,                  406,                 81,      1099,                      1354,                    20.0,          8,           807,            3232,                       1249,                    38.64480198019802  , -105           ,   92.24519940915805 ,               19
Random       ,               5.0,   1100, CSG-f2   ,                 533,                  438,                 95,      1099,                      1553,                    20.0,          8,           807,            3232,                       1290,                    39.913366336633665 , -263           ,   83.06503541532517 ,               18
Random       ,               5.0,   1100, CGG      ,                 619,                  495,                124,      1099,                      2519,                    20.0,          8,           807,            3232,                       1116,                    34.52970297029702  , -1403          ,   44.30329495831679 ,               12
Random       ,              10.0,   2201, CSG-f1   ,                 869,                  701,                168,      2196,                      2883,                    20.0,          8,           807,            3232,                       2349,                    72.67945544554455  , -534           ,   81.47762747138397 ,               14
Random       ,              10.0,   2201, CSG-f2   ,                 979,                  786,                193,      2201,                      3095,                    20.0,          8,           807,            3232,                       2567,                    79.42450495049505  , -528           ,   82.94022617124395 ,               19
Random       ,              10.0,   2201, CGG      ,                 926,                  745,                181,      2011,                      4039,                    20.0,          8,           807,            3232,                       1778,                    55.01237623762376  , -2261          ,   44.0207972270364  ,               13
Random       ,              20.0,   4402, CSG-f1   ,                1495,                 1210,                285,      4399,                      4012,                    20.0,          8,           807,            3232,                       3202,                    99.07178217821783  , -810           ,   79.81056829511466 ,                5
Random       ,              20.0,   4402, CSG-f2   ,                1620,                 1305,                315,      4399,                      3963,                    20.0,          8,           807,            3232,                       3192,                    98.76237623762376  , -771           ,   80.5450416351249  ,                7
Random       ,              20.0,   4402, CGG      ,                 926,                  745,                181,      2011,                      4039,                    20.0,          8,           807,            3232,                       1778,                    55.01237623762376  , -2261          ,   44.0207972270364  ,               13
Degree       ,               1.0,    892, CSG-f1   ,                 117,                   94,                 23,       888,                       158,                    20.0,          8,           807,            3232,                        142,                     4.393564356435643 , -16            ,   89.87341772151899 ,                5
Degree       ,               1.0,    892, CSG-f2   ,                 209,                  155,                 54,       888,                       211,                    20.0,          8,           807,            3232,                        179,                     5.538366336633663 , -32            ,   84.83412322274881 ,                1
Degree       ,               1.0,    892, CGG      ,                 442,                  343,                 99,       891,                       555,                    20.0,          8,           807,            3232,                        411,                    12.716584158415841 , -144           ,   74.05405405405405 ,                3
Degree       ,               2.0,   1784, CSG-f1   ,                 177,                  141,                 36,      1766,                       368,                    20.0,          8,           807,            3232,                        329,                    10.179455445544553 , -39            ,   89.40217391304348 ,                6
Degree       ,               2.0,   1784, CSG-f2   ,                 261,                  195,                 66,      1781,                       264,                    20.0,          8,           807,            3232,                        219,                     6.775990099009902 , -45            ,   82.95454545454545 ,                1
Degree       ,               2.0,   1784, CGG      ,                 668,                  519,                149,      1783,                       899,                    20.0,          8,           807,            3232,                        649,                    20.080445544554458 , -250           ,   72.19132369299221 ,                9
Degree       ,               5.0,   4462, CSG-f1   ,                 287,                  222,                 65,      4462,                       480,                    20.0,          8,           807,            3232,                        413,                    12.778465346534654 , -67            ,   86.04166666666667 ,                6
Degree       ,               5.0,   4462, CSG-f2   ,                 408,                  314,                 94,      4426,                       412,                    20.0,          8,           807,            3232,                        339,                    10.488861386138613 , -73            ,   82.28155339805825 ,                2
Degree       ,               5.0,   4462, CGG      ,                1100,                  865,                235,      4456,                      1411,                    20.0,          8,           807,            3232,                       1097,                    33.94183168316832  , -314           ,   77.7462792345854  ,               14
Degree       ,              10.0,   8924, CSG-f1   ,                 448,                  345,                103,      8910,                       650,                    20.0,          8,           807,            3232,                        544,                    16.831683168316832 , -106           ,   83.6923076923077  ,                6
Degree       ,              10.0,   8924, CSG-f2   ,                 613,                  477,                136,      8915,                       617,                    20.0,          8,           807,            3232,                        500,                    15.47029702970297  , -117           ,   81.03727714748784 ,                2
Degree       ,              10.0,   8924, CGG      ,                1539,                 1230,                309,      8919,                      2405,                    20.0,          8,           807,            3232,                       1681,                    52.011138613861384 , -724           ,   69.89604989604989 ,               13
Degree       ,              20.0,  17848, CSG-f1   ,                 849,                  668,                181,     17836,                      1853,                    20.0,          8,           807,            3232,                       1487,                    46.008663366336634 , -366           ,   80.2482460874258  ,                8
Degree       ,              20.0,  17848, CSG-f2   ,                1075,                  847,                228,     17802,                      1081,                    20.0,          8,           807,            3232,                        867,                    26.825495049504948 , -214           ,   80.20351526364477 ,                2
Degree       ,              20.0,  17848, CGG      ,                1982,                 1595,                387,     17817,                      3467,                    20.0,          8,           807,            3232,                       2489,                    77.01113861386139  , -978           ,   71.79117392558408 ,               16
Random       ,               1.0,    220, CSG-f1   ,                 146,                  121,                 25,       220,                       293,                    20.0,          9,           807,            3232,                        251,                     7.766089108910891 , -42            ,   85.6655290102389  ,                3
Random       ,               1.0,    220, CSG-f2   ,                 140,                  116,                 24,       219,                       224,                    20.0,          9,           807,            3232,                        191,                     5.909653465346534 , -33            ,   85.26785714285714 ,                3
Random       ,               1.0,    220, CGG      ,                 120,                   93,                 27,       220,                       588,                    20.0,          9,           807,            3232,                        373,                    11.540841584158416 , -215           ,   63.435374149659864,                5
Random       ,               2.0,    440, CSG-f1   ,                 252,                  204,                 48,       440,                       409,                    20.0,          9,           807,            3232,                        343,                    10.612623762376238 , -66            ,   83.86308068459658 ,                3
Random       ,               2.0,    440, CSG-f2   ,                 244,                  198,                 46,       438,                       366,                    20.0,          9,           807,            3232,                        295,                     9.127475247524753 , -71            ,   80.60109289617486 ,                3
Random       ,               2.0,    440, CGG      ,                 285,                  229,                 56,       440,                       882,                    20.0,          9,           807,            3232,                        574,                    17.75990099009901  , -308           ,   65.07936507936508 ,                6
Random       ,               5.0,   1100, CSG-f1   ,                 487,                  389,                 98,      1099,                      1354,                    20.0,          9,           807,            3232,                        910,                    28.155940594059402 , -444           ,   67.20827178729691 ,               10
Random       ,               5.0,   1100, CSG-f2   ,                 533,                  430,                103,      1099,                      1553,                    20.0,          9,           807,            3232,                        965,                    29.857673267326735 , -588           ,   62.13779781068899 ,               13
Random       ,               5.0,   1100, CGG      ,                 619,                  496,                123,      1099,                      2519,                    20.0,          9,           807,            3232,                       1200,                    37.12871287128713  , -1319          ,   47.63795156808257 ,               14
Random       ,              10.0,   2201, CSG-f1   ,                 869,                  689,                180,      2196,                      2883,                    20.0,          9,           807,            3232,                       2346,                    72.58663366336634  , -537           ,   81.37356919875131 ,               15
Random       ,              10.0,   2201, CSG-f2   ,                 979,                  774,                205,      2201,                      3095,                    20.0,          9,           807,            3232,                       2466,                    76.29950495049505  , -629           ,   79.67689822294022 ,               14
Random       ,              10.0,   2201, CGG      ,                 926,                  739,                187,      2011,                      4039,                    20.0,          9,           807,            3232,                       1732,                    53.58910891089109  , -2307          ,   42.88190146075762 ,               16
Random       ,              20.0,   4402, CSG-f1   ,                1495,                 1184,                311,      4399,                      4012,                    20.0,          9,           807,            3232,                       3144,                    97.27722772277228  , -868           ,   78.36490528414755 ,                5
Random       ,              20.0,   4402, CSG-f2   ,                1620,                 1282,                338,      4399,                      3963,                    20.0,          9,           807,            3232,                       3129,                    96.8131188118812   , -834           ,   78.9553368660106  ,                6
Random       ,              20.0,   4402, CGG      ,                 926,                  739,                187,      2011,                      4039,                    20.0,          9,           807,            3232,                       1732,                    53.58910891089109  , -2307          ,   42.88190146075762 ,               16
Degree       ,               1.0,    892, CSG-f1   ,                 117,                   86,                 31,       888,                       158,                    20.0,          9,           807,            3232,                        133,                     4.11509900990099  , -25            ,   84.17721518987342 ,                2
Degree       ,               1.0,    892, CSG-f2   ,                 209,                  171,                 38,       888,                       211,                    20.0,          9,           807,            3232,                        179,                     5.538366336633663 , -32            ,   84.83412322274881 ,                1
Degree       ,               1.0,    892, CGG      ,                 442,                  349,                 93,       891,                       555,                    20.0,          9,           807,            3232,                        408,                    12.623762376237623 , -147           ,   73.51351351351352 ,                3
Degree       ,               2.0,   1784, CSG-f1   ,                 177,                  124,                 53,      1766,                       368,                    20.0,          9,           807,            3232,                        292,                     9.034653465346535 , -76            ,   79.34782608695652 ,                7
Degree       ,               2.0,   1784, CSG-f2   ,                 261,                  212,                 49,      1781,                       264,                    20.0,          9,           807,            3232,                        222,                     6.868811881188119 , -42            ,   84.0909090909091  ,                1
Degree       ,               2.0,   1784, CGG      ,                 668,                  531,                137,      1783,                       899,                    20.0,          9,           807,            3232,                        661,                    20.451732673267326 , -238           ,   73.5261401557286  ,                7
Degree       ,               5.0,   4462, CSG-f1   ,                 287,                  208,                 79,      4462,                       480,                    20.0,          9,           807,            3232,                        386,                    11.943069306930692 , -94            ,   80.41666666666667 ,                7
Degree       ,               5.0,   4462, CSG-f2   ,                 408,                  329,                 79,      4426,                       412,                    20.0,          9,           807,            3232,                        337,                    10.426980198019802 , -75            ,   81.79611650485437 ,                1
Degree       ,               5.0,   4462, CGG      ,                1100,                  871,                229,      4456,                      1411,                    20.0,          9,           807,            3232,                       1057,                    32.70420792079208  , -354           ,   74.91141034727143 ,                6
Degree       ,              10.0,   8924, CSG-f1   ,                 448,                  331,                117,      8910,                       650,                    20.0,          9,           807,            3232,                        530,                    16.39851485148515  , -120           ,   81.53846153846153 ,                7
Degree       ,              10.0,   8924, CSG-f2   ,                 613,                  494,                119,      8915,                       617,                    20.0,          9,           807,            3232,                        503,                    15.563118811881187 , -114           ,   81.52350081037277 ,                2
Degree       ,              10.0,   8924, CGG      ,                1539,                 1215,                324,      8919,                      2405,                    20.0,          9,           807,            3232,                       1560,                    48.26732673267327  , -845           ,   64.86486486486487 ,               12
Degree       ,              20.0,  17848, CSG-f1   ,                 849,                  661,                188,     17836,                      1853,                    20.0,          9,           807,            3232,                       1455,                    45.01856435643564  , -398           ,   78.52131678359417 ,                7
Degree       ,              20.0,  17848, CSG-f2   ,                1075,                  871,                204,     17802,                      1081,                    20.0,          9,           807,            3232,                        880,                    27.22772277227723  , -201           ,   81.40610545790933 ,                2
Degree       ,              20.0,  17848, CGG      ,                1982,                 1579,                403,     17817,                      3467,                    20.0,          9,           807,            3232,                       2160,                    66.83168316831683  , -1307          ,   62.3017017594462  ,               16
Random       ,               1.0,    220, CSG-f1   ,                 146,                  122,                 24,       220,                       293,                    20.0,         10,           807,            3232,                        261,                     8.075495049504951 , -32            ,   89.07849829351537 ,                4
Random       ,               1.0,    220, CSG-f2   ,                 140,                  120,                 20,       219,                       224,                    20.0,         10,           807,            3232,                        222,                     6.868811881188119 , -2             ,   99.10714285714286 ,                3
Random       ,               1.0,    220, CGG      ,                 120,                   98,                 22,       220,                       588,                    20.0,         10,           807,            3232,                        420,                    12.995049504950495 , -168           ,   71.42857142857143 ,                7
Random       ,               2.0,    440, CSG-f1   ,                 252,                  215,                 37,       440,                       409,                    20.0,         10,           807,            3232,                        363,                    11.231435643564357 , -46            ,   88.75305623471883 ,                4
Random       ,               2.0,    440, CSG-f2   ,                 244,                  210,                 34,       438,                       366,                    20.0,         10,           807,            3232,                        353,                    10.922029702970297 , -13            ,   96.44808743169399 ,                4
Random       ,               2.0,    440, CGG      ,                 285,                  233,                 52,       440,                       882,                    20.0,         10,           807,            3232,                        603,                    18.657178217821784 , -279           ,   68.36734693877551 ,                8
Random       ,               5.0,   1100, CSG-f1   ,                 487,                  408,                 79,      1099,                      1354,                    20.0,         10,           807,            3232,                       1243,                    38.459158415841586 , -111           ,   91.80206794682422 ,               19
Random       ,               5.0,   1100, CSG-f2   ,                 533,                  438,                 95,      1099,                      1553,                    20.0,         10,           807,            3232,                       1186,                    36.695544554455445 , -367           ,   76.3683193818416  ,               38
Random       ,               5.0,   1100, CGG      ,                 619,                  506,                113,      1099,                      2519,                    20.0,         10,           807,            3232,                       1518,                    46.96782178217821  , -1001          ,   60.26200873362445 ,               21
Random       ,              10.0,   2201, CSG-f1   ,                 869,                  719,                150,      2196,                      2883,                    20.0,         10,           807,            3232,                       2476,                    76.60891089108911  , -407           ,   85.88276101283385 ,               19
Random       ,              10.0,   2201, CSG-f2   ,                 979,                  794,                185,      2201,                      3095,                    20.0,         10,           807,            3232,                       2502,                    77.41336633663366  , -593           ,   80.8400646203554  ,               13
Random       ,              10.0,   2201, CGG      ,                 926,                  765,                161,      2011,                      4039,                    20.0,         10,           807,            3232,                       2398,                    74.19554455445545  , -1641          ,   59.37113146818519 ,               33
Random       ,              20.0,   4402, CSG-f1   ,                1495,                 1212,                283,      4399,                      4012,                    20.0,         10,           807,            3232,                       3193,                    98.79331683168317  , -819           ,   79.58624127617149 ,                8
Random       ,              20.0,   4402, CSG-f2   ,                1620,                 1313,                307,      4399,                      3963,                    20.0,         10,           807,            3232,                       3158,                    97.71039603960396  , -805           ,   79.68710572798385 ,                6
Random       ,              20.0,   4402, CGG      ,                 926,                  765,                161,      2011,                      4039,                    20.0,         10,           807,            3232,                       2398,                    74.19554455445545  , -1641          ,   59.37113146818519 ,               33
Degree       ,               1.0,    892, CSG-f1   ,                 117,                   92,                 25,       888,                       158,                    20.0,         10,           807,            3232,                        142,                     4.393564356435643 , -16            ,   89.87341772151899 ,                3
Degree       ,               1.0,    892, CSG-f2   ,                 209,                  164,                 45,       888,                       211,                    20.0,         10,           807,            3232,                        168,                     5.198019801980198 , -43            ,   79.62085308056872 ,                1
Degree       ,               1.0,    892, CGG      ,                 442,                  351,                 91,       891,                       555,                    20.0,         10,           807,            3232,                        406,                    12.561881188118813 , -149           ,   73.15315315315316 ,                3
Degree       ,               2.0,   1784, CSG-f1   ,                 177,                  141,                 36,      1766,                       368,                    20.0,         10,           807,            3232,                        306,                     9.467821782178218 , -62            ,   83.15217391304348 ,                6
Degree       ,               2.0,   1784, CSG-f2   ,                 261,                  209,                 52,      1781,                       264,                    20.0,         10,           807,            3232,                        214,                     6.621287128712872 , -50            ,   81.06060606060606 ,                1
Degree       ,               2.0,   1784, CGG      ,                 668,                  521,                147,      1783,                       899,                    20.0,         10,           807,            3232,                        640,                    19.801980198019802 , -259           ,   71.19021134593993 ,               10
Degree       ,               5.0,   4462, CSG-f1   ,                 287,                  235,                 52,      4462,                       480,                    20.0,         10,           807,            3232,                        400,                    12.376237623762377 , -80            ,   83.33333333333334 ,                6
Degree       ,               5.0,   4462, CSG-f2   ,                 408,                  324,                 84,      4426,                       412,                    20.0,         10,           807,            3232,                        331,                    10.241336633663366 , -81            ,   80.33980582524272 ,                2
Degree       ,               5.0,   4462, CGG      ,                1100,                  853,                247,      4456,                      1411,                    20.0,         10,           807,            3232,                       1046,                    32.363861386138616 , -365           ,   74.1318214032601  ,                7
Degree       ,              10.0,   8924, CSG-f1   ,                 448,                  360,                 88,      8910,                       650,                    20.0,         10,           807,            3232,                        535,                    16.55321782178218  , -115           ,   82.3076923076923  ,                6
Degree       ,              10.0,   8924, CSG-f2   ,                 613,                  483,                130,      8915,                       617,                    20.0,         10,           807,            3232,                        493,                    15.253712871287128 , -124           ,   79.902755267423   ,                2
Degree       ,              10.0,   8924, CGG      ,                1539,                 1195,                344,      8919,                      2405,                    20.0,         10,           807,            3232,                       1559,                    48.23638613861386  , -846           ,   64.82328482328482 ,               11
Degree       ,              20.0,  17848, CSG-f1   ,                 849,                  686,                163,     17836,                      1853,                    20.0,         10,           807,            3232,                       1493,                    46.19430693069307  , -360           ,   80.57204533189423 ,                9
Degree       ,              20.0,  17848, CSG-f2   ,                1075,                  855,                220,     17802,                      1081,                    20.0,         10,           807,            3232,                        868,                    26.856435643564357 , -213           ,   80.29602220166512 ,                2
Degree       ,              20.0,  17848, CGG      ,                1982,                 1558,                424,     17817,                      3467,                    20.0,         10,           807,            3232,                       2427,                    75.09282178217822  , -1040          ,   70.00288433804442 ,               22
Random       ,               1.0,    220, CSG-f1   ,                 146,                  118,                 28,       220,                       293,                    20.0,         11,           807,            3232,                        256,                     7.920792079207921 , -37            ,   87.37201365187714 ,                3
Random       ,               1.0,    220, CSG-f2   ,                 140,                  112,                 28,       219,                       224,                    20.0,         11,           807,            3232,                        190,                     5.878712871287128 , -34            ,   84.82142857142857 ,                2
Random       ,               1.0,    220, CGG      ,                 120,                   91,                 29,       220,                       588,                    20.0,         11,           807,            3232,                        355,                    10.983910891089108 , -233           ,   60.37414965986394 ,                6
Random       ,               2.0,    440, CSG-f1   ,                 252,                  200,                 52,       440,                       409,                    20.0,         11,           807,            3232,                        345,                    10.674504950495049 , -64            ,   84.3520782396088  ,                3
Random       ,               2.0,    440, CSG-f2   ,                 244,                  194,                 50,       438,                       366,                    20.0,         11,           807,            3232,                        305,                     9.436881188118813 , -61            ,   83.33333333333334 ,                3
Random       ,               2.0,    440, CGG      ,                 285,                  214,                 71,       440,                       882,                    20.0,         11,           807,            3232,                        528,                    16.33663366336634  , -354           ,   59.863945578231295,                7
Random       ,               5.0,   1100, CSG-f1   ,                 487,                  393,                 94,      1099,                      1354,                    20.0,         11,           807,            3232,                       1116,                    34.52970297029702  , -238           ,   82.42245199409159 ,               17
Random       ,               5.0,   1100, CSG-f2   ,                 533,                  431,                102,      1099,                      1553,                    20.0,         11,           807,            3232,                        910,                    28.155940594059402 , -643           ,   58.59626529298133 ,               15
Random       ,               5.0,   1100, CGG      ,                 619,                  484,                135,      1099,                      2519,                    20.0,         11,           807,            3232,                       1115,                    34.49876237623762  , -1404          ,   44.26359666534339 ,               14
Random       ,              10.0,   2201, CSG-f1   ,                 869,                  695,                174,      2196,                      2883,                    20.0,         11,           807,            3232,                       2263,                    70.01856435643565  , -620           ,   78.49462365591397 ,                8
Random       ,              10.0,   2201, CSG-f2   ,                 979,                  785,                194,      2201,                      3095,                    20.0,         11,           807,            3232,                       2413,                    74.65965346534654  , -682           ,   77.96445880452343 ,               12
Random       ,              10.0,   2201, CGG      ,                 926,                  730,                196,      2011,                      4039,                    20.0,         11,           807,            3232,                       1601,                    49.535891089108915 , -2438          ,   39.638524387224564,               15
Random       ,              20.0,   4402, CSG-f1   ,                1495,                 1200,                295,      4399,                      4012,                    20.0,         11,           807,            3232,                       3185,                    98.54579207920791  , -827           ,   79.38683948155534 ,                6
Random       ,              20.0,   4402, CSG-f2   ,                1620,                 1290,                330,      4399,                      3963,                    20.0,         11,           807,            3232,                       3125,                    96.68935643564357  , -838           ,   78.85440322987635 ,                7
Random       ,              20.0,   4402, CGG      ,                 926,                  730,                196,      2011,                      4039,                    20.0,         11,           807,            3232,                       1601,                    49.535891089108915 , -2438          ,   39.638524387224564,               15
Degree       ,               1.0,    892, CSG-f1   ,                 117,                   88,                 29,       888,                       158,                    20.0,         11,           807,            3232,                        116,                     3.5891089108910887, -42            ,   73.41772151898735 ,                1
Degree       ,               1.0,    892, CSG-f2   ,                 209,                  161,                 48,       888,                       211,                    20.0,         11,           807,            3232,                        170,                     5.25990099009901  , -41            ,   80.56872037914692 ,                3
Degree       ,               1.0,    892, CGG      ,                 442,                  333,                109,       891,                       555,                    20.0,         11,           807,            3232,                        385,                    11.912128712871286 , -170           ,   69.36936936936937 ,                2
Degree       ,               2.0,   1784, CSG-f1   ,                 177,                  137,                 40,      1766,                       368,                    20.0,         11,           807,            3232,                        294,                     9.096534653465346 , -74            ,   79.8913043478261  ,                6
Degree       ,               2.0,   1784, CSG-f2   ,                 261,                  201,                 60,      1781,                       264,                    20.0,         11,           807,            3232,                        212,                     6.5594059405940595, -52            ,   80.3030303030303  ,                3
Degree       ,               2.0,   1784, CGG      ,                 668,                  519,                149,      1783,                       899,                    20.0,         11,           807,            3232,                        625,                    19.337871287128714 , -274           ,   69.52169076751946 ,                6
Degree       ,               5.0,   4462, CSG-f1   ,                 287,                  220,                 67,      4462,                       480,                    20.0,         11,           807,            3232,                        379,                    11.72648514851485  , -101           ,   78.95833333333333 ,                6
Degree       ,               5.0,   4462, CSG-f2   ,                 408,                  329,                 79,      4426,                       412,                    20.0,         11,           807,            3232,                        340,                    10.51980198019802  , -72            ,   82.52427184466019 ,                3
Degree       ,               5.0,   4462, CGG      ,                1100,                  862,                238,      4456,                      1411,                    20.0,         11,           807,            3232,                       1034,                    31.992574257425744 , -377           ,   73.28136073706591 ,                7
Degree       ,              10.0,   8924, CSG-f1   ,                 448,                  345,                103,      8910,                       650,                    20.0,         11,           807,            3232,                        509,                    15.748762376237623 , -141           ,   78.3076923076923  ,                6
Degree       ,              10.0,   8924, CSG-f2   ,                 613,                  487,                126,      8915,                       617,                    20.0,         11,           807,            3232,                        500,                    15.47029702970297  , -117           ,   81.03727714748784 ,                3
Degree       ,              10.0,   8924, CGG      ,                1539,                 1211,                328,      8919,                      2405,                    20.0,         11,           807,            3232,                       1659,                    51.33044554455446  , -746           ,   68.98128898128898 ,               17
Degree       ,              20.0,  17848, CSG-f1   ,                 849,                  672,                177,     17836,                      1853,                    20.0,         11,           807,            3232,                       1555,                    48.11262376237624  , -298           ,   83.917970858068   ,               14
Degree       ,              20.0,  17848, CSG-f2   ,                1075,                  860,                215,     17802,                      1081,                    20.0,         11,           807,            3232,                        878,                    27.165841584158418 , -203           ,   81.22109158186865 ,                3
Degree       ,              20.0,  17848, CGG      ,                1982,                 1576,                406,     17817,                      3467,                    20.0,         11,           807,            3232,                       2454,                    75.92821782178217  , -1013          ,   70.7816556100375  ,               20
Random       ,               1.0,    220, CSG-f1   ,                 146,                  119,                 27,       220,                       293,                    20.0,         12,           807,            3232,                        288,                     8.91089108910891  , -5             ,   98.29351535836177 ,                5
Random       ,               1.0,    220, CSG-f2   ,                 140,                  116,                 24,       219,                       224,                    20.0,         12,           807,            3232,                        218,                     6.7450495049504955, -6             ,   97.32142857142857 ,                5
Random       ,               1.0,    220, CGG      ,                 120,                   94,                 26,       220,                       588,                    20.0,         12,           807,            3232,                        428,                    13.242574257425744 , -160           ,   72.78911564625851 ,                7
Random       ,               2.0,    440, CSG-f1   ,                 252,                  203,                 49,       440,                       409,                    20.0,         12,           807,            3232,                        382,                    11.819306930693068 , -27            ,   93.39853300733496 ,                5
Random       ,               2.0,    440, CSG-f2   ,                 244,                  197,                 47,       438,                       366,                    20.0,         12,           807,            3232,                        346,                    10.705445544554456 , -20            ,   94.53551912568307 ,                5
Random       ,               2.0,    440, CGG      ,                 285,                  233,                 52,       440,                       882,                    20.0,         12,           807,            3232,                        659,                    20.38985148514851  , -223           ,   74.71655328798185 ,                7
Random       ,               5.0,   1100, CSG-f1   ,                 487,                  387,                100,      1099,                      1354,                    20.0,         12,           807,            3232,                       1126,                    34.839108910891085 , -228           ,   83.16100443131462 ,               12
Random       ,               5.0,   1100, CSG-f2   ,                 533,                  423,                110,      1099,                      1553,                    20.0,         12,           807,            3232,                       1308,                    40.47029702970298  , -245           ,   84.22408242112041 ,               30
Random       ,               5.0,   1100, CGG      ,                 619,                  507,                112,      1099,                      2519,                    20.0,         12,           807,            3232,                       1493,                    46.19430693069307  , -1026          ,   59.2695514092894  ,               22
Random       ,              10.0,   2201, CSG-f1   ,                 869,                  691,                178,      2196,                      2883,                    20.0,         12,           807,            3232,                       2320,                    71.78217821782178  , -563           ,   80.47173083593478 ,               12
Random       ,              10.0,   2201, CSG-f2   ,                 979,                  779,                200,      2201,                      3095,                    20.0,         12,           807,            3232,                       2422,                    74.9381188118812   , -673           ,   78.25525040387721 ,               15
Random       ,              10.0,   2201, CGG      ,                 926,                  739,                187,      2011,                      4039,                    20.0,         12,           807,            3232,                       2853,                    88.27351485148515  , -1186          ,   70.63629611289923 ,               39
Random       ,              20.0,   4402, CSG-f1   ,                1495,                 1198,                297,      4399,                      4012,                    20.0,         12,           807,            3232,                       3201,                    99.04084158415841  , -811           ,   79.78564307078764 ,                6
Random       ,              20.0,   4402, CSG-f2   ,                1620,                 1299,                321,      4399,                      3963,                    20.0,         12,           807,            3232,                       3141,                    97.18440594059405  , -822           ,   79.25813777441333 ,                4
Random       ,              20.0,   4402, CGG      ,                 926,                  739,                187,      2011,                      4039,                    20.0,         12,           807,            3232,                       2853,                    88.27351485148515  , -1186          ,   70.63629611289923 ,               39
Degree       ,               1.0,    892, CSG-f1   ,                 117,                   98,                 19,       888,                       158,                    20.0,         12,           807,            3232,                        137,                     4.238861386138614 , -21            ,   86.70886075949366 ,                5
Degree       ,               1.0,    892, CSG-f2   ,                 209,                  175,                 34,       888,                       211,                    20.0,         12,           807,            3232,                        179,                     5.538366336633663 , -32            ,   84.83412322274881 ,                2
Degree       ,               1.0,    892, CGG      ,                 442,                  359,                 83,       891,                       555,                    20.0,         12,           807,            3232,                        426,                    13.180693069306932 , -129           ,   76.75675675675676 ,                5
Degree       ,               2.0,   1784, CSG-f1   ,                 177,                  151,                 26,      1766,                       368,                    20.0,         12,           807,            3232,                        308,                     9.52970297029703  , -60            ,   83.69565217391305 ,                5
Degree       ,               2.0,   1784, CSG-f2   ,                 261,                  213,                 48,      1781,                       264,                    20.0,         12,           807,            3232,                        220,                     6.806930693069307 , -44            ,   83.33333333333334 ,                2
Degree       ,               2.0,   1784, CGG      ,                 668,                  540,                128,      1783,                       899,                    20.0,         12,           807,            3232,                        670,                    20.73019801980198  , -229           ,   74.52725250278087 ,                9
Degree       ,               5.0,   4462, CSG-f1   ,                 287,                  241,                 46,      4462,                       480,                    20.0,         12,           807,            3232,                        402,                    12.438118811881187 , -78            ,   83.75             ,                5
Degree       ,               5.0,   4462, CSG-f2   ,                 408,                  334,                 74,      4426,                       412,                    20.0,         12,           807,            3232,                        340,                    10.51980198019802  , -72            ,   82.52427184466019 ,                2
Degree       ,               5.0,   4462, CGG      ,                1100,                  899,                201,      4456,                      1411,                    20.0,         12,           807,            3232,                       1105,                    34.18935643564357  , -306           ,   78.3132530120482  ,                6
Degree       ,              10.0,   8924, CSG-f1   ,                 448,                  371,                 77,      8910,                       650,                    20.0,         12,           807,            3232,                        548,                    16.955445544554458 , -102           ,   84.3076923076923  ,                5
Degree       ,              10.0,   8924, CSG-f2   ,                 613,                  504,                109,      8915,                       617,                    20.0,         12,           807,            3232,                        510,                    15.77970297029703  , -107           ,   82.6580226904376  ,                2
Degree       ,              10.0,   8924, CGG      ,                1539,                 1254,                285,      8919,                      2405,                    20.0,         12,           807,            3232,                       1792,                    55.44554455445545  , -613           ,   74.51143451143452 ,               22
Degree       ,              20.0,  17848, CSG-f1   ,                 849,                  682,                167,     17836,                      1853,                    20.0,         12,           807,            3232,                       1486,                    45.97772277227723  , -367           ,   80.19427954668106 ,                6
Degree       ,              20.0,  17848, CSG-f2   ,                1075,                  877,                198,     17802,                      1081,                    20.0,         12,           807,            3232,                        885,                    27.382425742574256 , -196           ,   81.8686401480111  ,                2
Degree       ,              20.0,  17848, CGG      ,                1982,                 1622,                360,     17817,                      3467,                    20.0,         12,           807,            3232,                       2674,                    82.73514851485149  , -793           ,   77.12719930775887 ,               25
Random       ,               1.0,    220, CSG-f1   ,                 146,                  122,                 24,       220,                       293,                    20.0,         13,           807,            3232,                        277,                     8.570544554455447 , -16            ,   94.53924914675767 ,                5
Random       ,               1.0,    220, CSG-f2   ,                 140,                  120,                 20,       219,                       224,                    20.0,         13,           807,            3232,                        203,                     6.280940594059406 , -21            ,   90.625            ,                3
Random       ,               1.0,    220, CGG      ,                 120,                   97,                 23,       220,                       588,                    20.0,         13,           807,            3232,                        429,                    13.27351485148515  , -159           ,   72.95918367346938 ,                8
Random       ,               2.0,    440, CSG-f1   ,                 252,                  205,                 47,       440,                       409,                    20.0,         13,           807,            3232,                        367,                    11.35519801980198  , -42            ,   89.73105134474328 ,                5
Random       ,               2.0,    440, CSG-f2   ,                 244,                  196,                 48,       438,                       366,                    20.0,         13,           807,            3232,                        328,                    10.14851485148515  , -38            ,   89.61748633879782 ,                5
Random       ,               2.0,    440, CGG      ,                 285,                  224,                 61,       440,                       882,                    20.0,         13,           807,            3232,                        610,                    18.873762376237625 , -272           ,   69.1609977324263  ,                8
Random       ,               5.0,   1100, CSG-f1   ,                 487,                  387,                100,      1099,                      1354,                    20.0,         13,           807,            3232,                       1100,                    34.03465346534654  , -254           ,   81.24076809453472 ,               13
Random       ,               5.0,   1100, CSG-f2   ,                 533,                  424,                109,      1099,                      1553,                    20.0,         13,           807,            3232,                        863,                    26.701732673267326 , -690           ,   55.56986477784932 ,               12
Random       ,               5.0,   1100, CGG      ,                 619,                  500,                119,      1099,                      2519,                    20.0,         13,           807,            3232,                       1281,                    39.63490099009901  , -1238          ,   50.85351329892814 ,               16
Random       ,              10.0,   2201, CSG-f1   ,                 869,                  704,                165,      2196,                      2883,                    20.0,         13,           807,            3232,                       2503,                    77.44430693069307  , -380           ,   86.81928546652792 ,               15
Random       ,              10.0,   2201, CSG-f2   ,                 979,                  782,                197,      2201,                      3095,                    20.0,         13,           807,            3232,                       2629,                    81.34282178217822  , -466           ,   84.94345718901454 ,               16
Random       ,              10.0,   2201, CGG      ,                 926,                  734,                192,      2011,                      4039,                    20.0,         13,           807,            3232,                       2125,                    65.74876237623762  , -1914          ,   52.612032681356766,               26
Random       ,              20.0,   4402, CSG-f1   ,                1495,                 1189,                306,      4399,                      4012,                    20.0,         13,           807,            3232,                       3210,                    99.31930693069307  , -802           ,   80.00997008973081 ,                6
Random       ,              20.0,   4402, CSG-f2   ,                1620,                 1292,                328,      4399,                      3963,                    20.0,         13,           807,            3232,                       3163,                    97.86509900990099  , -800           ,   79.81327277315165 ,                5
Random       ,              20.0,   4402, CGG      ,                 926,                  734,                192,      2011,                      4039,                    20.0,         13,           807,            3232,                       2125,                    65.74876237623762  , -1914          ,   52.612032681356766,               26
Degree       ,               1.0,    892, CSG-f1   ,                 117,                   93,                 24,       888,                       158,                    20.0,         13,           807,            3232,                        135,                     4.176980198019802 , -23            ,   85.44303797468355 ,                4
Degree       ,               1.0,    892, CSG-f2   ,                 209,                  168,                 41,       888,                       211,                    20.0,         13,           807,            3232,                        177,                     5.476485148514851 , -34            ,   83.88625592417061 ,                1
Degree       ,               1.0,    892, CGG      ,                 442,                  357,                 85,       891,                       555,                    20.0,         13,           807,            3232,                        419,                    12.96410891089109  , -136           ,   75.49549549549549 ,                6
Degree       ,               2.0,   1784, CSG-f1   ,                 177,                  142,                 35,      1766,                       368,                    20.0,         13,           807,            3232,                        310,                     9.591584158415841 , -58            ,   84.23913043478261 ,                6
Degree       ,               2.0,   1784, CSG-f2   ,                 261,                  213,                 48,      1781,                       264,                    20.0,         13,           807,            3232,                        223,                     6.899752475247525 , -41            ,   84.46969696969697 ,                1
Degree       ,               2.0,   1784, CGG      ,                 668,                  537,                131,      1783,                       899,                    20.0,         13,           807,            3232,                        680,                    21.03960396039604  , -219           ,   75.63959955506118 ,               11
Degree       ,               5.0,   4462, CSG-f1   ,                 287,                  232,                 55,      4462,                       480,                    20.0,         13,           807,            3232,                        410,                    12.685643564356436 , -70            ,   85.41666666666666 ,                6
Degree       ,               5.0,   4462, CSG-f2   ,                 408,                  320,                 88,      4426,                       412,                    20.0,         13,           807,            3232,                        329,                    10.179455445544553 , -83            ,   79.85436893203884 ,                1
Degree       ,               5.0,   4462, CGG      ,                1100,                  875,                225,      4456,                      1411,                    20.0,         13,           807,            3232,                       1068,                    33.04455445544555  , -343           ,   75.69099929128278 ,                8
Degree       ,              10.0,   8924, CSG-f1   ,                 448,                  362,                 86,      8910,                       650,                    20.0,         13,           807,            3232,                        719,                    22.246287128712872 , 69             ,  110.6153846153846  ,               28
Degree       ,              10.0,   8924, CSG-f2   ,                 613,                  481,                132,      8915,                       617,                    20.0,         13,           807,            3232,                        495,                    15.31559405940594  , -122           ,   80.22690437601297 ,                3
Degree       ,              10.0,   8924, CGG      ,                1539,                 1242,                297,      8919,                      2405,                    20.0,         13,           807,            3232,                       1623,                    50.21658415841584  , -782           ,   67.48440748440748 ,                8
Degree       ,              20.0,  17848, CSG-f1   ,                 849,                  693,                156,     17836,                      1853,                    20.0,         13,           807,            3232,                       1494,                    46.225247524752476 , -359           ,   80.62601187263895 ,                8
Degree       ,              20.0,  17848, CSG-f2   ,                1075,                  864,                211,     17802,                      1081,                    20.0,         13,           807,            3232,                        884,                    27.351485148514854 , -197           ,   81.77613320999075 ,                3
Degree       ,              20.0,  17848, CGG      ,                1982,                 1589,                393,     17817,                      3467,                    20.0,         13,           807,            3232,                       2330,                    72.09158415841584  , -1137          ,   67.20507643495817 ,               24
Random       ,               1.0,    220, CSG-f1   ,                 146,                  116,                 30,       220,                       293,                    20.0,         14,           807,            3232,                        238,                     7.3638613861386135, -55            ,   81.22866894197952 ,                3
Random       ,               1.0,    220, CSG-f2   ,                 140,                  111,                 29,       219,                       224,                    20.0,         14,           807,            3232,                        172,                     5.321782178217822 , -52            ,   76.78571428571429 ,                2
Random       ,               1.0,    220, CGG      ,                 120,                  101,                 19,       220,                       588,                    20.0,         14,           807,            3232,                        376,                    11.633663366336634 , -212           ,   63.94557823129252 ,                8
Random       ,               2.0,    440, CSG-f1   ,                 252,                  201,                 51,       440,                       409,                    20.0,         14,           807,            3232,                        326,                    10.086633663366337 , -83            ,   79.70660146699267 ,                3
Random       ,               2.0,    440, CSG-f2   ,                 244,                  194,                 50,       438,                       366,                    20.0,         14,           807,            3232,                        288,                     8.91089108910891  , -78            ,   78.68852459016394 ,                3
Random       ,               2.0,    440, CGG      ,                 285,                  241,                 44,       440,                       882,                    20.0,         14,           807,            3232,                        586,                    18.13118811881188  , -296           ,   66.43990929705215 ,                8
Random       ,               5.0,   1100, CSG-f1   ,                 487,                  388,                 99,      1099,                      1354,                    20.0,         14,           807,            3232,                       1114,                    34.46782178217821  , -240           ,   82.27474150664698 ,               14
Random       ,               5.0,   1100, CSG-f2   ,                 533,                  419,                114,      1099,                      1553,                    20.0,         14,           807,            3232,                       1230,                    38.056930693069305 , -323           ,   79.20154539600772 ,               22
Random       ,               5.0,   1100, CGG      ,                 619,                  495,                124,      1099,                      2519,                    20.0,         14,           807,            3232,                       1186,                    36.695544554455445 , -1333          ,   47.08217546645494 ,               17
Random       ,              10.0,   2201, CSG-f1   ,                 869,                  701,                168,      2196,                      2883,                    20.0,         14,           807,            3232,                       2445,                    75.64975247524752  , -438           ,   84.80749219562955 ,               23
Random       ,              10.0,   2201, CSG-f2   ,                 979,                  779,                200,      2201,                      3095,                    20.0,         14,           807,            3232,                       2383,                    73.73143564356435  , -712           ,   76.9951534733441  ,               13
Random       ,              10.0,   2201, CGG      ,                 926,                  740,                186,      2011,                      4039,                    20.0,         14,           807,            3232,                       2046,                    63.30445544554455  , -1993          ,   50.656102995791045,               36
Random       ,              20.0,   4402, CSG-f1   ,                1495,                 1190,                305,      4399,                      4012,                    20.0,         14,           807,            3232,                       3177,                    98.29826732673267  , -835           ,   79.18743768693918 ,                8
Random       ,              20.0,   4402, CSG-f2   ,                1620,                 1276,                344,      4399,                      3963,                    20.0,         14,           807,            3232,                       3146,                    97.3391089108911   , -817           ,   79.38430481958113 ,                9
Random       ,              20.0,   4402, CGG      ,                 926,                  740,                186,      2011,                      4039,                    20.0,         14,           807,            3232,                       2046,                    63.30445544554455  , -1993          ,   50.656102995791045,               36
Degree       ,               1.0,    892, CSG-f1   ,                 117,                   93,                 24,       888,                       158,                    20.0,         14,           807,            3232,                        161,                     4.981435643564357 , 3              ,  101.8987341772152  ,                7
Degree       ,               1.0,    892, CSG-f2   ,                 209,                  167,                 42,       888,                       211,                    20.0,         14,           807,            3232,                        185,                     5.724009900990099 , -26            ,   87.67772511848341 ,                1
Degree       ,               1.0,    892, CGG      ,                 442,                  360,                 82,       891,                       555,                    20.0,         14,           807,            3232,                        446,                    13.79950495049505  , -109           ,   80.36036036036036 ,               13
Degree       ,               2.0,   1784, CSG-f1   ,                 177,                  141,                 36,      1766,                       368,                    20.0,         14,           807,            3232,                        296,                     9.158415841584159 , -72            ,   80.43478260869566 ,                7
Degree       ,               2.0,   1784, CSG-f2   ,                 261,                  213,                 48,      1781,                       264,                    20.0,         14,           807,            3232,                        232,                     7.1782178217821775, -32            ,   87.87878787878788 ,                1
Degree       ,               2.0,   1784, CGG      ,                 668,                  538,                130,      1783,                       899,                    20.0,         14,           807,            3232,                        686,                    21.225247524752476 , -213           ,   76.30700778642937 ,               13
Degree       ,               5.0,   4462, CSG-f1   ,                 287,                  227,                 60,      4462,                       480,                    20.0,         14,           807,            3232,                        388,                    12.004950495049505 , -92            ,   80.83333333333333 ,                7
Degree       ,               5.0,   4462, CSG-f2   ,                 408,                  324,                 84,      4426,                       412,                    20.0,         14,           807,            3232,                        332,                    10.272277227722771 , -80            ,   80.58252427184466 ,                2
Degree       ,               5.0,   4462, CGG      ,                1100,                  897,                203,      4456,                      1411,                    20.0,         14,           807,            3232,                       1092,                    33.78712871287129  , -319           ,   77.39192062367115 ,               13
Degree       ,              10.0,   8924, CSG-f1   ,                 448,                  356,                 92,      8910,                       650,                    20.0,         14,           807,            3232,                        539,                    16.676980198019802 , -111           ,   82.92307692307692 ,                7
Degree       ,              10.0,   8924, CSG-f2   ,                 613,                  486,                127,      8915,                       617,                    20.0,         14,           807,            3232,                        497,                    15.377475247524753 , -120           ,   80.55105348460292 ,                2
Degree       ,              10.0,   8924, CGG      ,                1539,                 1247,                292,      8919,                      2405,                    20.0,         14,           807,            3232,                       1746,                    54.02227722772277  , -659           ,   72.5987525987526  ,               16
Degree       ,              20.0,  17848, CSG-f1   ,                 849,                  660,                189,     17836,                      1853,                    20.0,         14,           807,            3232,                       1484,                    45.915841584158414 , -369           ,   80.08634646519158 ,                7
Degree       ,              20.0,  17848, CSG-f2   ,                1075,                  849,                226,     17802,                      1081,                    20.0,         14,           807,            3232,                        858,                    26.5470297029703   , -223           ,   79.3709528214616  ,                2
Degree       ,              20.0,  17848, CGG      ,                1982,                 1597,                385,     17817,                      3467,                    20.0,         14,           807,            3232,                       2355,                    72.86509900990099  , -1112          ,   67.92616094606288 ,               15
Random       ,               1.0,    220, CSG-f1   ,                 146,                  126,                 20,       220,                       293,                    20.0,         15,           807,            3232,                        293,                     9.06559405940594  , 0              ,  100.0              ,                5
Random       ,               1.0,    220, CSG-f2   ,                 140,                  122,                 18,       219,                       224,                    20.0,         15,           807,            3232,                        219,                     6.775990099009902 , -5             ,   97.76785714285714 ,                2
Random       ,               1.0,    220, CGG      ,                 120,                   96,                 24,       220,                       588,                    20.0,         15,           807,            3232,                        459,                    14.201732673267326 , -129           ,   78.06122448979592 ,               12
Random       ,               2.0,    440, CSG-f1   ,                 252,                  216,                 36,       440,                       409,                    20.0,         15,           807,            3232,                        397,                    12.283415841584159 , -12            ,   97.06601466992664 ,                5
Random       ,               2.0,    440, CSG-f2   ,                 244,                  212,                 32,       438,                       366,                    20.0,         15,           807,            3232,                        346,                    10.705445544554456 , -20            ,   94.53551912568307 ,                3
Random       ,               2.0,    440, CGG      ,                 285,                  229,                 56,       440,                       882,                    20.0,         15,           807,            3232,                        671,                    20.761138613861384 , -211           ,   76.07709750566893 ,                7
Random       ,               5.0,   1100, CSG-f1   ,                 487,                  417,                 70,      1099,                      1354,                    20.0,         15,           807,            3232,                       1103,                    34.12747524752475  , -251           ,   81.46233382570162 ,               17
Random       ,               5.0,   1100, CSG-f2   ,                 533,                  452,                 81,      1099,                      1553,                    20.0,         15,           807,            3232,                       1145,                    35.426980198019805 , -408           ,   73.72826786864134 ,               15
Random       ,               5.0,   1100, CGG      ,                 619,                  504,                115,      1099,                      2519,                    20.0,         15,           807,            3232,                       1698,                    52.53712871287129  , -821           ,   67.40770146883685 ,               29
Random       ,              10.0,   2201, CSG-f1   ,                 869,                  708,                161,      2196,                      2883,                    20.0,         15,           807,            3232,                       2387,                    73.85519801980197  , -496           ,   82.79569892473118 ,               10
Random       ,              10.0,   2201, CSG-f2   ,                 979,                  801,                178,      2201,                      3095,                    20.0,         15,           807,            3232,                       2575,                    79.67202970297029  , -520           ,   83.19870759289176 ,               13
Random       ,              10.0,   2201, CGG      ,                 926,                  763,                163,      2011,                      4039,                    20.0,         15,           807,            3232,                       2512,                    77.72277227722772  , -1527          ,   62.193612280267395,               24
Random       ,              20.0,   4402, CSG-f1   ,                1495,                 1225,                270,      4399,                      4012,                    20.0,         15,           807,            3232,                       3201,                    99.04084158415841  , -811           ,   79.78564307078764 ,                5
Random       ,              20.0,   4402, CSG-f2   ,                1620,                 1329,                291,      4399,                      3963,                    20.0,         15,           807,            3232,                       3163,                    97.86509900990099  , -800           ,   79.81327277315165 ,                5
Random       ,              20.0,   4402, CGG      ,                 926,                  763,                163,      2011,                      4039,                    20.0,         15,           807,            3232,                       2512,                    77.72277227722772  , -1527          ,   62.193612280267395,               24
Degree       ,               1.0,    892, CSG-f1   ,                 117,                   93,                 24,       888,                       158,                    20.0,         15,           807,            3232,                        143,                     4.4245049504950495, -15            ,   90.50632911392405 ,                5
Degree       ,               1.0,    892, CSG-f2   ,                 209,                  160,                 49,       888,                       211,                    20.0,         15,           807,            3232,                        166,                     5.136138613861386 , -45            ,   78.67298578199052 ,                1
Degree       ,               1.0,    892, CGG      ,                 442,                  346,                 96,       891,                       555,                    20.0,         15,           807,            3232,                        394,                    12.19059405940594  , -161           ,   70.990990990991   ,                2
Degree       ,               2.0,   1784, CSG-f1   ,                 177,                  143,                 34,      1766,                       368,                    20.0,         15,           807,            3232,                        301,                     9.313118811881187 , -67            ,   81.79347826086956 ,                5
Degree       ,               2.0,   1784, CSG-f2   ,                 261,                  205,                 56,      1781,                       264,                    20.0,         15,           807,            3232,                        215,                     6.6522277227722775, -49            ,   81.43939393939394 ,                1
Degree       ,               2.0,   1784, CGG      ,                 668,                  526,                142,      1783,                       899,                    20.0,         15,           807,            3232,                        628,                    19.43069306930693  , -271           ,   69.85539488320356 ,                4
Degree       ,               5.0,   4462, CSG-f1   ,                 287,                  230,                 57,      4462,                       480,                    20.0,         15,           807,            3232,                        391,                    12.097772277227723 , -89            ,   81.45833333333333 ,                5
Degree       ,               5.0,   4462, CSG-f2   ,                 408,                  333,                 75,      4426,                       412,                    20.0,         15,           807,            3232,                        340,                    10.51980198019802  , -72            ,   82.52427184466019 ,                1
Degree       ,               5.0,   4462, CGG      ,                1100,                  865,                235,      4456,                      1411,                    20.0,         15,           807,            3232,                       1036,                    32.054455445544555 , -375           ,   73.42310418143161 ,                8
Degree       ,              10.0,   8924, CSG-f1   ,                 448,                  355,                 93,      8910,                       650,                    20.0,         15,           807,            3232,                        526,                    16.274752475247524 , -124           ,   80.92307692307692 ,                5
Degree       ,              10.0,   8924, CSG-f2   ,                 613,                  495,                118,      8915,                       617,                    20.0,         15,           807,            3232,                        503,                    15.563118811881187 , -114           ,   81.52350081037277 ,                1
Degree       ,              10.0,   8924, CGG      ,                1539,                 1206,                333,      8919,                      2405,                    20.0,         15,           807,            3232,                       1584,                    49.00990099009901  , -821           ,   65.86278586278587 ,               16
Degree       ,              20.0,  17848, CSG-f1   ,                 849,                  670,                179,     17836,                      1853,                    20.0,         15,           807,            3232,                       1482,                    45.853960396039604 , -371           ,   79.9784133837021  ,                7
Degree       ,              20.0,  17848, CSG-f2   ,                1075,                  872,                203,     17802,                      1081,                    20.0,         15,           807,            3232,                        886,                    27.413366336633665 , -195           ,   81.96114708603145 ,                3
Degree       ,              20.0,  17848, CGG      ,                1982,                 1554,                428,     17817,                      3467,                    20.0,         15,           807,            3232,                       2346,                    72.58663366336634  , -1121          ,   67.66657052206519 ,               35
Random       ,               1.0,    220, CSG-f1   ,                 146,                  117,                 29,       220,                       293,                    20.0,         16,           807,            3232,                        228,                     7.054455445544554 , -65            ,   77.81569965870307 ,                4
Random       ,               1.0,    220, CSG-f2   ,                 140,                  113,                 27,       219,                       224,                    20.0,         16,           807,            3232,                        151,                     4.672029702970297 , -73            ,   67.41071428571429 ,                1
Random       ,               1.0,    220, CGG      ,                 120,                   96,                 24,       220,                       588,                    20.0,         16,           807,            3232,                        372,                    11.50990099009901  , -216           ,   63.26530612244898 ,                8
Random       ,               2.0,    440, CSG-f1   ,                 252,                  204,                 48,       440,                       409,                    20.0,         16,           807,            3232,                        317,                     9.808168316831683 , -92            ,   77.50611246943765 ,                4
Random       ,               2.0,    440, CSG-f2   ,                 244,                  196,                 48,       438,                       366,                    20.0,         16,           807,            3232,                        280,                     8.663366336633663 , -86            ,   76.50273224043715 ,                4
Random       ,               2.0,    440, CGG      ,                 285,                  223,                 62,       440,                       882,                    20.0,         16,           807,            3232,                        564,                    17.450495049504948 , -318           ,   63.94557823129252 ,               10
Random       ,               5.0,   1100, CSG-f1   ,                 487,                  384,                103,      1099,                      1354,                    20.0,         16,           807,            3232,                        882,                    27.289603960396043 , -472           ,   65.14032496307239 ,               16
Random       ,               5.0,   1100, CSG-f2   ,                 533,                  416,                117,      1099,                      1553,                    20.0,         16,           807,            3232,                        687,                    21.25618811881188  , -866           ,   44.2369607211848  ,                5
Random       ,               5.0,   1100, CGG      ,                 619,                  490,                129,      1099,                      2519,                    20.0,         16,           807,            3232,                       1379,                    42.66707920792079  , -1140          ,   54.74394601032155 ,               31
Random       ,              10.0,   2201, CSG-f1   ,                 869,                  684,                185,      2196,                      2883,                    20.0,         16,           807,            3232,                       2310,                    71.47277227722772  , -573           ,   80.12486992715921 ,               16
Random       ,              10.0,   2201, CSG-f2   ,                 979,                  770,                209,      2201,                      3095,                    20.0,         16,           807,            3232,                       2392,                    74.00990099009901  , -703           ,   77.2859450726979  ,               20
Random       ,              10.0,   2201, CGG      ,                 926,                  742,                184,      2011,                      4039,                    20.0,         16,           807,            3232,                       2039,                    63.08787128712871  , -2000          ,   50.48279277048775 ,               30
Random       ,              20.0,   4402, CSG-f1   ,                1495,                 1193,                302,      4399,                      4012,                    20.0,         16,           807,            3232,                       3154,                    97.58663366336634  , -858           ,   78.61415752741775 ,                6
Random       ,              20.0,   4402, CSG-f2   ,                1620,                 1295,                325,      4399,                      3963,                    20.0,         16,           807,            3232,                       3128,                    96.78217821782178  , -835           ,   78.93010345697704 ,                5
Random       ,              20.0,   4402, CGG      ,                 926,                  742,                184,      2011,                      4039,                    20.0,         16,           807,            3232,                       2039,                    63.08787128712871  , -2000          ,   50.48279277048775 ,               30
Degree       ,               1.0,    892, CSG-f1   ,                 117,                   85,                 32,       888,                       158,                    20.0,         16,           807,            3232,                        182,                     5.631188118811881 , 24             ,  115.18987341772151 ,                5
Degree       ,               1.0,    892, CSG-f2   ,                 209,                  167,                 42,       888,                       211,                    20.0,         16,           807,            3232,                        186,                     5.754950495049505 , -25            ,   88.15165876777252 ,                1
Degree       ,               1.0,    892, CGG      ,                 442,                  361,                 81,       891,                       555,                    20.0,         16,           807,            3232,                        443,                    13.706683168316832 , -112           ,   79.81981981981981 ,                9
Degree       ,               2.0,   1784, CSG-f1   ,                 177,                  134,                 43,      1766,                       368,                    20.0,         16,           807,            3232,                        303,                     9.375             , -65            ,   82.33695652173914 ,                6
Degree       ,               2.0,   1784, CSG-f2   ,                 261,                  209,                 52,      1781,                       264,                    20.0,         16,           807,            3232,                        233,                     7.209158415841584 , -31            ,   88.25757575757575 ,                3
Degree       ,               2.0,   1784, CGG      ,                 668,                  554,                114,      1783,                       899,                    20.0,         16,           807,            3232,                        701,                    21.689356435643564 , -198           ,   77.97552836484984 ,                9
Degree       ,               5.0,   4462, CSG-f1   ,                 287,                  216,                 71,      4462,                       480,                    20.0,         16,           807,            3232,                        401,                    12.407178217821782 , -79            ,   83.54166666666667 ,                6
Degree       ,               5.0,   4462, CSG-f2   ,                 408,                  329,                 79,      4426,                       412,                    20.0,         16,           807,            3232,                        338,                    10.457920792079207 , -74            ,   82.03883495145631 ,                1
Degree       ,               5.0,   4462, CGG      ,                1100,                  894,                206,      4456,                      1411,                    20.0,         16,           807,            3232,                       1086,                    33.601485148514854 , -325           ,   76.96669029057406 ,                9
Degree       ,              10.0,   8924, CSG-f1   ,                 448,                  333,                115,      8910,                       650,                    20.0,         16,           807,            3232,                        524,                    16.212871287128714 , -126           ,   80.61538461538461 ,                6
Degree       ,              10.0,   8924, CSG-f2   ,                 613,                  495,                118,      8915,                       617,                    20.0,         16,           807,            3232,                        506,                    15.655940594059405 , -111           ,   82.00972447325769 ,                1
Degree       ,              10.0,   8924, CGG      ,                1539,                 1252,                287,      8919,                      2405,                    20.0,         16,           807,            3232,                       1673,                    51.76361386138614  , -732           ,   69.56340956340956 ,               19
Degree       ,              20.0,  17848, CSG-f1   ,                 849,                  655,                194,     17836,                      1853,                    20.0,         16,           807,            3232,                       1443,                    44.64727722772277  , -410           ,   77.87371829465731 ,                6
Degree       ,              20.0,  17848, CSG-f2   ,                1075,                  868,                207,     17802,                      1081,                    20.0,         16,           807,            3232,                        880,                    27.22772277227723  , -201           ,   81.40610545790933 ,                2
Degree       ,              20.0,  17848, CGG      ,                1982,                 1600,                382,     17817,                      3467,                    20.0,         16,           807,            3232,                       2308,                    71.4108910891089   , -1159          ,   66.57052206518604 ,               17
Random       ,               1.0,    220, CSG-f1   ,                 146,                  120,                 26,       220,                       293,                    20.0,         17,           807,            3232,                        253,                     7.827970297029703 , -40            ,   86.3481228668942  ,                4
Random       ,               1.0,    220, CSG-f2   ,                 140,                  114,                 26,       219,                       224,                    20.0,         17,           807,            3232,                        191,                     5.909653465346534 , -33            ,   85.26785714285714 ,                2
Random       ,               1.0,    220, CGG      ,                 120,                  101,                 19,       220,                       588,                    20.0,         17,           807,            3232,                        382,                    11.819306930693068 , -206           ,   64.96598639455783 ,                9
Random       ,               2.0,    440, CSG-f1   ,                 252,                  203,                 49,       440,                       409,                    20.0,         17,           807,            3232,                        350,                    10.82920792079208  , -59            ,   85.57457212713936 ,                4
Random       ,               2.0,    440, CSG-f2   ,                 244,                  194,                 50,       438,                       366,                    20.0,         17,           807,            3232,                        303,                     9.375             , -63            ,   82.78688524590164 ,                3
Random       ,               2.0,    440, CGG      ,                 285,                  239,                 46,       440,                       882,                    20.0,         17,           807,            3232,                        598,                    18.502475247524753 , -284           ,   67.80045351473923 ,                9
Random       ,               5.0,   1100, CSG-f1   ,                 487,                  382,                105,      1099,                      1354,                    20.0,         17,           807,            3232,                        890,                    27.53712871287129  , -464           ,   65.73116691285081 ,               10
Random       ,               5.0,   1100, CSG-f2   ,                 533,                  423,                110,      1099,                      1553,                    20.0,         17,           807,            3232,                        934,                    28.898514851485146 , -619           ,   60.14166130070831 ,               11
Random       ,               5.0,   1100, CGG      ,                 619,                  517,                102,      1099,                      2519,                    20.0,         17,           807,            3232,                       1270,                    39.29455445544555  , -1249          ,   50.41683207622072 ,               15
Random       ,              10.0,   2201, CSG-f1   ,                 869,                  695,                174,      2196,                      2883,                    20.0,         17,           807,            3232,                       2331,                    72.12252475247524  , -552           ,   80.85327783558793 ,               11
Random       ,              10.0,   2201, CSG-f2   ,                 979,                  788,                191,      2201,                      3095,                    20.0,         17,           807,            3232,                       2453,                    75.89727722772277  , -642           ,   79.25686591276252 ,               11
Random       ,              10.0,   2201, CGG      ,                 926,                  756,                170,      2011,                      4039,                    20.0,         17,           807,            3232,                       1962,                    60.70544554455446  , -2077          ,   48.57638029215152 ,               18
Random       ,              20.0,   4402, CSG-f1   ,                1495,                 1214,                281,      4399,                      4012,                    20.0,         17,           807,            3232,                       3191,                    98.73143564356435  , -821           ,   79.53639082751745 ,                4
Random       ,              20.0,   4402, CSG-f2   ,                1620,                 1306,                314,      4399,                      3963,                    20.0,         17,           807,            3232,                       3146,                    97.3391089108911   , -817           ,   79.38430481958113 ,                5
Random       ,              20.0,   4402, CGG      ,                 926,                  756,                170,      2011,                      4039,                    20.0,         17,           807,            3232,                       1962,                    60.70544554455446  , -2077          ,   48.57638029215152 ,               18
Degree       ,               1.0,    892, CSG-f1   ,                 117,                   97,                 20,       888,                       158,                    20.0,         17,           807,            3232,                        153,                     4.733910891089109 , -5             ,   96.83544303797468 ,                4
Degree       ,               1.0,    892, CSG-f2   ,                 209,                  167,                 42,       888,                       211,                    20.0,         17,           807,            3232,                        181,                     5.600247524752476 , -30            ,   85.78199052132702 ,                2
Degree       ,               1.0,    892, CGG      ,                 442,                  343,                 99,       891,                       555,                    20.0,         17,           807,            3232,                        389,                    12.03589108910891  , -166           ,   70.09009009009009 ,                2
Degree       ,               2.0,   1784, CSG-f1   ,                 177,                  148,                 29,      1766,                       368,                    20.0,         17,           807,            3232,                        316,                     9.777227722772277 , -52            ,   85.86956521739131 ,                5
Degree       ,               2.0,   1784, CSG-f2   ,                 261,                  208,                 53,      1781,                       264,                    20.0,         17,           807,            3232,                        224,                     6.9306930693069315, -40            ,   84.84848484848484 ,                2
Degree       ,               2.0,   1784, CGG      ,                 668,                  519,                149,      1783,                       899,                    20.0,         17,           807,            3232,                        636,                    19.67821782178218  , -263           ,   70.74527252502781 ,               10
Degree       ,               5.0,   4462, CSG-f1   ,                 287,                  233,                 54,      4462,                       480,                    20.0,         17,           807,            3232,                        414,                    12.80940594059406  , -66            ,   86.25             ,                5
Degree       ,               5.0,   4462, CSG-f2   ,                 408,                  327,                 81,      4426,                       412,                    20.0,         17,           807,            3232,                        342,                    10.58168316831683  , -70            ,   83.00970873786407 ,                2
Degree       ,               5.0,   4462, CGG      ,                1100,                  878,                222,      4456,                      1411,                    20.0,         17,           807,            3232,                       1051,                    32.51856435643564  , -360           ,   74.48618001417434 ,                6
Degree       ,              10.0,   8924, CSG-f1   ,                 448,                  366,                 82,      8910,                       650,                    20.0,         17,           807,            3232,                        645,                    19.956683168316832 , -5             ,   99.23076923076923 ,               15
Degree       ,              10.0,   8924, CSG-f2   ,                 613,                  491,                122,      8915,                       617,                    20.0,         17,           807,            3232,                        506,                    15.655940594059405 , -111           ,   82.00972447325769 ,                2
Degree       ,              10.0,   8924, CGG      ,                1539,                 1237,                302,      8919,                      2405,                    20.0,         17,           807,            3232,                       1618,                    50.061881188118804 , -787           ,   67.27650727650727 ,               15
Degree       ,              20.0,  17848, CSG-f1   ,                 849,                  688,                161,     17836,                      1853,                    20.0,         17,           807,            3232,                       1474,                    45.60643564356436  , -379           ,   79.5466810577442  ,                8
Degree       ,              20.0,  17848, CSG-f2   ,                1075,                  833,                242,     17802,                      1081,                    20.0,         17,           807,            3232,                        845,                    26.144801980198018 , -236           ,   78.16836262719704 ,                2
Degree       ,              20.0,  17848, CGG      ,                1982,                 1570,                412,     17817,                      3467,                    20.0,         17,           807,            3232,                       2182,                    67.51237623762376  , -1285          ,   62.93625612921835 ,               24
Random       ,               1.0,    220, CSG-f1   ,                 146,                  119,                 27,       220,                       293,                    20.0,         18,           807,            3232,                        289,                     8.941831683168317 , -4             ,   98.63481228668942 ,                5
Random       ,               1.0,    220, CSG-f2   ,                 140,                  115,                 25,       219,                       224,                    20.0,         18,           807,            3232,                        215,                     6.6522277227722775, -9             ,   95.98214285714286 ,                5
Random       ,               1.0,    220, CGG      ,                 120,                   98,                 22,       220,                       588,                    20.0,         18,           807,            3232,                        450,                    13.923267326732674 , -138           ,   76.53061224489795 ,                8
Random       ,               2.0,    440, CSG-f1   ,                 252,                  202,                 50,       440,                       409,                    20.0,         18,           807,            3232,                        384,                    11.881188118811881 , -25            ,   93.8875305623472  ,                5
Random       ,               2.0,    440, CSG-f2   ,                 244,                  198,                 46,       438,                       366,                    20.0,         18,           807,            3232,                        348,                    10.767326732673267 , -18            ,   95.08196721311475 ,                5
Random       ,               2.0,    440, CGG      ,                 285,                  228,                 57,       440,                       882,                    20.0,         18,           807,            3232,                        656,                    20.2970297029703   , -226           ,   74.37641723356009 ,                8
Random       ,               5.0,   1100, CSG-f1   ,                 487,                  388,                 99,      1099,                      1354,                    20.0,         18,           807,            3232,                       1108,                    34.28217821782179  , -246           ,   81.83161004431314 ,               15
Random       ,               5.0,   1100, CSG-f2   ,                 533,                  420,                113,      1099,                      1553,                    20.0,         18,           807,            3232,                       1164,                    36.01485148514851  , -389           ,   74.95170637475853 ,               18
Random       ,               5.0,   1100, CGG      ,                 619,                  499,                120,      1099,                      2519,                    20.0,         18,           807,            3232,                       1422,                    43.99752475247525  , -1097          ,   56.45097260817785 ,               25
Random       ,              10.0,   2201, CSG-f1   ,                 869,                  686,                183,      2196,                      2883,                    20.0,         18,           807,            3232,                       2404,                    74.38118811881188  , -479           ,   83.38536246964966 ,               14
Random       ,              10.0,   2201, CSG-f2   ,                 979,                  781,                198,      2201,                      3095,                    20.0,         18,           807,            3232,                       2440,                    75.4950495049505   , -655           ,   78.8368336025848  ,               14
Random       ,              10.0,   2201, CGG      ,                 926,                  746,                180,      2011,                      4039,                    20.0,         18,           807,            3232,                       2635,                    81.52846534653465  , -1404          ,   65.23892052488239 ,               37
Random       ,              20.0,   4402, CSG-f1   ,                1495,                 1195,                300,      4399,                      4012,                    20.0,         18,           807,            3232,                       3207,                    99.22648514851485  , -805           ,   79.93519441674975 ,                4
Random       ,              20.0,   4402, CSG-f2   ,                1620,                 1290,                330,      4399,                      3963,                    20.0,         18,           807,            3232,                       3155,                    97.61757425742574  , -808           ,   79.61140550088317 ,                5
Random       ,              20.0,   4402, CGG      ,                 926,                  746,                180,      2011,                      4039,                    20.0,         18,           807,            3232,                       2635,                    81.52846534653465  , -1404          ,   65.23892052488239 ,               37
Degree       ,               1.0,    892, CSG-f1   ,                 117,                  102,                 15,       888,                       158,                    20.0,         18,           807,            3232,                        139,                     4.300742574257425 , -19            ,   87.9746835443038  ,                4
Degree       ,               1.0,    892, CSG-f2   ,                 209,                  170,                 39,       888,                       211,                    20.0,         18,           807,            3232,                        173,                     5.352722772277228 , -38            ,   81.99052132701422 ,                1
Degree       ,               1.0,    892, CGG      ,                 442,                  357,                 85,       891,                       555,                    20.0,         18,           807,            3232,                        422,                    13.056930693069308 , -133           ,   76.03603603603604 ,                6
Degree       ,               2.0,   1784, CSG-f1   ,                 177,                  147,                 30,      1766,                       368,                    20.0,         18,           807,            3232,                        307,                     9.498762376237623 , -61            ,   83.42391304347827 ,                5
Degree       ,               2.0,   1784, CSG-f2   ,                 261,                  210,                 51,      1781,                       264,                    20.0,         18,           807,            3232,                        214,                     6.621287128712872 , -50            ,   81.06060606060606 ,                1
Degree       ,               2.0,   1784, CGG      ,                 668,                  537,                131,      1783,                       899,                    20.0,         18,           807,            3232,                        648,                    20.049504950495052 , -251           ,   72.08008898776419 ,                6
Degree       ,               5.0,   4462, CSG-f1   ,                 287,                  239,                 48,      4462,                       480,                    20.0,         18,           807,            3232,                        403,                    12.469059405940595 , -77            ,   83.95833333333333 ,                5
Degree       ,               5.0,   4462, CSG-f2   ,                 408,                  332,                 76,      4426,                       412,                    20.0,         18,           807,            3232,                        338,                    10.457920792079207 , -74            ,   82.03883495145631 ,                2
Degree       ,               5.0,   4462, CGG      ,                1100,                  891,                209,      4456,                      1411,                    20.0,         18,           807,            3232,                       1076,                    33.29207920792079  , -335           ,   76.25797306874557 ,                6
Degree       ,              10.0,   8924, CSG-f1   ,                 448,                  367,                 81,      8910,                       650,                    20.0,         18,           807,            3232,                        539,                    16.676980198019802 , -111           ,   82.92307692307692 ,                5
Degree       ,              10.0,   8924, CSG-f2   ,                 613,                  494,                119,      8915,                       617,                    20.0,         18,           807,            3232,                        502,                    15.532178217821782 , -115           ,   81.36142625607779 ,                2
Degree       ,              10.0,   8924, CGG      ,                1539,                 1256,                283,      8919,                      2405,                    20.0,         18,           807,            3232,                       1777,                    54.98143564356436  , -628           ,   73.88773388773389 ,               18
Degree       ,              20.0,  17848, CSG-f1   ,                 849,                  676,                173,     17836,                      1853,                    20.0,         18,           807,            3232,                       1495,                    46.25618811881188  , -358           ,   80.67997841338371 ,                8
Degree       ,              20.0,  17848, CSG-f2   ,                1075,                  849,                226,     17802,                      1081,                    20.0,         18,           807,            3232,                        859,                    26.5779702970297   , -222           ,   79.46345975948196 ,                2
Degree       ,              20.0,  17848, CGG      ,                1982,                 1584,                398,     17817,                      3467,                    20.0,         18,           807,            3232,                       2494,                    77.16584158415841  , -973           ,   71.93539082780502 ,               22
Random       ,               1.0,    220, CSG-f1   ,                 146,                  115,                 31,       220,                       293,                    20.0,         19,           807,            3232,                        259,                     8.013613861386139 , -34            ,   88.39590443686008 ,                3
Random       ,               1.0,    220, CSG-f2   ,                 140,                  110,                 30,       219,                       224,                    20.0,         19,           807,            3232,                        198,                     6.126237623762377 , -26            ,   88.39285714285714 ,                2
Random       ,               1.0,    220, CGG      ,                 120,                   97,                 23,       220,                       588,                    20.0,         19,           807,            3232,                        420,                    12.995049504950495 , -168           ,   71.42857142857143 ,                6
Random       ,               2.0,    440, CSG-f1   ,                 252,                  200,                 52,       440,                       409,                    20.0,         19,           807,            3232,                        351,                    10.860148514851485 , -58            ,   85.81907090464547 ,                4
Random       ,               2.0,    440, CSG-f2   ,                 244,                  194,                 50,       438,                       366,                    20.0,         19,           807,            3232,                        310,                     9.591584158415841 , -56            ,   84.69945355191257 ,                4
Random       ,               2.0,    440, CGG      ,                 285,                  218,                 67,       440,                       882,                    20.0,         19,           807,            3232,                        595,                    18.409653465346533 , -287           ,   67.46031746031747 ,                6
Random       ,               5.0,   1100, CSG-f1   ,                 487,                  378,                109,      1099,                      1354,                    20.0,         19,           807,            3232,                       1026,                    31.745049504950494 , -328           ,   75.7754800590842  ,               23
Random       ,               5.0,   1100, CSG-f2   ,                 533,                  418,                115,      1099,                      1553,                    20.0,         19,           807,            3232,                        947,                    29.300742574257427 , -606           ,   60.97875080489376 ,               20
Random       ,               5.0,   1100, CGG      ,                 619,                  480,                139,      1099,                      2519,                    20.0,         19,           807,            3232,                       1363,                    42.1720297029703   , -1156          ,   54.10877332274712 ,               28
Random       ,              10.0,   2201, CSG-f1   ,                 869,                  682,                187,      2196,                      2883,                    20.0,         19,           807,            3232,                       2328,                    72.02970297029702  , -555           ,   80.74921956295526 ,               10
Random       ,              10.0,   2201, CSG-f2   ,                 979,                  772,                207,      2201,                      3095,                    20.0,         19,           807,            3232,                       2441,                    75.5259900990099   , -654           ,   78.8691437802908  ,               17
Random       ,              10.0,   2201, CGG      ,                 926,                  726,                200,      2011,                      4039,                    20.0,         19,           807,            3232,                       1924,                    59.52970297029702  , -2115          ,   47.63555335479079 ,               22
Random       ,              20.0,   4402, CSG-f1   ,                1495,                 1183,                312,      4399,                      4012,                    20.0,         19,           807,            3232,                       3197,                    98.91707920792079  , -815           ,   79.68594217347956 ,                5
Random       ,              20.0,   4402, CSG-f2   ,                1620,                 1283,                337,      4399,                      3963,                    20.0,         19,           807,            3232,                       3177,                    98.29826732673267  , -786           ,   80.16654049962149 ,                5
Random       ,              20.0,   4402, CGG      ,                 926,                  726,                200,      2011,                      4039,                    20.0,         19,           807,            3232,                       1924,                    59.52970297029702  , -2115          ,   47.63555335479079 ,               22
Degree       ,               1.0,    892, CSG-f1   ,                 117,                   97,                 20,       888,                       158,                    20.0,         19,           807,            3232,                        149,                     4.610148514851485 , -9             ,   94.30379746835443 ,                8
Degree       ,               1.0,    892, CSG-f2   ,                 209,                  173,                 36,       888,                       211,                    20.0,         19,           807,            3232,                        186,                     5.754950495049505 , -25            ,   88.15165876777252 ,                2
Degree       ,               1.0,    892, CGG      ,                 442,                  355,                 87,       891,                       555,                    20.0,         19,           807,            3232,                        415,                    12.840346534653465 , -140           ,   74.77477477477478 ,                2
Degree       ,               2.0,   1784, CSG-f1   ,                 177,                  142,                 35,      1766,                       368,                    20.0,         19,           807,            3232,                        314,                     9.715346534653465 , -54            ,   85.32608695652173 ,                6
Degree       ,               2.0,   1784, CSG-f2   ,                 261,                  220,                 41,      1781,                       264,                    20.0,         19,           807,            3232,                        235,                     7.2710396039603955, -29            ,   89.01515151515152 ,                2
Degree       ,               2.0,   1784, CGG      ,                 668,                  543,                125,      1783,                       899,                    20.0,         19,           807,            3232,                        639,                    19.771039603960396 , -260           ,   71.0789766407119  ,                3
Degree       ,               5.0,   4462, CSG-f1   ,                 287,                  224,                 63,      4462,                       480,                    20.0,         19,           807,            3232,                        400,                    12.376237623762377 , -80            ,   83.33333333333334 ,                6
Degree       ,               5.0,   4462, CSG-f2   ,                 408,                  332,                 76,      4426,                       412,                    20.0,         19,           807,            3232,                        348,                    10.767326732673267 , -64            ,   84.46601941747572 ,                2
Degree       ,               5.0,   4462, CGG      ,                1100,                  893,                207,      4456,                      1411,                    20.0,         19,           807,            3232,                       1048,                    32.42574257425743  , -363           ,   74.27356484762579 ,                6
Degree       ,              10.0,   8924, CSG-f1   ,                 448,                  356,                 92,      8910,                       650,                    20.0,         19,           807,            3232,                        540,                    16.707920792079207 , -110           ,   83.07692307692308 ,                6
Degree       ,              10.0,   8924, CSG-f2   ,                 613,                  501,                112,      8915,                       617,                    20.0,         19,           807,            3232,                        514,                    15.903465346534654 , -103           ,   83.3063209076175  ,                2
Degree       ,              10.0,   8924, CGG      ,                1539,                 1233,                306,      8919,                      2405,                    20.0,         19,           807,            3232,                       1687,                    52.19678217821782  , -718           ,   70.14553014553015 ,               14
Degree       ,              20.0,  17848, CSG-f1   ,                 849,                  668,                181,     17836,                      1853,                    20.0,         19,           807,            3232,                       1469,                    45.45173267326732  , -384           ,   79.27684835402052 ,                6
Degree       ,              20.0,  17848, CSG-f2   ,                1075,                  874,                201,     17802,                      1081,                    20.0,         19,           807,            3232,                        890,                    27.53712871287129  , -191           ,   82.33117483811286 ,                2
Degree       ,              20.0,  17848, CGG      ,                1982,                 1589,                393,     17817,                      3467,                    20.0,         19,           807,            3232,                       2406,                    74.4430693069307   , -1061          ,   69.39717334871646 ,               33
